profile,branch,eigenvalue,epsilon,theta,theta_over_pi,probability_density,mass
single_wall,chiral,-0.0100508982961,0.02,0.002,0.000636619772368,1.86738688152e-33,0.999998000001
single_wall,chiral,-0.0100508982961,0.02,0.00409312385163,0.00130288178735,6.5936252586e-33,0.99999162318
single_wall,chiral,-0.0100508982961,0.02,0.00618624770326,0.00196914380233,1.05301293383e-32,0.999980865231
single_wall,chiral,-0.0100508982961,0.02,0.00827937155488,0.00263540581731,1.82027333849e-32,0.999965726199
single_wall,chiral,-0.0100508982961,0.02,0.0103724954065,0.00330166783229,2.83660003116e-32,0.999946206152
single_wall,chiral,-0.0100508982961,0.02,0.0124656192581,0.00396792984727,5.16926453226e-32,0.999922305174
single_wall,chiral,-0.0100508982961,0.02,0.0145587431098,0.00463419186225,7.85948546194e-32,0.999894023371
single_wall,chiral,-0.0100508982961,0.02,0.0166518669614,0.00530045387723,9.42876885667e-32,0.999861360867
single_wall,chiral,-0.0100508982961,0.02,0.018744990813,0.00596671589221,1.45235727725e-31,0.999824317804
single_wall,chiral,-0.0100508982961,0.02,0.0208381146646,0.00663297790719,1.78887074275e-31,0.999782894345
single_wall,chiral,-0.0100508982961,0.02,0.0229312385163,0.00729923992217,2.28581852562e-31,0.999737090671
single_wall,chiral,-0.0100508982961,0.02,0.0250243623679,0.00796550193715,2.67650577479e-31,0.999686906983
single_wall,chiral,-0.0100508982961,0.02,0.0271174862195,0.00863176395213,2.94315892128e-31,0.999632343501
single_wall,chiral,-0.0100508982961,0.02,0.0292106100712,0.00929802596711,3.69356150678e-31,0.999573400464
single_wall,chiral,-0.0100508982961,0.02,0.0313037339228,0.00996428798209,3.71625490481e-31,0.99951007813
single_wall,chiral,-0.0100508982961,0.02,0.0333968577744,0.0106305499971,3.68244044694e-31,0.999442376777
single_wall,chiral,-0.0100508982961,0.02,0.035489981626,0.0112968120121,4.29042803841e-31,0.999370296701
single_wall,chiral,-0.0100508982961,0.02,0.0375831054777,0.011963074027,4.5870335581e-31,0.999293838218
single_wall,chiral,-0.0100508982961,0.02,0.0396762293293,0.012629336042,4.16835657616e-31,0.999213001663
single_wall,chiral,-0.0100508982961,0.02,0.0417693531809,0.013295598057,3.4076356173e-31,0.999127787389
single_wall,chiral,-0.0100508982961,0.02,0.0438624770326,0.013961860072,3.89147029683e-31,0.999038195772
single_wall,chiral,-0.0100508982961,0.02,0.0459556008842,0.014628122087,2.9484527136e-31,0.998944227202
single_wall,chiral,-0.0100508982961,0.02,0.0480487247358,0.0152943841019,2.9365790687e-31,0.998845882092
single_wall,chiral,-0.0100508982961,0.02,0.0501418485874,0.0159606461169,2.51020704223e-31,0.998743160872
single_wall,chiral,-0.0100508982961,0.02,0.0522349724391,0.0166269081319,1.65368736911e-31,0.998636063994
single_wall,chiral,-0.0100508982961,0.02,0.0543280962907,0.0172931701469,1.67142368572e-31,0.998524591924
single_wall,chiral,-0.0100508982961,0.02,0.0564212201423,0.0179594321619,1.45456880401e-31,0.998408745153
single_wall,chiral,-0.0100508982961,0.02,0.0585143439939,0.0186256941768,1.25556059107e-31,0.998288524188
single_wall,chiral,-0.0100508982961,0.02,0.0606074678456,0.0192919561918,1.51852816466e-31,0.998163929555
single_wall,chiral,-0.0100508982961,0.02,0.0627005916972,0.0199582182068,1.35627573638e-31,0.9980349618
single_wall,chiral,-0.0100508982961,0.02,0.0647937155488,0.0206244802218,1.51887202034e-31,0.997901621489
single_wall,chiral,-0.0100508982961,0.02,0.0668868394005,0.0212907422368,1.1569371526e-31,0.997763909205
single_wall,chiral,-0.0100508982961,0.02,0.0689799632521,0.0219570042517,1.4666684076e-31,0.997621825552
single_wall,chiral,-0.0100508982961,0.02,0.0710730871037,0.0226232662667,1.97349591772e-31,0.997475371152
single_wall,chiral,-0.0100508982961,0.02,0.0731662109553,0.0232895282817,1.37250120429e-31,0.997324546648
single_wall,chiral,-0.0100508982961,0.02,0.075259334807,0.0239557902967,1.98689657427e-31,0.997169352699
single_wall,chiral,-0.0100508982961,0.02,0.0773524586586,0.0246220523117,2.65037332355e-31,0.997009789985
single_wall,chiral,-0.0100508982961,0.02,0.0794455825102,0.0252883143266,2.2724748551e-31,0.996845859207
single_wall,chiral,-0.0100508982961,0.02,0.0815387063618,0.0259545763416,3.00892420744e-31,0.996677561081
single_wall,chiral,-0.0100508982961,0.02,0.0836318302135,0.0266208383566,3.1794835095e-31,0.996504896346
single_wall,chiral,-0.0100508982961,0.02,0.0857249540651,0.0272871003716,3.51615618279e-31,0.996327865757
single_wall,chiral,-0.0100508982961,0.02,0.0878180779167,0.0279533623866,3.05345204557e-31,0.996146470091
single_wall,chiral,-0.0100508982961,0.02,0.0899112017684,0.0286196244015,3.44845043504e-31,0.995960710142
single_wall,chiral,-0.0100508982961,0.02,0.09200432562,0.0292858864165,2.93326516453e-31,0.995770586723
single_wall,chiral,-0.0100508982961,0.02,0.0940974494716,0.0299521484315,3.35405276645e-31,0.995576100669
single_wall,chiral,-0.0100508982961,0.02,0.0961905733232,0.0306184104465,2.49562865206e-31,0.995377252831
single_wall,chiral,-0.0100508982961,0.02,0.0982836971749,0.0312846724615,2.60977892189e-31,0.99517404408
single_wall,chiral,-0.0100508982961,0.02,0.100376821026,0.0319509344764,1.99411432528e-31,0.994966475306
single_wall,chiral,-0.0100508982961,0.02,0.102469944878,0.0326171964914,1.66463428814e-31,0.994754547419
single_wall,chiral,-0.0100508982961,0.02,0.10456306873,0.0332834585064,1.06085827962e-31,0.994538261348
single_wall,chiral,-0.0100508982961,0.02,0.106656192581,0.0339497205214,1.16868403607e-31,0.994317618039
single_wall,chiral,-0.0100508982961,0.02,0.108749316433,0.0346159825364,8.83105957404e-32,0.99409261846
single_wall,chiral,-0.0100508982961,0.02,0.110842440285,0.0352822445513,5.98357435734e-32,0.993863263597
single_wall,chiral,-0.0100508982961,0.02,0.112935564136,0.0359485065663,6.37616775888e-32,0.993629554453
single_wall,chiral,-0.0100508982961,0.02,0.115028687988,0.0366147685813,5.89879369651e-32,0.993391492054
single_wall,chiral,-0.0100508982961,0.02,0.11712181184,0.0372810305963,2.11504908084e-32,0.993149077442
single_wall,chiral,-0.0100508982961,0.02,0.119214935691,0.0379472926113,4.44534147864e-32,0.992902311679
single_wall,chiral,-0.0100508982961,0.02,0.121308059543,0.0386135546262,3.20149168314e-32,0.992651195846
single_wall,chiral,-0.0100508982961,0.02,0.123401183394,0.0392798166412,3.73075758491e-32,0.992395731044
single_wall,chiral,-0.0100508982961,0.02,0.125494307246,0.0399460786562,3.1857865801e-32,0.992135918391
single_wall,chiral,-0.0100508982961,0.02,0.127587431098,0.0406123406712,5.53234321679e-32,0.991871759027
single_wall,chiral,-0.0100508982961,0.02,0.129680554949,0.0412786026862,8.91986372913e-32,0.991603254107
single_wall,chiral,-0.0100508982961,0.02,0.131773678801,0.0419448647011,6.08231567237e-32,0.99133040481
single_wall,chiral,-0.0100508982961,0.02,0.133866802653,0.0426111267161,1.10155758276e-31,0.991053212329
single_wall,chiral,-0.0100508982961,0.02,0.135959926504,0.0432773887311,6.81830603311e-32,0.99077167788
single_wall,chiral,-0.0100508982961,0.02,0.138053050356,0.0439436507461,8.4738331833e-32,0.990485802696
single_wall,chiral,-0.0100508982961,0.02,0.140146174207,0.0446099127611,1.47063629722e-31,0.99019558803
single_wall,chiral,-0.0100508982961,0.02,0.142239298059,0.045276174776,1.15708399637e-31,0.989901035152
single_wall,chiral,-0.0100508982961,0.02,0.144332421911,0.045942436791,8.26866170952e-32,0.989602145354
single_wall,chiral,-0.0100508982961,0.02,0.146425545762,0.046608698806,9.61555843401e-32,0.989298919944
single_wall,chiral,-0.0100508982961,0.02,0.148518669614,0.047274960821,9.394608288e-32,0.988991360252
single_wall,chiral,-0.0100508982961,0.02,0.150611793466,0.047941222836,5.83965796976e-32,0.988679467625
single_wall,chiral,-0.0100508982961,0.02,0.152704917317,0.0486074848509,2.787246258e-32,0.988363243429
single_wall,chiral,-0.0100508982961,0.02,0.154798041169,0.0492737468659,2.19580058309e-32,0.988042689049
single_wall,chiral,-0.0100508982961,0.02,0.15689116502,0.0499400088809,1.4037178537e-32,0.987717805891
single_wall,chiral,-0.0100508982961,0.02,0.158984288872,0.0506062708959,8.97072746639e-33,0.987388595377
single_wall,chiral,-0.0100508982961,0.02,0.161077412724,0.0512725329109,1.05177030674e-33,0.98705505895
single_wall,chiral,-0.0100508982961,0.02,0.163170536575,0.0519387949258,1.24579231787e-34,0.986717198071
single_wall,chiral,-0.0100508982961,0.02,0.165263660427,0.0526050569408,2.36870929391e-32,0.986375014221
single_wall,chiral,-0.0100508982961,0.02,0.167356784279,0.0532713189558,2.66327113662e-32,0.986028508898
single_wall,chiral,-0.0100508982961,0.02,0.16944990813,0.0539375809708,4.21362755868e-32,0.98567768362
single_wall,chiral,-0.0100508982961,0.02,0.171543031982,0.0546038429858,2.77790088394e-32,0.985322539925
single_wall,chiral,-0.0100508982961,0.02,0.173636155833,0.0552701050007,2.39007798756e-32,0.984963079369
single_wall,chiral,-0.0100508982961,0.02,0.175729279685,0.0559363670157,2.83376918547e-32,0.984599303526
single_wall,chiral,-0.0100508982961,0.02,0.177822403537,0.0566026290307,2.64605375537e-32,0.98423121399
single_wall,chiral,-0.0100508982961,0.02,0.179915527388,0.0572688910457,4.39272879852e-33,0.983858812374
single_wall,chiral,-0.0100508982961,0.02,0.18200865124,0.0579351530607,7.32411673496e-33,0.983482100309
single_wall,chiral,-0.0100508982961,0.02,0.184101775092,0.0586014150756,8.06167871226e-33,0.983101079446
single_wall,chiral,-0.0100508982961,0.02,0.186194898943,0.0592676770906,1.3413423555e-32,0.982715751454
single_wall,chiral,-0.0100508982961,0.02,0.188288022795,0.0599339391056,1.9690313356e-32,0.982326118021
single_wall,chiral,-0.0100508982961,0.02,0.190381146646,0.0606002011206,3.13381460736e-32,0.981932180855
single_wall,chiral,-0.0100508982961,0.02,0.192474270498,0.0612664631356,2.50454282253e-32,0.981533941681
single_wall,chiral,-0.0100508982961,0.02,0.19456739435,0.0619327251505,5.9030089503e-32,0.981131402244
single_wall,chiral,-0.0100508982961,0.02,0.196660518201,0.0625989871655,4.52214785849e-32,0.980724564308
single_wall,chiral,-0.0100508982961,0.02,0.198753642053,0.0632652491805,6.53303244529e-32,0.980313429655
single_wall,chiral,-0.0100508982961,0.02,0.200846765905,0.0639315111955,4.90438713324e-32,0.979898000086
single_wall,chiral,-0.0100508982961,0.02,0.202939889756,0.0645977732105,8.97871410287e-32,0.979478277421
single_wall,chiral,-0.0100508982961,0.02,0.205033013608,0.0652640352254,5.38847380794e-32,0.9790542635
single_wall,chiral,-0.0100508982961,0.02,0.20712613746,0.0659302972404,6.20566017205e-32,0.978625960179
single_wall,chiral,-0.0100508982961,0.02,0.209219261311,0.0665965592554,8.05526307922e-32,0.978193369336
single_wall,chiral,-0.0100508982961,0.02,0.211312385163,0.0672628212704,5.96617385779e-32,0.977756492865
single_wall,chiral,-0.0100508982961,0.02,0.213405509014,0.0679290832854,9.37335071943e-32,0.977315332681
single_wall,chiral,-0.0100508982961,0.02,0.215498632866,0.0685953453003,1.26730802339e-31,0.976869890717
single_wall,chiral,-0.0100508982961,0.02,0.217591756718,0.0692616073153,1.45208803041e-31,0.976420168923
single_wall,chiral,-0.0100508982961,0.02,0.219684880569,0.0699278693303,1.67226734738e-31,0.975966169271
single_wall,chiral,-0.0100508982961,0.02,0.221778004421,0.0705941313453,1.83526286709e-31,0.975507893749
single_wall,chiral,-0.0100508982961,0.02,0.223871128273,0.0712603933603,2.1147316056e-31,0.975045344365
single_wall,chiral,-0.0100508982961,0.02,0.225964252124,0.0719266553752,1.87190124842e-31,0.974578523146
single_wall,chiral,-0.0100508982961,0.02,0.228057375976,0.0725929173902,2.24786842725e-31,0.974107432136
single_wall,chiral,-0.0100508982961,0.02,0.230150499827,0.0732591794052,1.72824142165e-31,0.973632073401
single_wall,chiral,-0.0100508982961,0.02,0.232243623679,0.0739254414202,2.28471618461e-31,0.973152449022
single_wall,chiral,-0.0100508982961,0.02,0.234336747531,0.0745917034352,2.07877575811e-31,0.9726685611
single_wall,chiral,-0.0100508982961,0.02,0.236429871382,0.0752579654501,1.91892909185e-31,0.972180411756
single_wall,chiral,-0.0100508982961,0.02,0.238522995234,0.0759242274651,9.92977254682e-32,0.971688003129
single_wall,chiral,-0.0100508982961,0.02,0.240616119086,0.0765904894801,1.17794289175e-31,0.971191337375
single_wall,chiral,-0.0100508982961,0.02,0.242709242937,0.0772567514951,1.02914787506e-31,0.970690416671
single_wall,chiral,-0.0100508982961,0.02,0.244802366789,0.0779230135101,4.09734881649e-32,0.970185243211
single_wall,chiral,-0.0100508982961,0.02,0.24689549064,0.078589275525,1.01287091644e-31,0.969675819209
single_wall,chiral,-0.0100508982961,0.02,0.248988614492,0.07925553754,7.82636480584e-32,0.969162146896
single_wall,chiral,-0.0100508982961,0.02,0.251081738344,0.079921799555,6.22288719208e-32,0.968644228524
single_wall,chiral,-0.0100508982961,0.02,0.253174862195,0.08058806157,9.94748757335e-32,0.96812206636
single_wall,chiral,-0.0100508982961,0.02,0.255267986047,0.081254323585,9.83406663929e-32,0.967595662692
single_wall,chiral,-0.0100508982961,0.02,0.257361109899,0.0819205855999,1.48217773681e-31,0.967065019828
single_wall,chiral,-0.0100508982961,0.02,0.25945423375,0.0825868476149,1.26502746204e-31,0.966530140091
single_wall,chiral,-0.0100508982961,0.02,0.261547357602,0.0832531096299,1.75888048469e-31,0.965991025826
single_wall,chiral,-0.0100508982961,0.02,0.263640481453,0.0839193716449,1.23450578711e-31,0.965447679394
single_wall,chiral,-0.0100508982961,0.02,0.265733605305,0.0845856336599,1.23884455868e-31,0.964900103175
single_wall,chiral,-0.0100508982961,0.02,0.267826729157,0.0852518956748,1.85255931846e-31,0.964348299569
single_wall,chiral,-0.0100508982961,0.02,0.269919853008,0.0859181576898,1.9136890273e-31,0.963792270993
single_wall,chiral,-0.0100508982961,0.02,0.27201297686,0.0865844197048,1.97613968259e-31,0.963232019883
single_wall,chiral,-0.0100508982961,0.02,0.274106100712,0.0872506817198,2.31902869507e-31,0.962667548694
single_wall,chiral,-0.0100508982961,0.02,0.276199224563,0.0879169437348,1.95289186213e-31,0.962098859899
single_wall,chiral,-0.0100508982961,0.02,0.278292348415,0.0885832057497,1.82791391647e-31,0.961525955989
single_wall,chiral,-0.0100508982961,0.02,0.280385472266,0.0892494677647,2.45653327258e-31,0.960948839474
single_wall,chiral,-0.0100508982961,0.02,0.282478596118,0.0899157297797,2.78802100172e-31,0.960367512883
single_wall,chiral,-0.0100508982961,0.02,0.28457171997,0.0905819917947,3.33703425477e-31,0.959781978763
single_wall,chiral,-0.0100508982961,0.02,0.286664843821,0.0912482538097,2.65962659371e-31,0.959192239679
single_wall,chiral,-0.0100508982961,0.02,0.288757967673,0.0919145158246,3.55667021726e-31,0.958598298214
single_wall,chiral,-0.0100508982961,0.02,0.290851091525,0.0925807778396,4.16230160005e-31,0.958000156972
single_wall,chiral,-0.0100508982961,0.02,0.292944215376,0.0932470398546,5.43606768962e-31,0.957397818571
single_wall,chiral,-0.0100508982961,0.02,0.295037339228,0.0939133018696,7.04178515825e-31,0.956791285653
single_wall,chiral,-0.0100508982961,0.02,0.297130463079,0.0945795638846,7.82330954142e-31,0.956180560872
single_wall,chiral,-0.0100508982961,0.02,0.299223586931,0.0952458258996,1.08716807519e-30,0.955565646906
single_wall,chiral,-0.0100508982961,0.02,0.301316710783,0.0959120879145,1.37161731457e-30,0.954946546449
single_wall,chiral,-0.0100508982961,0.02,0.303409834634,0.0965783499295,1.80550710405e-30,0.954323262212
single_wall,chiral,-0.0100508982961,0.02,0.305502958486,0.0972446119445,2.18431894637e-30,0.953695796927
single_wall,chiral,-0.0100508982961,0.02,0.307596082338,0.0979108739595,2.74630674463e-30,0.953064153343
single_wall,chiral,-0.0100508982961,0.02,0.309689206189,0.0985771359745,3.45479046296e-30,0.952428334226
single_wall,chiral,-0.0100508982961,0.02,0.311782330041,0.0992433979894,3.9524673849e-30,0.951788342363
single_wall,chiral,-0.0100508982961,0.02,0.313875453893,0.0999096600044,4.97761615308e-30,0.951144180557
single_wall,chiral,-0.0100508982961,0.02,0.315968577744,0.100575922019,5.76042040073e-30,0.950495851631
single_wall,chiral,-0.0100508982961,0.02,0.318061701596,0.101242184034,6.80396134007e-30,0.949843358425
single_wall,chiral,-0.0100508982961,0.02,0.320154825447,0.101908446049,7.98502944249e-30,0.949186703797
single_wall,chiral,-0.0100508982961,0.02,0.322247949299,0.102574708064,9.79810459855e-30,0.948525890625
single_wall,chiral,-0.0100508982961,0.02,0.324341073151,0.103240970079,1.09921328901e-29,0.947860921804
single_wall,chiral,-0.0100508982961,0.02,0.326434197002,0.103907232094,1.33022329461e-29,0.947191800247
single_wall,chiral,-0.0100508982961,0.02,0.328527320854,0.104573494109,1.49531181048e-29,0.946518528886
single_wall,chiral,-0.0100508982961,0.02,0.330620444706,0.105239756124,1.78232517696e-29,0.94584111067
single_wall,chiral,-0.0100508982961,0.02,0.332713568557,0.105906018139,2.15575765191e-29,0.945159548567
single_wall,chiral,-0.0100508982961,0.02,0.334806692409,0.106572280154,2.61046064177e-29,0.944473845563
single_wall,chiral,-0.0100508982961,0.02,0.33689981626,0.107238542169,3.22178480923e-29,0.943784004663
single_wall,chiral,-0.0100508982961,0.02,0.338992940112,0.107904804184,3.84022560964e-29,0.943090028889
single_wall,chiral,-0.0100508982961,0.02,0.341086063964,0.108571066199,4.73890138593e-29,0.94239192128
single_wall,chiral,-0.0100508982961,0.02,0.343179187815,0.109237328214,5.78343170769e-29,0.941689684897
single_wall,chiral,-0.0100508982961,0.02,0.345272311667,0.109903590229,7.04484626429e-29,0.940983322815
single_wall,chiral,-0.0100508982961,0.02,0.347365435519,0.110569852244,8.66121258891e-29,0.940272838128
single_wall,chiral,-0.0100508982961,0.02,0.34945855937,0.111236114259,1.05864193588e-28,0.939558233951
single_wall,chiral,-0.0100508982961,0.02,0.351551683222,0.111902376274,1.30454593065e-28,0.938839513413
single_wall,chiral,-0.0100508982961,0.02,0.353644807073,0.112568638289,1.60411608094e-28,0.938116679663
single_wall,chiral,-0.0100508982961,0.02,0.355737930925,0.113234900304,1.96312436033e-28,0.937389735869
single_wall,chiral,-0.0100508982961,0.02,0.357831054777,0.113901162319,2.41100208388e-28,0.936658685215
single_wall,chiral,-0.0100508982961,0.02,0.359924178628,0.114567424334,2.91522017981e-28,0.935923530903
single_wall,chiral,-0.0100508982961,0.02,0.36201730248,0.115233686349,3.57404994438e-28,0.935184276156
single_wall,chiral,-0.0100508982961,0.02,0.364110426332,0.115899948364,4.35018658465e-28,0.934440924211
single_wall,chiral,-0.0100508982961,0.02,0.366203550183,0.116566210379,5.28563528833e-28,0.933693478325
single_wall,chiral,-0.0100508982961,0.02,0.368296674035,0.117232472394,6.43574268421e-28,0.932941941774
single_wall,chiral,-0.0100508982961,0.02,0.370389797886,0.117898734409,7.85870161393e-28,0.932186317848
single_wall,chiral,-0.0100508982961,0.02,0.372482921738,0.118564996424,9.55401479919e-28,0.931426609861
single_wall,chiral,-0.0100508982961,0.02,0.37457604559,0.119231258439,1.15208066879e-27,0.930662821138
single_wall,chiral,-0.0100508982961,0.02,0.376669169441,0.119897520454,1.40213716471e-27,0.929894955028
single_wall,chiral,-0.0100508982961,0.02,0.378762293293,0.120563782469,1.69451492866e-27,0.929123014893
single_wall,chiral,-0.0100508982961,0.02,0.380855417145,0.121230044484,2.05703320213e-27,0.928347004117
single_wall,chiral,-0.0100508982961,0.02,0.382948540996,0.121896306499,2.48581048736e-27,0.927566926098
single_wall,chiral,-0.0100508982961,0.02,0.385041664848,0.122562568514,3.01745573171e-27,0.926782784254
single_wall,chiral,-0.0100508982961,0.02,0.387134788699,0.123228830529,3.65690284149e-27,0.925994582022
single_wall,chiral,-0.0100508982961,0.02,0.389227912551,0.123895092544,4.44413729255e-27,0.925202322854
single_wall,chiral,-0.0100508982961,0.02,0.391321036403,0.124561354559,5.38665926751e-27,0.924406010221
single_wall,chiral,-0.0100508982961,0.02,0.393414160254,0.125227616574,6.52033447698e-27,0.923605647611
single_wall,chiral,-0.0100508982961,0.02,0.395507284106,0.125893878589,7.91048023474e-27,0.922801238533
single_wall,chiral,-0.0100508982961,0.02,0.397600407958,0.126560140604,9.59612010279e-27,0.921992786509
single_wall,chiral,-0.0100508982961,0.02,0.399693531809,0.127226402619,1.16461257267e-26,0.921180295082
single_wall,chiral,-0.0100508982961,0.02,0.401786655661,0.127892664634,1.41179433091e-26,0.920363767811
single_wall,chiral,-0.0100508982961,0.02,0.403879779513,0.128558926649,1.71353432222e-26,0.919543208273
single_wall,chiral,-0.0100508982961,0.02,0.405972903364,0.129225188664,2.07785222366e-26,0.918718620065
single_wall,chiral,-0.0100508982961,0.02,0.408066027216,0.129891450679,2.5205919538e-26,0.917890006798
single_wall,chiral,-0.0100508982961,0.02,0.410159151067,0.130557712693,3.057819735e-26,0.917057372102
single_wall,chiral,-0.0100508982961,0.02,0.412252274919,0.131223974708,3.70217136884e-26,0.916220719626
single_wall,chiral,-0.0100508982961,0.02,0.414345398771,0.131890236723,4.48968388894e-26,0.915380053035
single_wall,chiral,-0.0100508982961,0.02,0.416438522622,0.132556498738,5.43915859625e-26,0.914535376012
single_wall,chiral,-0.0100508982961,0.02,0.418531646474,0.133222760753,6.58398965693e-26,0.913686692258
single_wall,chiral,-0.0100508982961,0.02,0.420624770326,0.133889022768,7.97625777669e-26,0.912834005491
single_wall,chiral,-0.0100508982961,0.02,0.422717894177,0.134555284783,9.65975000995e-26,0.911977319447
single_wall,chiral,-0.0100508982961,0.02,0.424811018029,0.135221546798,1.16871260403e-25,0.911116637879
single_wall,chiral,-0.0100508982961,0.02,0.42690414188,0.135887808813,1.41389021528e-25,0.910251964558
single_wall,chiral,-0.0100508982961,0.02,0.428997265732,0.136554070828,1.71035606999e-25,0.909383303272
single_wall,chiral,-0.0100508982961,0.02,0.431090389584,0.137220332843,2.0685465652e-25,0.908510657827
single_wall,chiral,-0.0100508982961,0.02,0.433183513435,0.137886594858,2.50169686121e-25,0.907634032046
single_wall,chiral,-0.0100508982961,0.02,0.435276637287,0.138552856873,3.02451384107e-25,0.90675342977
single_wall,chiral,-0.0100508982961,0.02,0.437369761139,0.139219118888,3.65594418957e-25,0.905868854857
single_wall,chiral,-0.0100508982961,0.02,0.43946288499,0.139885380903,4.41805404784e-25,0.904980311182
single_wall,chiral,-0.0100508982961,0.02,0.441556008842,0.140551642918,5.3390716898e-25,0.904087802638
single_wall,chiral,-0.0100508982961,0.02,0.443649132693,0.141217904933,6.45063240455e-25,0.903191333136
single_wall,chiral,-0.0100508982961,0.02,0.445742256545,0.141884166948,7.79143719636e-25,0.902290906602
single_wall,chiral,-0.0100508982961,0.02,0.447835380397,0.142550428963,9.40995909575e-25,0.901386526983
single_wall,chiral,-0.0100508982961,0.02,0.449928504248,0.143216690978,1.13628396973e-24,0.900478198239
single_wall,chiral,-0.0100508982961,0.02,0.4520216281,0.143882952993,1.37172632509e-24,0.899565924351
single_wall,chiral,-0.0100508982961,0.02,0.454114751952,0.144549215008,1.65609717403e-24,0.898649709316
single_wall,chiral,-0.0100508982961,0.02,0.456207875803,0.145215477023,1.99865838078e-24,0.897729557147
single_wall,chiral,-0.0100508982961,0.02,0.458300999655,0.145881739038,2.41186926381e-24,0.896805471876
single_wall,chiral,-0.0100508982961,0.02,0.460394123506,0.146548001053,2.90982394335e-24,0.895877457552
single_wall,chiral,-0.0100508982961,0.02,0.462487247358,0.147214263068,3.5100035158e-24,0.89494551824
single_wall,chiral,-0.0100508982961,0.02,0.46458037121,0.147880525083,4.23321103039e-24,0.894009658023
single_wall,chiral,-0.0100508982961,0.02,0.466673495061,0.148546787098,5.10384162495e-24,0.893069881002
single_wall,chiral,-0.0100508982961,0.02,0.468766618913,0.149213049113,6.15284020772e-24,0.892126191293
single_wall,chiral,-0.0100508982961,0.02,0.470859742765,0.149879311128,7.41572822418e-24,0.891178593032
single_wall,chiral,-0.0100508982961,0.02,0.472952866616,0.150545573143,8.93639137977e-24,0.890227090369
single_wall,chiral,-0.0100508982961,0.02,0.475045990468,0.151211835158,1.07663598606e-23,0.889271687474
single_wall,chiral,-0.0100508982961,0.02,0.477139114319,0.151878097173,1.29688407383e-23,0.888312388532
single_wall,chiral,-0.0100508982961,0.02,0.479232238171,0.152544359188,1.56176697369e-23,0.887349197746
single_wall,chiral,-0.0100508982961,0.02,0.481325362023,0.153210621203,1.8803936511e-23,0.886382119336
single_wall,chiral,-0.0100508982961,0.02,0.483418485874,0.153876883218,2.26366401347e-23,0.885411157539
single_wall,chiral,-0.0100508982961,0.02,0.485511609726,0.154543145233,2.72425452072e-23,0.884436316609
single_wall,chiral,-0.0100508982961,0.02,0.487604733578,0.155209407248,3.27806034185e-23,0.883457600816
single_wall,chiral,-0.0100508982961,0.02,0.489697857429,0.155875669263,3.9436471957e-23,0.88247501445
single_wall,chiral,-0.0100508982961,0.02,0.491790981281,0.156541931278,4.74345579256e-23,0.881488561814
single_wall,chiral,-0.0100508982961,0.02,0.493884105132,0.157208193293,5.70406273094e-23,0.88049824723
single_wall,chiral,-0.0100508982961,0.02,0.495977228984,0.157874455308,6.8580360432e-23,0.879504075037
single_wall,chiral,-0.0100508982961,0.02,0.498070352836,0.158540717323,8.2436209407e-23,0.878506049592
single_wall,chiral,-0.0100508982961,0.02,0.500163476687,0.159206979338,9.90702036056e-23,0.877504175265
single_wall,chiral,-0.0100508982961,0.02,0.502256600539,0.159873241353,1.19035061845e-22,0.876498456448
single_wall,chiral,-0.0100508982961,0.02,0.504349724391,0.160539503368,1.42996577563e-22,0.875488897545
single_wall,chiral,-0.0100508982961,0.02,0.506442848242,0.161205765383,1.71745105936e-22,0.87447550298
single_wall,chiral,-0.0100508982961,0.02,0.508535972094,0.161872027398,2.06225756192e-22,0.873458277193
single_wall,chiral,-0.0100508982961,0.02,0.510629095946,0.162538289413,2.47579411878e-22,0.87243722464
single_wall,chiral,-0.0100508982961,0.02,0.512722219797,0.163204551428,2.97162329672e-22,0.871412349795
single_wall,chiral,-0.0100508982961,0.02,0.514815343649,0.163870813443,3.56599353254e-22,0.870383657148
single_wall,chiral,-0.0100508982961,0.02,0.5169084675,0.164537075457,4.27830224762e-22,0.869351151206
single_wall,chiral,-0.0100508982961,0.02,0.519001591352,0.165203337472,5.13175048246e-22,0.868314836492
single_wall,chiral,-0.0100508982961,0.02,0.521094715204,0.165869599487,6.15419807939e-22,0.867274717547
single_wall,chiral,-0.0100508982961,0.02,0.523187839055,0.166535861502,7.37869956816e-22,0.866230798928
single_wall,chiral,-0.0100508982961,0.02,0.525280962907,0.167202123517,8.84482610025e-22,0.865183085208
single_wall,chiral,-0.0100508982961,0.02,0.527374086759,0.167868385532,1.06000547603e-21,0.864131580977
single_wall,chiral,-0.0100508982961,0.02,0.52946721061,0.168534647547,1.27007199796e-21,0.863076290842
single_wall,chiral,-0.0100508982961,0.02,0.531560334462,0.169200909562,1.52142962427e-21,0.862017219427
single_wall,chiral,-0.0100508982961,0.02,0.533653458313,0.169867171577,1.82213366583e-21,0.860954371372
single_wall,chiral,-0.0100508982961,0.02,0.535746582165,0.170533433592,2.18178068394e-21,0.859887751333
single_wall,chiral,-0.0100508982961,0.02,0.537839706017,0.171199695607,2.61182317238e-21,0.858817363983
single_wall,chiral,-0.0100508982961,0.02,0.539932829868,0.171865957622,3.12592012164e-21,0.857743214011
single_wall,chiral,-0.0100508982961,0.02,0.54202595372,0.172532219637,3.74037770239e-21,0.856665306124
single_wall,chiral,-0.0100508982961,0.02,0.544119077572,0.173198481652,4.47461753805e-21,0.855583645045
single_wall,chiral,-0.0100508982961,0.02,0.546212201423,0.173864743667,5.3517509038e-21,0.854498235512
single_wall,chiral,-0.0100508982961,0.02,0.548305325275,0.174531005682,6.39936264917e-21,0.85340908228
single_wall,chiral,-0.0100508982961,0.02,0.550398449126,0.175197267697,7.6503161017e-21,0.852316190121
single_wall,chiral,-0.0100508982961,0.02,0.552491572978,0.175863529712,9.14369712308e-21,0.851219563824
single_wall,chiral,-0.0100508982961,0.02,0.55458469683,0.176529791727,1.09260878046e-20,0.850119208193
single_wall,chiral,-0.0100508982961,0.02,0.556677820681,0.177196053742,1.30529001215e-20,0.849015128048
single_wall,chiral,-0.0100508982961,0.02,0.558770944533,0.177862315757,1.55900889602e-20,0.847907328228
single_wall,chiral,-0.0100508982961,0.02,0.560864068385,0.178528577772,1.86161263646e-20,0.846795813584
single_wall,chiral,-0.0100508982961,0.02,0.562957192236,0.179194839787,2.22243567173e-20,0.845680588988
single_wall,chiral,-0.0100508982961,0.02,0.565050316088,0.179861101802,2.65257171407e-20,0.844561659325
single_wall,chiral,-0.0100508982961,0.02,0.567143439939,0.180527363817,3.16521598245e-20,0.843439029497
single_wall,chiral,-0.0100508982961,0.02,0.569236563791,0.181193625832,3.77604019114e-20,0.842312704423
single_wall,chiral,-0.0100508982961,0.02,0.571329687643,0.181859887847,4.50368388098e-20,0.841182689037
single_wall,chiral,-0.0100508982961,0.02,0.573422811494,0.182526149862,5.37026962845e-20,0.840048988291
single_wall,chiral,-0.0100508982961,0.02,0.575515935346,0.183192411877,6.40207390789e-20,0.83891160715
single_wall,chiral,-0.0100508982961,0.02,0.577609059198,0.183858673892,7.63030257765e-20,0.837770550599
single_wall,chiral,-0.0100508982961,0.02,0.579702183049,0.184524935907,9.09199815999e-20,0.836625823636
single_wall,chiral,-0.0100508982961,0.02,0.581795306901,0.185191197922,1.08310846853e-19,0.835477431276
single_wall,chiral,-0.0100508982961,0.02,0.583888430752,0.185857459937,1.28997017768e-19,0.834325378551
single_wall,chiral,-0.0100508982961,0.02,0.585981554604,0.186523721952,1.53597058414e-19,0.833169670508
single_wall,chiral,-0.0100508982961,0.02,0.588074678456,0.187189983967,1.82844054543e-19,0.832010312211
single_wall,chiral,-0.0100508982961,0.02,0.590167802307,0.187856245982,2.17606891555e-19,0.830847308739
single_wall,chiral,-0.0100508982961,0.02,0.592260926159,0.188522507997,2.58915937104e-19,0.829680665186
single_wall,chiral,-0.0100508982961,0.02,0.594354050011,0.189188770012,3.07991410228e-19,0.828510386665
single_wall,chiral,-0.0100508982961,0.02,0.596447173862,0.189855032027,3.66278634978e-19,0.827336478303
single_wall,chiral,-0.0100508982961,0.02,0.598540297714,0.190521294042,4.35489516592e-19,0.826158945242
single_wall,chiral,-0.0100508982961,0.02,0.600633421565,0.191187556057,5.17650177774e-19,0.824977792642
single_wall,chiral,-0.0100508982961,0.02,0.602726545417,0.191853818072,6.15159249985e-19,0.823793025678
single_wall,chiral,-0.0100508982961,0.02,0.604819669269,0.192520080087,7.30854388894e-19,0.822604649539
single_wall,chiral,-0.0100508982961,0.02,0.60691279312,0.193186342102,8.68092068697e-19,0.821412669434
single_wall,chiral,-0.0100508982961,0.02,0.609005916972,0.193852604117,1.03084197675e-18,0.820217090583
single_wall,chiral,-0.0100508982961,0.02,0.611099040824,0.194518866132,1.22379733655e-18,0.819017918224
single_wall,chiral,-0.0100508982961,0.02,0.613192164675,0.195185128147,1.45250523871e-18,0.817815157613
single_wall,chiral,-0.0100508982961,0.02,0.615285288527,0.195851390162,1.72351987316e-18,0.816608814018
single_wall,chiral,-0.0100508982961,0.02,0.617378412379,0.196517652177,2.04458409822e-18,0.815398892724
single_wall,chiral,-0.0100508982961,0.02,0.61947153623,0.197183914192,2.42484191813e-18,0.814185399032
single_wall,chiral,-0.0100508982961,0.02,0.621564660082,0.197850176206,2.87508944612e-18,0.812968338259
single_wall,chiral,-0.0100508982961,0.02,0.623657783933,0.198516438221,3.40806916047e-18,0.811747715737
single_wall,chiral,-0.0100508982961,0.02,0.625750907785,0.199182700236,4.0388176054e-18,0.810523536813
single_wall,chiral,-0.0100508982961,0.02,0.627844031637,0.199848962251,4.78507320178e-18,0.809295806852
single_wall,chiral,-0.0100508982961,0.02,0.629937155488,0.200515224266,5.66775490698e-18,0.808064531231
single_wall,chiral,-0.0100508982961,0.02,0.63203027934,0.201181486281,6.71152746264e-18,0.806829715346
single_wall,chiral,-0.0100508982961,0.02,0.634123403192,0.201847748296,7.94546279853e-18,0.805591364605
single_wall,chiral,-0.0100508982961,0.02,0.636216527043,0.202514010311,9.40381827314e-18,0.804349484436
single_wall,chiral,-0.0100508982961,0.02,0.638309650895,0.203180272326,1.1126949765e-17,0.803104080278
single_wall,chiral,-0.0100508982961,0.02,0.640402774746,0.203846534341,1.31623847449e-17,0.801855157587
single_wall,chiral,-0.0100508982961,0.02,0.642495898598,0.204512796356,1.55660796391e-17,0.800602721837
single_wall,chiral,-0.0100508982961,0.02,0.64458902245,0.205179058371,1.8403899192e-17,0.799346778513
single_wall,chiral,-0.0100508982961,0.02,0.646682146301,0.205845320386,2.17533440674e-17,0.798087333118
single_wall,chiral,-0.0100508982961,0.02,0.648775270153,0.206511582401,2.57055853847e-17,0.79682439117
single_wall,chiral,-0.0100508982961,0.02,0.650868394005,0.207177844416,3.03678429838e-17,0.795557958202
single_wall,chiral,-0.0100508982961,0.02,0.652961517856,0.207844106431,3.58661704092e-17,0.794288039763
single_wall,chiral,-0.0100508982961,0.02,0.655054641708,0.208510368446,4.23487318019e-17,0.793014641416
single_wall,chiral,-0.0100508982961,0.02,0.657147765559,0.209176630461,4.9989620269e-17,0.791737768741
single_wall,chiral,-0.0100508982961,0.02,0.659240889411,0.209842892476,5.89933374604e-17,0.790457427331
single_wall,chiral,-0.0100508982961,0.02,0.661334013263,0.210509154491,6.96000367824e-17,0.789173622796
single_wall,chiral,-0.0100508982961,0.02,0.663427137114,0.211175416506,8.20916638906e-17,0.787886360761
single_wall,chiral,-0.0100508982961,0.02,0.665520260966,0.211841678521,9.67991165386e-17,0.786595646865
single_wall,chiral,-0.0100508982961,0.02,0.667613384818,0.212507940536,1.14110653782e-16,0.785301486762
single_wall,chiral,-0.0100508982961,0.02,0.669706508669,0.213174202551,1.34481677235e-16,0.784003886124
single_wall,chiral,-0.0100508982961,0.02,0.671799632521,0.213840464566,1.58446215209e-16,0.782702850634
single_wall,chiral,-0.0100508982961,0.02,0.673892756372,0.214506726581,1.86630292297e-16,0.781398385994
single_wall,chiral,-0.0100508982961,0.02,0.675985880224,0.215172988596,2.1976756605e-16,0.780090497918
single_wall,chiral,-0.0100508982961,0.02,0.678079004076,0.215839250611,2.58717587829e-16,0.778779192136
single_wall,chiral,-0.0100508982961,0.02,0.680172127927,0.216505512626,3.04487094407e-16,0.777464474393
single_wall,chiral,-0.0100508982961,0.02,0.682265251779,0.217171774641,3.58254863381e-16,0.776146350449
single_wall,chiral,-0.0100508982961,0.02,0.684358375631,0.217838036656,4.21400709169e-16,0.774824826079
single_wall,chiral,-0.0100508982961,0.02,0.686451499482,0.218504298671,4.95539278234e-16,0.773499907073
single_wall,chiral,-0.0100508982961,0.02,0.688544623334,0.219170560686,5.82559450292e-16,0.772171599236
single_wall,chiral,-0.0100508982961,0.02,0.690637747185,0.219836822701,6.84670249544e-16,0.770839908387
single_wall,chiral,-0.0100508982961,0.02,0.692730871037,0.220503084716,8.04454328347e-16,0.769504840361
single_wall,chiral,-0.0100508982961,0.02,0.694823994889,0.221169346731,9.44930262621e-16,0.768166401006
single_wall,chiral,-0.0100508982961,0.02,0.69691711874,0.221835608746,1.10962501738e-15,0.766824596186
single_wall,chiral,-0.0100508982961,0.02,0.699010242592,0.222501870761,1.30265837794e-15,0.765479431781
single_wall,chiral,-0.0100508982961,0.02,0.701103366444,0.223168132776,1.52884108369e-15,0.764130913684
single_wall,chiral,-0.0100508982961,0.02,0.703196490295,0.223834394791,1.79378900173e-15,0.762779047803
single_wall,chiral,-0.0100508982961,0.02,0.705289614147,0.224500656806,2.10405588071e-15,0.761423840059
single_wall,chiral,-0.0100508982961,0.02,0.707382737999,0.225166918821,2.46728764592e-15,0.760065296392
single_wall,chiral,-0.0100508982961,0.02,0.70947586185,0.225833180836,2.89240161629e-15,0.758703422753
single_wall,chiral,-0.0100508982961,0.02,0.711568985702,0.226499442851,3.38979473022e-15,0.757338225108
single_wall,chiral,-0.0100508982961,0.02,0.713662109553,0.227165704866,3.97158535364e-15,0.755969709439
single_wall,chiral,-0.0100508982961,0.02,0.715755233405,0.227831966881,4.65189379736e-15,0.754597881741
single_wall,chiral,-0.0100508982961,0.02,0.717848357257,0.228498228896,5.44716806496e-15,0.753222748024
single_wall,chiral,-0.0100508982961,0.02,0.719941481108,0.229164490911,6.37656149415e-15,0.751844314314
single_wall,chiral,-0.0100508982961,0.02,0.72203460496,0.229830752926,7.46237073747e-15,0.750462586649
single_wall,chiral,-0.0100508982961,0.02,0.724127728812,0.230497014941,8.73054362307e-15,0.749077571083
single_wall,chiral,-0.0100508982961,0.02,0.726220852663,0.231163276956,1.02112673613e-14,0.747689273684
single_wall,chiral,-0.0100508982961,0.02,0.728313976515,0.23182953897,1.1939650318e-14,0.746297700534
single_wall,chiral,-0.0100508982961,0.02,0.730407100366,0.232495800985,1.39565112132e-14,0.74490285773
single_wall,chiral,-0.0100508982961,0.02,0.732500224218,0.233162063,1.63092930302e-14,0.743504751384
single_wall,chiral,-0.0100508982961,0.02,0.73459334807,0.233828325015,1.90531204106e-14,0.742103387619
single_wall,chiral,-0.0100508982961,0.02,0.736686471921,0.23449458703,2.22520231233e-14,0.740698772577
single_wall,chiral,-0.0100508982961,0.02,0.738779595773,0.235160849045,2.59803507982e-14,0.73929091241
single_wall,chiral,-0.0100508982961,0.02,0.740872719625,0.23582711106,3.03244089241e-14,0.737879813288
single_wall,chiral,-0.0100508982961,0.02,0.742965843476,0.236493373075,3.5384348915e-14,0.736465481391
single_wall,chiral,-0.0100508982961,0.02,0.745058967328,0.23715963509,4.12763523445e-14,0.735047922917
single_wall,chiral,-0.0100508982961,0.02,0.747152091179,0.237825897105,4.81351531688e-14,0.733627144077
single_wall,chiral,-0.0100508982961,0.02,0.749245215031,0.23849215912,5.61169498788e-14,0.732203151094
single_wall,chiral,-0.0100508982961,0.02,0.751338338883,0.239158421135,6.54027665861e-14,0.730775950207
single_wall,chiral,-0.0100508982961,0.02,0.753431462734,0.23982468315,7.62023301491e-14,0.72934554767
single_wall,chiral,-0.0100508982961,0.02,0.755524586586,0.240490945165,8.87585428754e-14,0.727911949749
single_wall,chiral,-0.0100508982961,0.02,0.757617710438,0.24115720718,1.03352637963e-13,0.726475162725
single_wall,chiral,-0.0100508982961,0.02,0.759710834289,0.241823469195,1.20310122653e-13,0.725035192893
single_wall,chiral,-0.0100508982961,0.02,0.761803958141,0.24248973121,1.4000762397e-13,0.723592046562
single_wall,chiral,-0.0100508982961,0.02,0.763897081992,0.243155993225,1.62880774382e-13,0.722145730054
single_wall,chiral,-0.0100508982961,0.02,0.765990205844,0.24382225524,1.89433290165e-13,0.720696249705
single_wall,chiral,-0.0100508982961,0.02,0.768083329696,0.244488517255,2.20247419549e-13,0.719243611867
single_wall,chiral,-0.0100508982961,0.02,0.770176453547,0.24515477927,2.55995964315e-13,0.717787822903
single_wall,chiral,-0.0100508982961,0.02,0.772269577399,0.245821041285,2.97456104778e-13,0.716328889192
single_wall,chiral,-0.0100508982961,0.02,0.774362701251,0.2464873033,3.45525294965e-13,0.714866817125
single_wall,chiral,-0.0100508982961,0.02,0.776455825102,0.247153565315,4.01239530858e-13,0.713401613107
single_wall,chiral,-0.0100508982961,0.02,0.778548948954,0.24781982733,4.65794338254e-13,0.71193328356
single_wall,chiral,-0.0100508982961,0.02,0.780642072805,0.248486089345,5.40568875451e-13,0.710461834914
single_wall,chiral,-0.0100508982961,0.02,0.782735196657,0.24915235136,6.27153608004e-13,0.708987273617
single_wall,chiral,-0.0100508982961,0.02,0.784828320509,0.249818613375,7.27382065045e-13,0.707509606129
single_wall,chiral,-0.0100508982961,0.02,0.78692144436,0.25048487539,8.43367274725e-13,0.706028838925
single_wall,chiral,-0.0100508982961,0.02,0.789014568212,0.251151137405,9.77543548007e-13,0.704544978491
single_wall,chiral,-0.0100508982961,0.02,0.791107692064,0.25181739942,1.13271437845e-12,0.703058031328
single_wall,chiral,-0.0100508982961,0.02,0.793200815915,0.252483661435,1.31210733897e-12,0.701568003952
single_wall,chiral,-0.0100508982961,0.02,0.795293939767,0.25314992345,1.51943696552e-12,0.70007490289
single_wall,chiral,-0.0100508982961,0.02,0.797387063618,0.253816185465,1.75897677103e-12,0.698578734684
single_wall,chiral,-0.0100508982961,0.02,0.79948018747,0.25448244748,2.03564168483e-12,0.697079505888
single_wall,chiral,-0.0100508982961,0.02,0.801573311322,0.255148709495,2.35508238538e-12,0.695577223071
single_wall,chiral,-0.0100508982961,0.02,0.803666435173,0.25581497151,2.72379321159e-12,0.694071892816
single_wall,chiral,-0.0100508982961,0.02,0.805759559025,0.256481233525,3.1492355549e-12,0.692563521716
single_wall,chiral,-0.0100508982961,0.02,0.807852682877,0.25714749554,3.63997890548e-12,0.69105211638
single_wall,chiral,-0.0100508982961,0.02,0.809945806728,0.257813757555,4.20586201641e-12,0.689537683431
single_wall,chiral,-0.0100508982961,0.02,0.81203893058,0.25848001957,4.85817698484e-12,0.688020229503
single_wall,chiral,-0.0100508982961,0.02,0.814132054432,0.259146281585,5.60987944091e-12,0.686499761243
single_wall,chiral,-0.0100508982961,0.02,0.816225178283,0.2598125436,6.47582843919e-12,0.684976285315
single_wall,chiral,-0.0100508982961,0.02,0.818318302135,0.260478805615,7.47306017149e-12,0.683449808392
single_wall,chiral,-0.0100508982961,0.02,0.820411425986,0.26114506763,8.62110012791e-12,0.681920337162
single_wall,chiral,-0.0100508982961,0.02,0.822504549838,0.261811329645,9.94231899488e-12,0.680387878325
single_wall,chiral,-0.0100508982961,0.02,0.82459767369,0.26247759166,1.1462338249e-11,0.678852438597
single_wall,chiral,-0.0100508982961,0.02,0.826690797541,0.263143853675,1.32104922236e-11,0.677314024704
single_wall,chiral,-0.0100508982961,0.02,0.828783921393,0.26381011569,1.52203543013e-11,0.675772643385
single_wall,chiral,-0.0100508982961,0.02,0.830877045245,0.264476377705,1.75303359143e-11,0.674228301394
single_wall,chiral,-0.0100508982961,0.02,0.832970169096,0.265142639719,2.01843681595e-11,0.672681005498
single_wall,chiral,-0.0100508982961,0.02,0.835063292948,0.265808901734,2.32326771361e-11,0.671130762474
single_wall,chiral,-0.0100508982961,0.02,0.837156416799,0.266475163749,2.67326655386e-11,0.669577579115
single_wall,chiral,-0.0100508982961,0.02,0.839249540651,0.267141425764,3.07499147116e-11,0.668021462226
single_wall,chiral,-0.0100508982961,0.02,0.841342664503,0.267807687779,3.53593231493e-11,0.666462418624
single_wall,chiral,-0.0100508982961,0.02,0.843435788354,0.268473949794,4.06463995633e-11,0.664900455139
single_wall,chiral,-0.0100508982961,0.02,0.845528912206,0.269140211809,4.67087309069e-11,0.663335578616
single_wall,chiral,-0.0100508982961,0.02,0.847622036058,0.269806473824,5.36576483744e-11,0.661767795909
single_wall,chiral,-0.0100508982961,0.02,0.849715159909,0.270472735839,6.16201173984e-11,0.660197113887
single_wall,chiral,-0.0100508982961,0.02,0.851808283761,0.271138997854,7.07408808472e-11,0.658623539433
single_wall,chiral,-0.0100508982961,0.02,0.853901407612,0.271805259869,8.11848884426e-11,0.65704707944
single_wall,chiral,-0.0100508982961,0.02,0.855994531464,0.272471521884,9.31400495586e-11,0.655467740814
single_wall,chiral,-0.0100508982961,0.02,0.858087655316,0.273137783899,1.06820351175e-10,0.653885530476
single_wall,chiral,-0.0100508982961,0.02,0.860180779167,0.273804045914,1.22469388077e-10,0.652300455356
single_wall,chiral,-0.0100508982961,0.02,0.862273903019,0.274470307929,1.40364358201e-10,0.6507125224
single_wall,chiral,-0.0100508982961,0.02,0.864367026871,0.275136569944,1.60820582659e-10,0.649121738565
single_wall,chiral,-0.0100508982961,0.02,0.866460150722,0.275802831959,1.84196617291e-10,0.647528110819
single_wall,chiral,-0.0100508982961,0.02,0.868553274574,0.276469093974,2.10900030861e-10,0.645931646146
single_wall,chiral,-0.0100508982961,0.02,0.870646398425,0.277135355989,2.41393934271e-10,0.644332351539
single_wall,chiral,-0.0100508982961,0.02,0.872739522277,0.277801618004,2.76204355412e-10,0.642730234005
single_wall,chiral,-0.0100508982961,0.02,0.874832646129,0.278467880019,3.15928565891e-10,0.641125300563
single_wall,chiral,-0.0100508982961,0.02,0.87692576998,0.279134142034,3.61244478652e-10,0.639517558245
single_wall,chiral,-0.0100508982961,0.02,0.879018893832,0.279800404049,4.12921250038e-10,0.637907014094
single_wall,chiral,-0.0100508982961,0.02,0.881112017684,0.280466666064,4.71831235751e-10,0.636293675167
single_wall,chiral,-0.0100508982961,0.02,0.883205141535,0.281132928079,5.38963468204e-10,0.634677548532
single_wall,chiral,-0.0100508982961,0.02,0.885298265387,0.281799190094,6.15438842666e-10,0.633058641269
single_wall,chiral,-0.0100508982961,0.02,0.887391389238,0.282465452109,7.02527221924e-10,0.631436960472
single_wall,chiral,-0.0100508982961,0.02,0.88948451309,0.283131714124,8.01666693939e-10,0.629812513244
single_wall,chiral,-0.0100508982961,0.02,0.891577636942,0.283797976139,9.14485244728e-10,0.628185306703
single_wall,chiral,-0.0100508982961,0.02,0.893670760793,0.284464238154,1.04282513918e-09,0.626555347978
single_wall,chiral,-0.0100508982961,0.02,0.895763884645,0.285130500169,1.18877033722e-09,0.624922644211
single_wall,chiral,-0.0100508982961,0.02,0.897857008497,0.285796762184,1.35467731003e-09,0.623287202553
single_wall,chiral,-0.0100508982961,0.02,0.899950132348,0.286463024199,1.54320966423e-09,0.621649030171
single_wall,chiral,-0.0100508982961,0.02,0.9020432562,0.287129286214,1.75737702792e-09,0.620008134242
single_wall,chiral,-0.0100508982961,0.02,0.904136380052,0.287795548229,2.00057870547e-09,0.618364521954
single_wall,chiral,-0.0100508982961,0.02,0.906229503903,0.288461810244,2.27665266509e-09,0.616718200508
single_wall,chiral,-0.0100508982961,0.02,0.908322627755,0.289128072259,2.58993048798e-09,0.615069177118
single_wall,chiral,-0.0100508982961,0.02,0.910415751606,0.289794334274,2.9452989785e-09,0.613417459007
single_wall,chiral,-0.0100508982961,0.02,0.912508875458,0.290460596289,3.34826921394e-09,0.611763053413
single_wall,chiral,-0.0100508982961,0.02,0.91460199931,0.291126858304,3.8050538996e-09,0.610105967584
single_wall,chiral,-0.0100508982961,0.02,0.916695123161,0.291793120319,4.32265399166e-09,0.608446208779
single_wall,chiral,-0.0100508982961,0.02,0.918788247013,0.292459382334,4.9089556569e-09,0.606783784271
single_wall,chiral,-0.0100508982961,0.02,0.920881370865,0.293125644349,5.57283875696e-09,0.605118701342
single_wall,chiral,-0.0100508982961,0.02,0.922974494716,0.293791906364,6.32429817526e-09,0.603450967287
single_wall,chiral,-0.0100508982961,0.02,0.925067618568,0.294458168379,7.17457944863e-09,0.601780589414
single_wall,chiral,-0.0100508982961,0.02,0.927160742419,0.295124430394,8.13633032586e-09,0.60010757504
single_wall,chiral,-0.0100508982961,0.02,0.929253866271,0.295790692409,9.22377005026e-09,0.598431931496
single_wall,chiral,-0.0100508982961,0.02,0.931346990123,0.296456954424,1.04528783579e-08,0.596753666122
single_wall,chiral,-0.0100508982961,0.02,0.933440113974,0.297123216439,1.18416063966e-08,0.595072786271
single_wall,chiral,-0.0100508982961,0.02,0.935533237826,0.297789478454,1.34101120056e-08,0.593389299307
single_wall,chiral,-0.0100508982961,0.02,0.937626361678,0.298455740469,1.51810220574e-08,0.591703212607
single_wall,chiral,-0.0100508982961,0.02,0.939719485529,0.299122002483,1.71797248442e-08,0.590014533557
single_wall,chiral,-0.0100508982961,0.02,0.941812609381,0.299788264498,1.94346958106e-08,0.588323269555
single_wall,chiral,-0.0100508982961,0.02,0.943905733232,0.300454526513,2.1977860275e-08,0.586629428011
single_wall,chiral,-0.0100508982961,0.02,0.945998857084,0.301120788528,2.48449971626e-08,0.584933016347
single_wall,chiral,-0.0100508982961,0.02,0.948091980936,0.301787050543,2.80761881904e-08,0.583234041994
single_wall,chiral,-0.0100508982961,0.02,0.950185104787,0.302453312558,3.17163173985e-08,0.581532512395
single_wall,chiral,-0.0100508982961,0.02,0.952278228639,0.303119574573,3.58156264269e-08,0.579828435007
single_wall,chiral,-0.0100508982961,0.02,0.954371352491,0.303785836588,4.04303314831e-08,0.578121817294
single_wall,chiral,-0.0100508982961,0.02,0.956464476342,0.304452098603,4.56233085488e-08,0.576412666733
single_wall,chiral,-0.0100508982961,0.02,0.958557600194,0.305118360618,5.14648540341e-08,0.574700990813
single_wall,chiral,-0.0100508982961,0.02,0.960650724045,0.305784622633,5.80335288075e-08,0.572986797033
single_wall,chiral,-0.0100508982961,0.02,0.962743847897,0.306450884648,6.54170943202e-08,0.571270092902
single_wall,chiral,-0.0100508982961,0.02,0.964836971749,0.307117146663,7.37135504042e-08,0.569550885942
single_wall,chiral,-0.0100508982961,0.02,0.9669300956,0.307783408678,8.30322852683e-08,0.567829183686
single_wall,chiral,-0.0100508982961,0.02,0.969023219452,0.308449670693,9.34953492424e-08,0.566104993675
single_wall,chiral,-0.0100508982961,0.02,0.971116343304,0.309115932708,1.05238864945e-07,0.564378323465
single_wall,chiral,-0.0100508982961,0.02,0.973209467155,0.309782194723,1.18414587776e-07,0.56264918062
single_wall,chiral,-0.0100508982961,0.02,0.975302591007,0.310448456738,1.33191631956e-07,0.560917572715
single_wall,chiral,-0.0100508982961,0.02,0.977395714858,0.311114718753,1.49758378824e-07,0.559183507337
single_wall,chiral,-0.0100508982961,0.02,0.97948883871,0.311780980768,1.68324585634e-07,0.557446992084
single_wall,chiral,-0.0100508982961,0.02,0.981581962562,0.312447242783,1.89123714867e-07,0.555708034563
single_wall,chiral,-0.0100508982961,0.02,0.983675086413,0.313113504798,2.12415505904e-07,0.553966642393
single_wall,chiral,-0.0100508982961,0.02,0.985768210265,0.313779766813,2.38488812975e-07,0.552222823203
single_wall,chiral,-0.0100508982961,0.02,0.987861334117,0.314446028828,2.67664735477e-07,0.550476584633
single_wall,chiral,-0.0100508982961,0.02,0.989954457968,0.315112290843,3.00300069178e-07,0.548727934334
single_wall,chiral,-0.0100508982961,0.02,0.99204758182,0.315778552858,3.36791109399e-07,0.546976879967
single_wall,chiral,-0.0100508982961,0.02,0.994140705671,0.316444814873,3.77577840117e-07,0.545223429204
single_wall,chiral,-0.0100508982961,0.02,0.996233829523,0.317111076888,4.23148545943e-07,0.543467589726
single_wall,chiral,-0.0100508982961,0.02,0.998326953375,0.317777338903,4.74044887279e-07,0.541709369227
single_wall,chiral,-0.0100508982961,0.02,1.00042007723,0.318443600918,5.30867482488e-07,0.539948775409
single_wall,chiral,-0.0100508982961,0.02,1.00251320108,0.319109862933,5.94282044817e-07,0.538185815986
single_wall,chiral,-0.0100508982961,0.02,1.00460632493,0.319776124948,6.65026125957e-07,0.536420498682
single_wall,chiral,-0.0100508982961,0.02,1.00669944878,0.320442386963,7.43916522647e-07,0.53465283123
single_wall,chiral,-0.0100508982961,0.02,1.00879257263,0.321108648978,8.31857407588e-07,0.532882821376
single_wall,chiral,-0.0100508982961,0.02,1.01088569648,0.321774910993,9.29849251173e-07,0.531110476873
single_wall,chiral,-0.0100508982961,0.02,1.01297882034,0.322441173008,1.0389986062e-06,0.529335805488
single_wall,chiral,-0.0100508982961,0.02,1.01507194419,0.323107435023,1.16052883377e-06,0.527558814995
single_wall,chiral,-0.0100508982961,0.02,1.01716506804,0.323773697038,1.29579185523e-06,0.525779513179
single_wall,chiral,-0.0100508982961,0.02,1.01925819189,0.324439959053,1.4462810219e-06,0.523997907835
single_wall,chiral,-0.0100508982961,0.02,1.02135131574,0.325106221068,1.61364520193e-06,0.52221400677
single_wall,chiral,-0.0100508982961,0.02,1.02344443959,0.325772483083,1.79970419191e-06,0.520427817799
single_wall,chiral,-0.0100508982961,0.02,1.02553756345,0.326438745098,2.00646556928e-06,0.518639348747
single_wall,chiral,-0.0100508982961,0.02,1.0276306873,0.327105007113,2.23614311111e-06,0.516848607451
single_wall,chiral,-0.0100508982961,0.02,1.02972381115,0.327771269128,2.49117691473e-06,0.515055601754
single_wall,chiral,-0.0100508982961,0.02,1.031816935,0.328437531143,2.77425536651e-06,0.513260339514
single_wall,chiral,-0.0100508982961,0.02,1.03391005885,0.329103793158,3.08833911621e-06,0.511462828595
single_wall,chiral,-0.0100508982961,0.02,1.0360031827,0.329770055173,3.43668722704e-06,0.509663076873
single_wall,chiral,-0.0100508982961,0.02,1.03809630656,0.330436317188,3.82288568412e-06,0.507861092232
single_wall,chiral,-0.0100508982961,0.02,1.04018943041,0.331102579203,4.25087845828e-06,0.506056882567
single_wall,chiral,-0.0100508982961,0.02,1.04228255426,0.331768841218,4.72500133678e-06,0.504250455783
single_wall,chiral,-0.0100508982961,0.02,1.04437567811,0.332435103232,5.25001874864e-06,0.502441819795
single_wall,chiral,-0.0100508982961,0.02,1.04646880196,0.333101365247,5.83116382865e-06,0.500630982525
single_wall,chiral,-0.0100508982961,0.02,1.04856192581,0.333767627262,6.47418198242e-06,0.498817951908
single_wall,chiral,-0.0100508982961,0.02,1.05065504967,0.334433889277,7.18537823362e-06,0.497002735887
single_wall,chiral,-0.0100508982961,0.02,1.05274817352,0.335100151292,7.97166865486e-06,0.495185342415
single_wall,chiral,-0.0100508982961,0.02,1.05484129737,0.335766413307,8.84063620498e-06,0.493365779453
single_wall,chiral,-0.0100508982961,0.02,1.05693442122,0.336432675322,9.80059131811e-06,0.491544054974
single_wall,chiral,-0.0100508982961,0.02,1.05902754507,0.337098937337,1.08606376142e-05,0.489720176959
single_wall,chiral,-0.0100508982961,0.02,1.06112066892,0.337765199352,1.20307431257e-05,0.487894153399
single_wall,chiral,-0.0100508982961,0.02,1.06321379278,0.338431461367,1.33218174617e-05,0.486065992293
single_wall,chiral,-0.0100508982961,0.02,1.06530691663,0.339097723382,1.47457953608e-05,0.484235701652
single_wall,chiral,-0.0100508982961,0.02,1.06740004048,0.339763985397,1.63157271105e-05,0.482403289494
single_wall,chiral,-0.0100508982961,0.02,1.06949316433,0.340430247412,1.80458763462e-05,0.480568763847
single_wall,chiral,-0.0100508982961,0.02,1.07158628818,0.341096509427,1.99518257732e-05,0.478732132749
single_wall,chiral,-0.0100508982961,0.02,1.07367941203,0.341762771442,2.2050591391e-05,0.476893404245
single_wall,chiral,-0.0100508982961,0.02,1.07577253588,0.342429033457,2.43607458351e-05,0.475052586393
single_wall,chiral,-0.0100508982961,0.02,1.07786565974,0.343095295472,2.69025514914e-05,0.473209687256
single_wall,chiral,-0.0100508982961,0.02,1.07995878359,0.343761557487,2.96981040753e-05,0.47136471491
single_wall,chiral,-0.0100508982961,0.02,1.08205190744,0.344427819502,3.27714874133e-05,0.469517677436
single_wall,chiral,-0.0100508982961,0.02,1.08414503129,0.345094081517,3.61489402054e-05,0.467668582927
single_wall,chiral,-0.0100508982961,0.02,1.08623815514,0.345760343532,3.98590355947e-05,0.465817439485
single_wall,chiral,-0.0100508982961,0.02,1.08833127899,0.346426605547,4.39328744165e-05,0.46396425522
single_wall,chiral,-0.0100508982961,0.02,1.09042440285,0.347092867562,4.84042930514e-05,0.46210903825
single_wall,chiral,-0.0100508982961,0.02,1.0925175267,0.347759129577,5.33100868541e-05,0.460251796703
single_wall,chiral,-0.0100508982961,0.02,1.09461065055,0.348425391592,5.86902501885e-05,0.458392538717
single_wall,chiral,-0.0100508982961,0.02,1.0967037744,0.349091653607,6.45882341507e-05,0.456531272438
single_wall,chiral,-0.0100508982961,0.02,1.09879689825,0.349757915622,7.10512231214e-05,0.454668006019
single_wall,chiral,-0.0100508982961,0.02,1.1008900221,0.350424177637,7.81304313477e-05,0.452802747624
single_wall,chiral,-0.0100508982961,0.02,1.10298314596,0.351090439652,8.58814208153e-05,0.450935505426
single_wall,chiral,-0.0100508982961,0.02,1.10507626981,0.351756701667,9.4364441735e-05,0.449066287604
single_wall,chiral,-0.0100508982961,0.02,1.10716939366,0.352422963682,0.000103644797033,0.447195102348
single_wall,chiral,-0.0100508982961,0.02,1.10926251751,0.353089225697,0.000113793232301,0.445321957857
single_wall,chiral,-0.0100508982961,0.02,1.11135564136,0.353755487712,0.000124886352723,0.443446862336
single_wall,chiral,-0.0100508982961,0.02,1.11344876521,0.354421749727,0.000137007068582,0.441569824
single_wall,chiral,-0.0100508982961,0.02,1.11554188907,0.355088011742,0.000150245070998,0.439690851074
single_wall,chiral,-0.0100508982961,0.02,1.11763501292,0.355754273757,0.000164697339639,0.43780995179
single_wall,chiral,-0.0100508982961,0.02,1.11972813677,0.356420535772,0.00018046868421,0.435927134387
single_wall,chiral,-0.0100508982961,0.02,1.12182126062,0.357086797787,0.000197672321597,0.434042407116
single_wall,chiral,-0.0100508982961,0.02,1.12391438447,0.357753059802,0.000216430490631,0.432155778233
single_wall,chiral,-0.0100508982961,0.02,1.12600750832,0.358419321817,0.000236875106482,0.430267256003
single_wall,chiral,-0.0100508982961,0.02,1.12810063218,0.359085583832,0.000259148456812,0.428376848701
single_wall,chiral,-0.0100508982961,0.02,1.13019375603,0.359751845847,0.000283403941832,0.42648456461
single_wall,chiral,-0.0100508982961,0.02,1.13228687988,0.360418107862,0.00030980686055,0.424590412018
single_wall,chiral,-0.0100508982961,0.02,1.13438000373,0.361084369877,0.000338535245495,0.422694399226
single_wall,chiral,-0.0100508982961,0.02,1.13647312758,0.361750631892,0.000369780748344,0.420796534539
single_wall,chiral,-0.0100508982961,0.02,1.13856625143,0.362416893907,0.000403749578889,0.418896826273
single_wall,chiral,-0.0100508982961,0.02,1.14065937529,0.363083155922,0.000440663499897,0.416995282751
single_wall,chiral,-0.0100508982961,0.02,1.14275249914,0.363749417937,0.000480760880438,0.415091912303
single_wall,chiral,-0.0100508982961,0.02,1.14484562299,0.364415679952,0.00052429781035,0.413186723268
single_wall,chiral,-0.0100508982961,0.02,1.14693874684,0.365081941967,0.000571549278549,0.411279723994
single_wall,chiral,-0.0100508982961,0.02,1.14903187069,0.365748203981,0.000622810417951,0.409370922836
single_wall,chiral,-0.0100508982961,0.02,1.15112499454,0.366414465996,0.000678397819824,0.407460328155
single_wall,chiral,-0.0100508982961,0.02,1.1532181184,0.367080728011,0.000738650920422,0.405547948323
single_wall,chiral,-0.0100508982961,0.02,1.15531124225,0.367746990026,0.000803933462795,0.403633791718
single_wall,chiral,-0.0100508982961,0.02,1.1574043661,0.368413252041,0.000874635036704,0.401717866727
single_wall,chiral,-0.0100508982961,0.02,1.15949748995,0.369079514056,0.000951172699571,0.399800181743
single_wall,chiral,-0.0100508982961,0.02,1.1615906138,0.369745776071,0.00103399268144,0.397880745168
single_wall,chiral,-0.0100508982961,0.02,1.16368373765,0.370412038086,0.00112357217687,0.395959565412
single_wall,chiral,-0.0100508982961,0.02,1.1657768615,0.371078300101,0.00122042122678,0.394036650891
single_wall,chiral,-0.0100508982961,0.02,1.16786998536,0.371744562116,0.0013250846931,0.39211201003
single_wall,chiral,-0.0100508982961,0.02,1.16996310921,0.372410824131,0.00143814432918,0.390185651261
single_wall,chiral,-0.0100508982961,0.02,1.17205623306,0.373077086146,0.00156022094877,0.388257583025
single_wall,chiral,-0.0100508982961,0.02,1.17414935691,0.373743348161,0.00169197669647,0.386327813767
single_wall,chiral,-0.0100508982961,0.02,1.17624248076,0.374409610176,0.00183411742227,0.384396351943
single_wall,chiral,-0.0100508982961,0.02,1.17833560461,0.375075872191,0.0019873951628,0.382463206015
single_wall,chiral,-0.0100508982961,0.02,1.18042872847,0.375742134206,0.00215261073198,0.380528384453
single_wall,chiral,-0.0100508982961,0.02,1.18252185232,0.376408396221,0.00233061642327,0.378591895732
single_wall,chiral,-0.0100508982961,0.02,1.18461497617,0.377074658236,0.00252231882595,0.376653748338
single_wall,chiral,-0.0100508982961,0.02,1.18670810002,0.377740920251,0.0027286817574,0.374713950761
single_wall,chiral,-0.0100508982961,0.02,1.18880122387,0.378407182266,0.00295072931333,0.3727725115
single_wall,chiral,-0.0100508982961,0.02,1.19089434772,0.379073444281,0.00318954903775,0.37082943906
single_wall,chiral,-0.0100508982961,0.02,1.19298747158,0.379739706296,0.00344629521389,0.368884741956
single_wall,chiral,-0.0100508982961,0.02,1.19508059543,0.380405968311,0.00372219227762,0.366938428706
single_wall,chiral,-0.0100508982961,0.02,1.19717371928,0.381072230326,0.00401853835396,0.364990507838
single_wall,chiral,-0.0100508982961,0.02,1.19926684313,0.381738492341,0.00433670891748,0.363040987886
single_wall,chiral,-0.0100508982961,0.02,1.20135996698,0.382404754356,0.00467816057688,0.361089877392
single_wall,chiral,-0.0100508982961,0.02,1.20345309083,0.383071016371,0.00504443498341,0.359137184903
single_wall,chiral,-0.0100508982961,0.02,1.20554621469,0.383737278386,0.00543716286298,0.357182918974
single_wall,chiral,-0.0100508982961,0.02,1.20763933854,0.384403540401,0.00585806817068,0.355227088167
single_wall,chiral,-0.0100508982961,0.02,1.20973246239,0.385069802416,0.00630897236661,0.353269701052
single_wall,chiral,-0.0100508982961,0.02,1.21182558624,0.385736064431,0.00679179881093,0.351310766204
single_wall,chiral,-0.0100508982961,0.02,1.21391871009,0.386402326446,0.00730857727581,0.349350292205
single_wall,chiral,-0.0100508982961,0.02,1.21601183394,0.387068588461,0.00786144857136,0.347388287644
single_wall,chiral,-0.0100508982961,0.02,1.2181049578,0.387734850476,0.00845266928183,0.345424761118
single_wall,chiral,-0.0100508982961,0.02,1.22019808165,0.388401112491,0.00908461660806,0.343459721228
single_wall,chiral,-0.0100508982961,0.02,1.2222912055,0.389067374506,0.00975979331126,0.341493176585
single_wall,chiral,-0.0100508982961,0.02,1.22438432935,0.389733636521,0.0104808327525,0.339525135803
single_wall,chiral,-0.0100508982961,0.02,1.2264774532,0.390399898536,0.0112505040219,0.337555607505
single_wall,chiral,-0.0100508982961,0.02,1.22857057705,0.391066160551,0.0120717171501,0.33558460032
single_wall,chiral,-0.0100508982961,0.02,1.23066370091,0.391732422566,0.0129475283947,0.333612122884
single_wall,chiral,-0.0100508982961,0.02,1.23275682476,0.392398684581,0.0138811455922,0.331638183837
single_wall,chiral,-0.0100508982961,0.02,1.23484994861,0.393064946596,0.0148759335675,0.329662791828
single_wall,chiral,-0.0100508982961,0.02,1.23694307246,0.393731208611,0.0159354195883,0.327685955512
single_wall,chiral,-0.0100508982961,0.02,1.23903619631,0.394397470626,0.0170632988551,0.32570768355
single_wall,chiral,-0.0100508982961,0.02,1.24112932016,0.395063732641,0.0182634400142,0.323727984608
single_wall,chiral,-0.0100508982961,0.02,1.24322244402,0.395729994656,0.0195398906788,0.32174686736
single_wall,chiral,-0.0100508982961,0.02,1.24531556787,0.396396256671,0.0208968829466,0.319764340486
single_wall,chiral,-0.0100508982961,0.02,1.24740869172,0.397062518686,0.0223388388969,0.317780412671
single_wall,chiral,-0.0100508982961,0.02,1.24950181557,0.397728780701,0.023870376051,0.315795092608
single_wall,chiral,-0.0100508982961,0.02,1.25159493942,0.398395042716,0.02549631278,0.313808388994
single_wall,chiral,-0.0100508982961,0.02,1.25368806327,0.399061304731,0.02722167364,0.311820310533
single_wall,chiral,-0.0100508982961,0.02,1.25578118712,0.399727566745,0.029051694616,0.309830865935
single_wall,chiral,-0.0100508982961,0.02,1.25787431098,0.40039382876,0.0309918282548,0.307840063918
single_wall,chiral,-0.0100508982961,0.02,1.25996743483,0.401060090775,0.0330477486636,0.305847913202
single_wall,chiral,-0.0100508982961,0.02,1.26206055868,0.40172635279,0.0352253563533,0.303854422515
single_wall,chiral,-0.0100508982961,0.02,1.26415368253,0.402392614805,0.037530782902,0.301859600592
single_wall,chiral,-0.0100508982961,0.02,1.26624680638,0.40305887682,0.0399703954143,0.299863456172
single_wall,chiral,-0.0100508982961,0.02,1.26833993023,0.403725138835,0.0425508007498,0.297865998
single_wall,chiral,-0.0100508982961,0.02,1.27043305409,0.40439140085,0.0452788494962,0.295867234828
single_wall,chiral,-0.0100508982961,0.02,1.27252617794,0.405057662865,0.0481616396557,0.293867175413
single_wall,chiral,-0.0100508982961,0.02,1.27461930179,0.40572392488,0.0512065200205,0.291865828517
single_wall,chiral,-0.0100508982961,0.02,1.27671242564,0.406390186895,0.0544210932031,0.289863202908
single_wall,chiral,-0.0100508982961,0.02,1.27880554949,0.40705644891,0.0578132182946,0.28785930736
single_wall,chiral,-0.0100508982961,0.02,1.28089867334,0.407722710925,0.0613910131183,0.285854150653
single_wall,chiral,-0.0100508982961,0.02,1.2829917972,0.40838897294,0.0651628560462,0.283847741572
single_wall,chiral,-0.0100508982961,0.02,1.28508492105,0.409055234955,0.0691373873463,0.281840088906
single_wall,chiral,-0.0100508982961,0.02,1.2871780449,0.40972149697,0.0733235100278,0.279831201452
single_wall,chiral,-0.0100508982961,0.02,1.28927116875,0.410387758985,0.0777303901493,0.277821088012
single_wall,chiral,-0.0100508982961,0.02,1.2913642926,0.411054021,0.0823674565572,0.275809757391
single_wall,chiral,-0.0100508982961,0.02,1.29345741645,0.411720283015,0.087244400018,0.273797218402
single_wall,chiral,-0.0100508982961,0.02,1.29555054031,0.41238654503,0.0923711717116,0.271783479862
single_wall,chiral,-0.0100508982961,0.02,1.29764366416,0.413052807045,0.0977579810494,0.269768550593
single_wall,chiral,-0.0100508982961,0.02,1.29973678801,0.41371906906,0.103415292783,0.267752439424
single_wall,chiral,-0.0100508982961,0.02,1.30182991186,0.414385331075,0.109353823367,0.265735155186
single_wall,chiral,-0.0100508982961,0.02,1.30392303571,0.41505159309,0.115584536545,0.263716706719
single_wall,chiral,-0.0100508982961,0.02,1.30601615956,0.415717855105,0.122118638123,0.261697102866
single_wall,chiral,-0.0100508982961,0.02,1.30810928342,0.41638411712,0.12896756989,0.259676352474
single_wall,chiral,-0.0100508982961,0.02,1.31020240727,0.417050379135,0.136143002669,0.257654464396
single_wall,chiral,-0.0100508982961,0.02,1.31229553112,0.41771664115,0.143656828448,0.255631447492
single_wall,chiral,-0.0100508982961,0.02,1.31438865497,0.418382903165,0.151521151572,0.253607310624
single_wall,chiral,-0.0100508982961,0.02,1.31648177882,0.41904916518,0.159748278964,0.251582062661
single_wall,chiral,-0.0100508982961,0.02,1.31857490267,0.419715427195,0.168350709342,0.249555712474
single_wall,chiral,-0.0100508982961,0.02,1.32066802653,0.42038168921,0.177341121409,0.247528268943
single_wall,chiral,-0.0100508982961,0.02,1.32276115038,0.421047951225,0.186732360995,0.245499740949
single_wall,chiral,-0.0100508982961,0.02,1.32485427423,0.42171421324,0.196537427115,0.24347013738
single_wall,chiral,-0.0100508982961,0.02,1.32694739808,0.422380475255,0.206769456939,0.241439467128
single_wall,chiral,-0.0100508982961,0.02,1.32904052193,0.42304673727,0.217441709636,0.23940773909
single_wall,chiral,-0.0100508982961,0.02,1.33113364578,0.423712999285,0.228567549099,0.237374962167
single_wall,chiral,-0.0100508982961,0.02,1.33322676964,0.4243792613,0.240160425507,0.235341145264
single_wall,chiral,-0.0100508982961,0.02,1.33531989349,0.425045523315,0.252233855749,0.233306297293
single_wall,chiral,-0.0100508982961,0.02,1.33741301734,0.42571178533,0.264801402671,0.231270427169
single_wall,chiral,-0.0100508982961,0.02,1.33950614119,0.426378047345,0.277876653158,0.22923354381
single_wall,chiral,-0.0100508982961,0.02,1.34159926504,0.42704430936,0.291473195049,0.227195656141
single_wall,chiral,-0.0100508982961,0.02,1.34369238889,0.427710571375,0.305604592884,0.225156773091
single_wall,chiral,-0.0100508982961,0.02,1.34578551274,0.42837683339,0.320284362488,0.223116903591
single_wall,chiral,-0.0100508982961,0.02,1.3478786366,0.429043095405,0.335525944408,0.221076056579
single_wall,chiral,-0.0100508982961,0.02,1.34997176045,0.42970935742,0.351342676217,0.219034240996
single_wall,chiral,-0.0100508982961,0.02,1.3520648843,0.430375619435,0.367747763697,0.216991465788
single_wall,chiral,-0.0100508982961,0.02,1.35415800815,0.43104188145,0.384754250929,0.214947739904
single_wall,chiral,-0.0100508982961,0.02,1.356251132,0.431708143465,0.402374989326,0.212903072299
single_wall,chiral,-0.0100508982961,0.02,1.35834425585,0.43237440548,0.420622605621,0.210857471929
single_wall,chiral,-0.0100508982961,0.02,1.36043737971,0.433040667494,0.439509468873,0.208810947759
single_wall,chiral,-0.0100508982961,0.02,1.36253050356,0.433706929509,0.45904765651,0.206763508753
single_wall,chiral,-0.0100508982961,0.02,1.36462362741,0.434373191524,0.479248919475,0.204715163881
single_wall,chiral,-0.0100508982961,0.02,1.36671675126,0.435039453539,0.500124646508,0.202665922119
single_wall,chiral,-0.0100508982961,0.02,1.36880987511,0.435705715554,0.521685827646,0.200615792443
single_wall,chiral,-0.0100508982961,0.02,1.37090299896,0.436371977569,0.543943016978,0.198564783837
single_wall,chiral,-0.0100508982961,0.02,1.37299612282,0.437038239584,0.566906294741,0.196512905285
single_wall,chiral,-0.0100508982961,0.02,1.37508924667,0.437704501599,0.590585228817,0.194460165778
single_wall,chiral,-0.0100508982961,0.02,1.37718237052,0.438370763614,0.614988835725,0.192406574308
single_wall,chiral,-0.0100508982961,0.02,1.37927549437,0.439037025629,0.640125541165,0.190352139873
single_wall,chiral,-0.0100508982961,0.02,1.38136861822,0.439703287644,0.666003140231,0.188296871474
single_wall,chiral,-0.0100508982961,0.02,1.38346174207,0.440369549659,0.692628757365,0.186240778115
single_wall,chiral,-0.0100508982961,0.02,1.38555486593,0.441035811674,0.720008806154,0.184183868805
single_wall,chiral,-0.0100508982961,0.02,1.38764798978,0.441702073689,0.748148949076,0.182126152554
single_wall,chiral,-0.0100508982961,0.02,1.38974111363,0.442368335704,0.777054057297,0.180067638378
single_wall,chiral,-0.0100508982961,0.02,1.39183423748,0.443034597719,0.806728170631,0.178008335297
single_wall,chiral,-0.0100508982961,0.02,1.39392736133,0.443700859734,0.837174457774,0.175948252331
single_wall,chiral,-0.0100508982961,0.02,1.39602048518,0.444367121749,0.868395176933,0.173887398507
single_wall,chiral,-0.0100508982961,0.02,1.39811360904,0.445033383764,0.900391636973,0.171825782853
single_wall,chiral,-0.0100508982961,0.02,1.40020673289,0.445699645779,0.933164159197,0.169763414402
single_wall,chiral,-0.0100508982961,0.02,1.40229985674,0.446365907794,0.966712039898,0.167700302189
single_wall,chiral,-0.0100508982961,0.02,1.40439298059,0.447032169809,1.0010335138,0.165636455253
single_wall,chiral,-0.0100508982961,0.02,1.40648610444,0.447698431824,1.03612571855,0.163571882637
single_wall,chiral,-0.0100508982961,0.02,1.40857922829,0.448364693839,1.0719846603,0.161506593385
single_wall,chiral,-0.0100508982961,0.02,1.41067235215,0.449030955854,1.1086051807,0.159440596546
single_wall,chiral,-0.0100508982961,0.02,1.412765476,0.449697217869,1.14598092521,0.157373901171
single_wall,chiral,-0.0100508982961,0.02,1.41485859985,0.450363479884,1.18410431304,0.155306516315
single_wall,chiral,-0.0100508982961,0.02,1.4169517237,0.451029741899,1.22296650873,0.153238451036
single_wall,chiral,-0.0100508982961,0.02,1.41904484755,0.451696003914,1.26255739568,0.151169714393
single_wall,chiral,-0.0100508982961,0.02,1.4211379714,0.452362265929,1.30286555152,0.149100315451
single_wall,chiral,-0.0100508982961,0.02,1.42323109526,0.453028527944,1.34387822562,0.147030263276
single_wall,chiral,-0.0100508982961,0.02,1.42532421911,0.453694789959,1.3855813189,0.144959566936
single_wall,chiral,-0.0100508982961,0.02,1.42741734296,0.454361051974,1.42795936589,0.142888235505
single_wall,chiral,-0.0100508982961,0.02,1.42951046681,0.455027313989,1.47099551935,0.140816278056
single_wall,chiral,-0.0100508982961,0.02,1.43160359066,0.455693576004,1.51467153743,0.138743703669
single_wall,chiral,-0.0100508982961,0.02,1.43369671451,0.456359838019,1.5589677736,0.136670521422
single_wall,chiral,-0.0100508982961,0.02,1.43578983836,0.457026100034,1.60386316938,0.134596740398
single_wall,chiral,-0.0100508982961,0.02,1.43788296222,0.457692362049,1.64933524999,0.132522369685
single_wall,chiral,-0.0100508982961,0.02,1.43997608607,0.458358624064,1.69536012305,0.130447418368
single_wall,chiral,-0.0100508982961,0.02,1.44206920992,0.459024886079,1.74191248039,0.12837189554
single_wall,chiral,-0.0100508982961,0.02,1.44416233377,0.459691148094,1.78896560308,0.126295810293
single_wall,chiral,-0.0100508982961,0.02,1.44625545762,0.460357410109,1.83649136974,0.124219171724
single_wall,chiral,-0.0100508982961,0.02,1.44834858147,0.461023672124,1.88446026819,0.122141988929
single_wall,chiral,-0.0100508982961,0.02,1.45044170533,0.461689934139,1.93284141054,0.120064271011
single_wall,chiral,-0.0100508982961,0.02,1.45253482918,0.462356196154,1.98160255176,0.117986027071
single_wall,chiral,-0.0100508982961,0.02,1.45462795303,0.463022458169,2.03071011172,0.115907266214
single_wall,chiral,-0.0100508982961,0.02,1.45672107688,0.463688720184,2.08012920078,0.113827997549
single_wall,chiral,-0.0100508982961,0.02,1.45881420073,0.464354982199,2.12982364901,0.111748230184
single_wall,chiral,-0.0100508982961,0.02,1.46090732458,0.465021244214,2.17975603893,0.109667973231
single_wall,chiral,-0.0100508982961,0.02,1.46300044844,0.465687506229,2.2298877418,0.107587235805
single_wall,chiral,-0.0100508982961,0.02,1.46509357229,0.466353768244,2.2801789576,0.105506027022
single_wall,chiral,-0.0100508982961,0.02,1.46718669614,0.467020030258,2.33058875843,0.103424355999
single_wall,chiral,-0.0100508982961,0.02,1.46927981999,0.467686292273,2.38107513549,0.101342231857
single_wall,chiral,-0.0100508982961,0.02,1.47137294384,0.468352554288,2.43159504955,0.0992596637177
single_wall,chiral,-0.0100508982961,0.02,1.47346606769,0.469018816303,2.48210448477,0.0971766607054
single_wall,chiral,-0.0100508982961,0.02,1.47555919155,0.469685078318,2.53255850593,0.0950932319461
single_wall,chiral,-0.0100508982961,0.02,1.4776523154,0.470351340333,2.58291131888,0.0930093865675
single_wall,chiral,-0.0100508982961,0.02,1.47974543925,0.471017602348,2.63311633421,0.0909251336994
single_wall,chiral,-0.0100508982961,0.02,1.4818385631,0.471683864363,2.68312623393,0.0888404824731
single_wall,chiral,-0.0100508982961,0.02,1.48393168695,0.472350126378,2.73289304117,0.086755442022
single_wall,chiral,-0.0100508982961,0.02,1.4860248108,0.473016388393,2.78236819263,0.0846700214809
single_wall,chiral,-0.0100508982961,0.02,1.48811793466,0.473682650408,2.83150261379,0.0825842299864
single_wall,chiral,-0.0100508982961,0.02,1.49021105851,0.474348912423,2.8802467966,0.0804980766767
single_wall,chiral,-0.0100508982961,0.02,1.49230418236,0.475015174438,2.92855087959,0.0784115706916
single_wall,chiral,-0.0100508982961,0.02,1.49439730621,0.475681436453,2.97636473015,0.0763247211723
single_wall,chiral,-0.0100508982961,0.02,1.49649043006,0.476347698468,3.02363802886,0.0742375372618
single_wall,chiral,-0.0100508982961,0.02,1.49858355391,0.477013960483,3.0703203556,0.0721500281044
single_wall,chiral,-0.0100508982961,0.02,1.50067667777,0.477680222498,3.11636127741,0.0700622028457
single_wall,chiral,-0.0100508982961,0.02,1.50276980162,0.478346484513,3.16171043761,0.0679740706329
single_wall,chiral,-0.0100508982961,0.02,1.50486292547,0.479012746528,3.20631764632,0.0658856406143
single_wall,chiral,-0.0100508982961,0.02,1.50695604932,0.479679008543,3.25013297177,0.0637969219399
single_wall,chiral,-0.0100508982961,0.02,1.50904917317,0.480345270558,3.29310683254,0.0617079237606
single_wall,chiral,-0.0100508982961,0.02,1.51114229702,0.481011532573,3.33519009022,0.0596186552286
single_wall,chiral,-0.0100508982961,0.02,1.51323542088,0.481677794588,3.37633414239,0.0575291254974
single_wall,chiral,-0.0100508982961,0.02,1.51532854473,0.482344056603,3.41649101565,0.0554393437216
single_wall,chiral,-0.0100508982961,0.02,1.51742166858,0.483010318618,3.45561345841,0.0533493190568
single_wall,chiral,-0.0100508982961,0.02,1.51951479243,0.483676580633,3.49365503325,0.0512590606598
single_wall,chiral,-0.0100508982961,0.02,1.52160791628,0.484342842648,3.53057020855,0.0491685776884
single_wall,chiral,-0.0100508982961,0.02,1.52370104013,0.485009104663,3.5663144492,0.0470778793012
single_wall,chiral,-0.0100508982961,0.02,1.52579416398,0.485675366678,3.60084430605,0.0449869746581
single_wall,chiral,-0.0100508982961,0.02,1.52788728784,0.486341628693,3.63411750391,0.0428958729195
single_wall,chiral,-0.0100508982961,0.02,1.52998041169,0.487007890708,3.66609302786,0.0408045832471
single_wall,chiral,-0.0100508982961,0.02,1.53207353554,0.487674152723,3.69673120755,0.0387131148029
single_wall,chiral,-0.0100508982961,0.02,1.53416665939,0.488340414738,3.72599379934,0.0366214767502
single_wall,chiral,-0.0100508982961,0.02,1.53625978324,0.489006676753,3.75384406599,0.0345296782528
single_wall,chiral,-0.0100508982961,0.02,1.53835290709,0.489672938768,3.78024685368,0.0324377284751
single_wall,chiral,-0.0100508982961,0.02,1.54044603095,0.490339200783,3.80516866608,0.0303456365823
single_wall,chiral,-0.0100508982961,0.02,1.5425391548,0.491005462798,3.82857773537,0.0282534117402
single_wall,chiral,-0.0100508982961,0.02,1.54463227865,0.491671724813,3.85044408988,0.0261610631153
single_wall,chiral,-0.0100508982961,0.02,1.5467254025,0.492337986828,3.87073961823,0.0240685998744
single_wall,chiral,-0.0100508982961,0.02,1.54881852635,0.493004248843,3.88943812973,0.021976031185
single_wall,chiral,-0.0100508982961,0.02,1.5509116502,0.493670510858,3.90651541085,0.019883366215
single_wall,chiral,-0.0100508982961,0.02,1.55300477406,0.494336772873,3.92194927763,0.0177906141326
single_wall,chiral,-0.0100508982961,0.02,1.55509789791,0.495003034888,3.93571962387,0.0156977841066
single_wall,chiral,-0.0100508982961,0.02,1.55719102176,0.495669296903,3.94780846492,0.013604885306
single_wall,chiral,-0.0100508982961,0.02,1.55928414561,0.496335558918,3.95819997693,0.0115119269001
single_wall,chiral,-0.0100508982961,0.02,1.56137726946,0.497001820933,3.96688053147,0.00941891805861
single_wall,chiral,-0.0100508982961,0.02,1.56347039331,0.497668082948,3.97383872546,0.00732586795125
single_wall,chiral,-0.0100508982961,0.02,1.56556351717,0.498334344963,3.97906540615,0.00523278574804
single_wall,chiral,-0.0100508982961,0.02,1.56765664102,0.499000606978,3.9825536913,0.00313968061914
single_wall,chiral,-0.0100508982961,0.02,1.56974976487,0.499666868993,3.98429898429,0.00104656173477
single_wall,chiral,-0.0100508982961,0.02,1.57184288872,0.500333131007,3.98429898429,-0.00104656173477
single_wall,chiral,-0.0100508982961,0.02,1.57393601257,0.500999393022,3.9825536913,-0.00313968061914
single_wall,chiral,-0.0100508982961,0.02,1.57602913642,0.501665655037,3.97906540615,-0.00523278574804
single_wall,chiral,-0.0100508982961,0.02,1.57812226028,0.502331917052,3.97383872546,-0.00732586795125
single_wall,chiral,-0.0100508982961,0.02,1.58021538413,0.502998179067,3.96688053147,-0.00941891805861
single_wall,chiral,-0.0100508982961,0.02,1.58230850798,0.503664441082,3.95819997693,-0.0115119269001
single_wall,chiral,-0.0100508982961,0.02,1.58440163183,0.504330703097,3.94780846492,-0.013604885306
single_wall,chiral,-0.0100508982961,0.02,1.58649475568,0.504996965112,3.93571962387,-0.0156977841066
single_wall,chiral,-0.0100508982961,0.02,1.58858787953,0.505663227127,3.92194927763,-0.0177906141326
single_wall,chiral,-0.0100508982961,0.02,1.59068100339,0.506329489142,3.90651541085,-0.019883366215
single_wall,chiral,-0.0100508982961,0.02,1.59277412724,0.506995751157,3.88943812973,-0.021976031185
single_wall,chiral,-0.0100508982961,0.02,1.59486725109,0.507662013172,3.87073961823,-0.0240685998744
single_wall,chiral,-0.0100508982961,0.02,1.59696037494,0.508328275187,3.85044408988,-0.0261610631153
single_wall,chiral,-0.0100508982961,0.02,1.59905349879,0.508994537202,3.82857773537,-0.0282534117402
single_wall,chiral,-0.0100508982961,0.02,1.60114662264,0.509660799217,3.80516866608,-0.0303456365823
single_wall,chiral,-0.0100508982961,0.02,1.6032397465,0.510327061232,3.78024685368,-0.0324377284751
single_wall,chiral,-0.0100508982961,0.02,1.60533287035,0.510993323247,3.75384406599,-0.0345296782528
single_wall,chiral,-0.0100508982961,0.02,1.6074259942,0.511659585262,3.72599379934,-0.0366214767502
single_wall,chiral,-0.0100508982961,0.02,1.60951911805,0.512325847277,3.69673120755,-0.0387131148029
single_wall,chiral,-0.0100508982961,0.02,1.6116122419,0.512992109292,3.66609302786,-0.0408045832471
single_wall,chiral,-0.0100508982961,0.02,1.61370536575,0.513658371307,3.63411750391,-0.0428958729195
single_wall,chiral,-0.0100508982961,0.02,1.6157984896,0.514324633322,3.60084430605,-0.0449869746581
single_wall,chiral,-0.0100508982961,0.02,1.61789161346,0.514990895337,3.5663144492,-0.0470778793012
single_wall,chiral,-0.0100508982961,0.02,1.61998473731,0.515657157352,3.53057020855,-0.0491685776884
single_wall,chiral,-0.0100508982961,0.02,1.62207786116,0.516323419367,3.49365503325,-0.0512590606598
single_wall,chiral,-0.0100508982961,0.02,1.62417098501,0.516989681382,3.45561345841,-0.0533493190568
single_wall,chiral,-0.0100508982961,0.02,1.62626410886,0.517655943397,3.41649101565,-0.0554393437216
single_wall,chiral,-0.0100508982961,0.02,1.62835723271,0.518322205412,3.37633414239,-0.0575291254974
single_wall,chiral,-0.0100508982961,0.02,1.63045035657,0.518988467427,3.33519009022,-0.0596186552286
single_wall,chiral,-0.0100508982961,0.02,1.63254348042,0.519654729442,3.29310683254,-0.0617079237606
single_wall,chiral,-0.0100508982961,0.02,1.63463660427,0.520320991457,3.25013297177,-0.0637969219399
single_wall,chiral,-0.0100508982961,0.02,1.63672972812,0.520987253472,3.20631764632,-0.0658856406143
single_wall,chiral,-0.0100508982961,0.02,1.63882285197,0.521653515487,3.16171043761,-0.0679740706329
single_wall,chiral,-0.0100508982961,0.02,1.64091597582,0.522319777502,3.11636127741,-0.0700622028457
single_wall,chiral,-0.0100508982961,0.02,1.64300909968,0.522986039517,3.0703203556,-0.0721500281044
single_wall,chiral,-0.0100508982961,0.02,1.64510222353,0.523652301532,3.02363802886,-0.0742375372618
single_wall,chiral,-0.0100508982961,0.02,1.64719534738,0.524318563547,2.97636473015,-0.0763247211723
single_wall,chiral,-0.0100508982961,0.02,1.64928847123,0.524984825562,2.92855087959,-0.0784115706916
single_wall,chiral,-0.0100508982961,0.02,1.65138159508,0.525651087577,2.8802467966,-0.0804980766767
single_wall,chiral,-0.0100508982961,0.02,1.65347471893,0.526317349592,2.83150261379,-0.0825842299864
single_wall,chiral,-0.0100508982961,0.02,1.65556784279,0.526983611607,2.78236819263,-0.0846700214809
single_wall,chiral,-0.0100508982961,0.02,1.65766096664,0.527649873622,2.73289304117,-0.086755442022
single_wall,chiral,-0.0100508982961,0.02,1.65975409049,0.528316135637,2.68312623393,-0.0888404824731
single_wall,chiral,-0.0100508982961,0.02,1.66184721434,0.528982397652,2.63311633421,-0.0909251336994
single_wall,chiral,-0.0100508982961,0.02,1.66394033819,0.529648659667,2.58291131888,-0.0930093865675
single_wall,chiral,-0.0100508982961,0.02,1.66603346204,0.530314921682,2.53255850593,-0.0950932319461
single_wall,chiral,-0.0100508982961,0.02,1.6681265859,0.530981183697,2.48210448477,-0.0971766607054
single_wall,chiral,-0.0100508982961,0.02,1.67021970975,0.531647445712,2.43159504955,-0.0992596637177
single_wall,chiral,-0.0100508982961,0.02,1.6723128336,0.532313707727,2.38107513549,-0.101342231857
single_wall,chiral,-0.0100508982961,0.02,1.67440595745,0.532979969742,2.33058875843,-0.103424355999
single_wall,chiral,-0.0100508982961,0.02,1.6764990813,0.533646231756,2.2801789576,-0.105506027022
single_wall,chiral,-0.0100508982961,0.02,1.67859220515,0.534312493771,2.2298877418,-0.107587235805
single_wall,chiral,-0.0100508982961,0.02,1.68068532901,0.534978755786,2.17975603893,-0.109667973231
single_wall,chiral,-0.0100508982961,0.02,1.68277845286,0.535645017801,2.12982364901,-0.111748230184
single_wall,chiral,-0.0100508982961,0.02,1.68487157671,0.536311279816,2.08012920078,-0.113827997549
single_wall,chiral,-0.0100508982961,0.02,1.68696470056,0.536977541831,2.03071011172,-0.115907266214
single_wall,chiral,-0.0100508982961,0.02,1.68905782441,0.537643803846,1.98160255176,-0.117986027071
single_wall,chiral,-0.0100508982961,0.02,1.69115094826,0.538310065861,1.93284141054,-0.120064271011
single_wall,chiral,-0.0100508982961,0.02,1.69324407212,0.538976327876,1.88446026819,-0.122141988929
single_wall,chiral,-0.0100508982961,0.02,1.69533719597,0.539642589891,1.83649136974,-0.124219171724
single_wall,chiral,-0.0100508982961,0.02,1.69743031982,0.540308851906,1.78896560308,-0.126295810293
single_wall,chiral,-0.0100508982961,0.02,1.69952344367,0.540975113921,1.74191248039,-0.12837189554
single_wall,chiral,-0.0100508982961,0.02,1.70161656752,0.541641375936,1.69536012305,-0.130447418368
single_wall,chiral,-0.0100508982961,0.02,1.70370969137,0.542307637951,1.64933524999,-0.132522369685
single_wall,chiral,-0.0100508982961,0.02,1.70580281522,0.542973899966,1.60386316938,-0.134596740398
single_wall,chiral,-0.0100508982961,0.02,1.70789593908,0.543640161981,1.5589677736,-0.136670521422
single_wall,chiral,-0.0100508982961,0.02,1.70998906293,0.544306423996,1.51467153743,-0.138743703669
single_wall,chiral,-0.0100508982961,0.02,1.71208218678,0.544972686011,1.47099551935,-0.140816278056
single_wall,chiral,-0.0100508982961,0.02,1.71417531063,0.545638948026,1.42795936589,-0.142888235505
single_wall,chiral,-0.0100508982961,0.02,1.71626843448,0.546305210041,1.3855813189,-0.144959566936
single_wall,chiral,-0.0100508982961,0.02,1.71836155833,0.546971472056,1.34387822562,-0.147030263276
single_wall,chiral,-0.0100508982961,0.02,1.72045468219,0.547637734071,1.30286555152,-0.149100315451
single_wall,chiral,-0.0100508982961,0.02,1.72254780604,0.548303996086,1.26255739568,-0.151169714393
single_wall,chiral,-0.0100508982961,0.02,1.72464092989,0.548970258101,1.22296650873,-0.153238451036
single_wall,chiral,-0.0100508982961,0.02,1.72673405374,0.549636520116,1.18410431304,-0.155306516315
single_wall,chiral,-0.0100508982961,0.02,1.72882717759,0.550302782131,1.14598092521,-0.157373901171
single_wall,chiral,-0.0100508982961,0.02,1.73092030144,0.550969044146,1.1086051807,-0.159440596546
single_wall,chiral,-0.0100508982961,0.02,1.7330134253,0.551635306161,1.0719846603,-0.161506593385
single_wall,chiral,-0.0100508982961,0.02,1.73510654915,0.552301568176,1.03612571855,-0.163571882637
single_wall,chiral,-0.0100508982961,0.02,1.737199673,0.552967830191,1.0010335138,-0.165636455253
single_wall,chiral,-0.0100508982961,0.02,1.73929279685,0.553634092206,0.966712039898,-0.167700302189
single_wall,chiral,-0.0100508982961,0.02,1.7413859207,0.554300354221,0.933164159197,-0.169763414402
single_wall,chiral,-0.0100508982961,0.02,1.74347904455,0.554966616236,0.900391636973,-0.171825782853
single_wall,chiral,-0.0100508982961,0.02,1.74557216841,0.555632878251,0.868395176933,-0.173887398507
single_wall,chiral,-0.0100508982961,0.02,1.74766529226,0.556299140266,0.837174457774,-0.175948252331
single_wall,chiral,-0.0100508982961,0.02,1.74975841611,0.556965402281,0.806728170631,-0.178008335297
single_wall,chiral,-0.0100508982961,0.02,1.75185153996,0.557631664296,0.777054057297,-0.180067638378
single_wall,chiral,-0.0100508982961,0.02,1.75394466381,0.558297926311,0.748148949076,-0.182126152554
single_wall,chiral,-0.0100508982961,0.02,1.75603778766,0.558964188326,0.720008806154,-0.184183868805
single_wall,chiral,-0.0100508982961,0.02,1.75813091152,0.559630450341,0.692628757365,-0.186240778115
single_wall,chiral,-0.0100508982961,0.02,1.76022403537,0.560296712356,0.666003140231,-0.188296871474
single_wall,chiral,-0.0100508982961,0.02,1.76231715922,0.560962974371,0.640125541165,-0.190352139873
single_wall,chiral,-0.0100508982961,0.02,1.76441028307,0.561629236386,0.614988835725,-0.192406574308
single_wall,chiral,-0.0100508982961,0.02,1.76650340692,0.562295498401,0.590585228818,-0.194460165778
single_wall,chiral,-0.0100508982961,0.02,1.76859653077,0.562961760416,0.566906294741,-0.196512905285
single_wall,chiral,-0.0100508982961,0.02,1.77068965463,0.563628022431,0.543943016978,-0.198564783837
single_wall,chiral,-0.0100508982961,0.02,1.77278277848,0.564294284446,0.521685827646,-0.200615792443
single_wall,chiral,-0.0100508982961,0.02,1.77487590233,0.564960546461,0.500124646508,-0.202665922119
single_wall,chiral,-0.0100508982961,0.02,1.77696902618,0.565626808476,0.479248919475,-0.204715163881
single_wall,chiral,-0.0100508982961,0.02,1.77906215003,0.566293070491,0.45904765651,-0.206763508753
single_wall,chiral,-0.0100508982961,0.02,1.78115527388,0.566959332506,0.439509468873,-0.208810947759
single_wall,chiral,-0.0100508982961,0.02,1.78324839774,0.56762559452,0.420622605621,-0.210857471929
single_wall,chiral,-0.0100508982961,0.02,1.78534152159,0.568291856535,0.402374989326,-0.212903072299
single_wall,chiral,-0.0100508982961,0.02,1.78743464544,0.56895811855,0.384754250929,-0.214947739904
single_wall,chiral,-0.0100508982961,0.02,1.78952776929,0.569624380565,0.367747763697,-0.216991465788
single_wall,chiral,-0.0100508982961,0.02,1.79162089314,0.57029064258,0.351342676217,-0.219034240996
single_wall,chiral,-0.0100508982961,0.02,1.79371401699,0.570956904595,0.335525944408,-0.221076056579
single_wall,chiral,-0.0100508982961,0.02,1.79580714084,0.57162316661,0.320284362488,-0.223116903591
single_wall,chiral,-0.0100508982961,0.02,1.7979002647,0.572289428625,0.305604592884,-0.225156773091
single_wall,chiral,-0.0100508982961,0.02,1.79999338855,0.57295569064,0.291473195049,-0.227195656141
single_wall,chiral,-0.0100508982961,0.02,1.8020865124,0.573621952655,0.277876653158,-0.22923354381
single_wall,chiral,-0.0100508982961,0.02,1.80417963625,0.57428821467,0.264801402671,-0.231270427169
single_wall,chiral,-0.0100508982961,0.02,1.8062727601,0.574954476685,0.252233855749,-0.233306297293
single_wall,chiral,-0.0100508982961,0.02,1.80836588395,0.5756207387,0.240160425507,-0.235341145264
single_wall,chiral,-0.0100508982961,0.02,1.81045900781,0.576287000715,0.228567549099,-0.237374962167
single_wall,chiral,-0.0100508982961,0.02,1.81255213166,0.57695326273,0.217441709636,-0.23940773909
single_wall,chiral,-0.0100508982961,0.02,1.81464525551,0.577619524745,0.206769456939,-0.241439467128
single_wall,chiral,-0.0100508982961,0.02,1.81673837936,0.57828578676,0.196537427115,-0.24347013738
single_wall,chiral,-0.0100508982961,0.02,1.81883150321,0.578952048775,0.186732360995,-0.245499740949
single_wall,chiral,-0.0100508982961,0.02,1.82092462706,0.57961831079,0.177341121409,-0.247528268943
single_wall,chiral,-0.0100508982961,0.02,1.82301775092,0.580284572805,0.168350709342,-0.249555712474
single_wall,chiral,-0.0100508982961,0.02,1.82511087477,0.58095083482,0.159748278964,-0.251582062661
single_wall,chiral,-0.0100508982961,0.02,1.82720399862,0.581617096835,0.151521151572,-0.253607310624
single_wall,chiral,-0.0100508982961,0.02,1.82929712247,0.58228335885,0.143656828448,-0.255631447492
single_wall,chiral,-0.0100508982961,0.02,1.83139024632,0.582949620865,0.136143002669,-0.257654464396
single_wall,chiral,-0.0100508982961,0.02,1.83348337017,0.58361588288,0.12896756989,-0.259676352474
single_wall,chiral,-0.0100508982961,0.02,1.83557649403,0.584282144895,0.122118638123,-0.261697102866
single_wall,chiral,-0.0100508982961,0.02,1.83766961788,0.58494840691,0.115584536545,-0.263716706719
single_wall,chiral,-0.0100508982961,0.02,1.83976274173,0.585614668925,0.109353823367,-0.265735155186
single_wall,chiral,-0.0100508982961,0.02,1.84185586558,0.58628093094,0.103415292783,-0.267752439424
single_wall,chiral,-0.0100508982961,0.02,1.84394898943,0.586947192955,0.0977579810494,-0.269768550593
single_wall,chiral,-0.0100508982961,0.02,1.84604211328,0.58761345497,0.0923711717116,-0.271783479862
single_wall,chiral,-0.0100508982961,0.02,1.84813523714,0.588279716985,0.087244400018,-0.273797218402
single_wall,chiral,-0.0100508982961,0.02,1.85022836099,0.588945979,0.0823674565572,-0.275809757391
single_wall,chiral,-0.0100508982961,0.02,1.85232148484,0.589612241015,0.0777303901493,-0.277821088012
single_wall,chiral,-0.0100508982961,0.02,1.85441460869,0.59027850303,0.0733235100278,-0.279831201452
single_wall,chiral,-0.0100508982961,0.02,1.85650773254,0.590944765045,0.0691373873463,-0.281840088906
single_wall,chiral,-0.0100508982961,0.02,1.85860085639,0.59161102706,0.0651628560462,-0.283847741572
single_wall,chiral,-0.0100508982961,0.02,1.86069398025,0.592277289075,0.0613910131183,-0.285854150653
single_wall,chiral,-0.0100508982961,0.02,1.8627871041,0.59294355109,0.0578132182946,-0.28785930736
single_wall,chiral,-0.0100508982961,0.02,1.86488022795,0.593609813105,0.0544210932031,-0.289863202908
single_wall,chiral,-0.0100508982961,0.02,1.8669733518,0.59427607512,0.0512065200205,-0.291865828517
single_wall,chiral,-0.0100508982961,0.02,1.86906647565,0.594942337135,0.0481616396557,-0.293867175413
single_wall,chiral,-0.0100508982961,0.02,1.8711595995,0.59560859915,0.0452788494962,-0.295867234828
single_wall,chiral,-0.0100508982961,0.02,1.87325272336,0.596274861165,0.0425508007498,-0.297865998
single_wall,chiral,-0.0100508982961,0.02,1.87534584721,0.59694112318,0.0399703954143,-0.299863456172
single_wall,chiral,-0.0100508982961,0.02,1.87743897106,0.597607385195,0.037530782902,-0.301859600592
single_wall,chiral,-0.0100508982961,0.02,1.87953209491,0.59827364721,0.0352253563533,-0.303854422515
single_wall,chiral,-0.0100508982961,0.02,1.88162521876,0.598939909225,0.0330477486636,-0.305847913202
single_wall,chiral,-0.0100508982961,0.02,1.88371834261,0.59960617124,0.0309918282548,-0.307840063918
single_wall,chiral,-0.0100508982961,0.02,1.88581146646,0.600272433255,0.029051694616,-0.309830865935
single_wall,chiral,-0.0100508982961,0.02,1.88790459032,0.600938695269,0.02722167364,-0.311820310533
single_wall,chiral,-0.0100508982961,0.02,1.88999771417,0.601604957284,0.02549631278,-0.313808388994
single_wall,chiral,-0.0100508982961,0.02,1.89209083802,0.602271219299,0.023870376051,-0.315795092608
single_wall,chiral,-0.0100508982961,0.02,1.89418396187,0.602937481314,0.0223388388969,-0.317780412671
single_wall,chiral,-0.0100508982961,0.02,1.89627708572,0.603603743329,0.0208968829466,-0.319764340486
single_wall,chiral,-0.0100508982961,0.02,1.89837020957,0.604270005344,0.0195398906788,-0.32174686736
single_wall,chiral,-0.0100508982961,0.02,1.90046333343,0.604936267359,0.0182634400142,-0.323727984608
single_wall,chiral,-0.0100508982961,0.02,1.90255645728,0.605602529374,0.0170632988551,-0.32570768355
single_wall,chiral,-0.0100508982961,0.02,1.90464958113,0.606268791389,0.0159354195883,-0.327685955512
single_wall,chiral,-0.0100508982961,0.02,1.90674270498,0.606935053404,0.0148759335675,-0.329662791828
single_wall,chiral,-0.0100508982961,0.02,1.90883582883,0.607601315419,0.0138811455922,-0.331638183837
single_wall,chiral,-0.0100508982961,0.02,1.91092895268,0.608267577434,0.0129475283947,-0.333612122884
single_wall,chiral,-0.0100508982961,0.02,1.91302207654,0.608933839449,0.0120717171501,-0.33558460032
single_wall,chiral,-0.0100508982961,0.02,1.91511520039,0.609600101464,0.0112505040219,-0.337555607505
single_wall,chiral,-0.0100508982961,0.02,1.91720832424,0.610266363479,0.0104808327525,-0.339525135803
single_wall,chiral,-0.0100508982961,0.02,1.91930144809,0.610932625494,0.00975979331126,-0.341493176585
single_wall,chiral,-0.0100508982961,0.02,1.92139457194,0.611598887509,0.00908461660806,-0.343459721228
single_wall,chiral,-0.0100508982961,0.02,1.92348769579,0.612265149524,0.00845266928183,-0.345424761118
single_wall,chiral,-0.0100508982961,0.02,1.92558081965,0.612931411539,0.00786144857136,-0.347388287644
single_wall,chiral,-0.0100508982961,0.02,1.9276739435,0.613597673554,0.00730857727582,-0.349350292205
single_wall,chiral,-0.0100508982961,0.02,1.92976706735,0.614263935569,0.00679179881093,-0.351310766204
single_wall,chiral,-0.0100508982961,0.02,1.9318601912,0.614930197584,0.00630897236661,-0.353269701052
single_wall,chiral,-0.0100508982961,0.02,1.93395331505,0.615596459599,0.00585806817068,-0.355227088167
single_wall,chiral,-0.0100508982961,0.02,1.9360464389,0.616262721614,0.00543716286298,-0.357182918974
single_wall,chiral,-0.0100508982961,0.02,1.93813956276,0.616928983629,0.00504443498341,-0.359137184903
single_wall,chiral,-0.0100508982961,0.02,1.94023268661,0.617595245644,0.00467816057688,-0.361089877392
single_wall,chiral,-0.0100508982961,0.02,1.94232581046,0.618261507659,0.00433670891748,-0.363040987886
single_wall,chiral,-0.0100508982961,0.02,1.94441893431,0.618927769674,0.00401853835396,-0.364990507838
single_wall,chiral,-0.0100508982961,0.02,1.94651205816,0.619594031689,0.00372219227762,-0.366938428706
single_wall,chiral,-0.0100508982961,0.02,1.94860518201,0.620260293704,0.00344629521389,-0.368884741956
single_wall,chiral,-0.0100508982961,0.02,1.95069830587,0.620926555719,0.00318954903775,-0.37082943906
single_wall,chiral,-0.0100508982961,0.02,1.95279142972,0.621592817734,0.00295072931333,-0.3727725115
single_wall,chiral,-0.0100508982961,0.02,1.95488455357,0.622259079749,0.0027286817574,-0.374713950761
single_wall,chiral,-0.0100508982961,0.02,1.95697767742,0.622925341764,0.00252231882595,-0.376653748338
single_wall,chiral,-0.0100508982961,0.02,1.95907080127,0.623591603779,0.00233061642327,-0.378591895732
single_wall,chiral,-0.0100508982961,0.02,1.96116392512,0.624257865794,0.00215261073198,-0.380528384453
single_wall,chiral,-0.0100508982961,0.02,1.96325704898,0.624924127809,0.0019873951628,-0.382463206015
single_wall,chiral,-0.0100508982961,0.02,1.96535017283,0.625590389824,0.00183411742227,-0.384396351943
single_wall,chiral,-0.0100508982961,0.02,1.96744329668,0.626256651839,0.00169197669647,-0.386327813767
single_wall,chiral,-0.0100508982961,0.02,1.96953642053,0.626922913854,0.00156022094877,-0.388257583025
single_wall,chiral,-0.0100508982961,0.02,1.97162954438,0.627589175869,0.00143814432918,-0.390185651261
single_wall,chiral,-0.0100508982961,0.02,1.97372266823,0.628255437884,0.0013250846931,-0.39211201003
single_wall,chiral,-0.0100508982961,0.02,1.97581579208,0.628921699899,0.00122042122678,-0.394036650891
single_wall,chiral,-0.0100508982961,0.02,1.97790891594,0.629587961914,0.00112357217687,-0.395959565412
single_wall,chiral,-0.0100508982961,0.02,1.98000203979,0.630254223929,0.00103399268144,-0.397880745168
single_wall,chiral,-0.0100508982961,0.02,1.98209516364,0.630920485944,0.00095117269957,-0.399800181743
single_wall,chiral,-0.0100508982961,0.02,1.98418828749,0.631586747959,0.000874635036704,-0.401717866727
single_wall,chiral,-0.0100508982961,0.02,1.98628141134,0.632253009974,0.000803933462795,-0.403633791718
single_wall,chiral,-0.0100508982961,0.02,1.98837453519,0.632919271989,0.000738650920422,-0.405547948323
single_wall,chiral,-0.0100508982961,0.02,1.99046765905,0.633585534004,0.000678397819824,-0.407460328155
single_wall,chiral,-0.0100508982961,0.02,1.9925607829,0.634251796019,0.000622810417951,-0.409370922836
single_wall,chiral,-0.0100508982961,0.02,1.99465390675,0.634918058033,0.000571549278549,-0.411279723994
single_wall,chiral,-0.0100508982961,0.02,1.9967470306,0.635584320048,0.00052429781035,-0.413186723268
single_wall,chiral,-0.0100508982961,0.02,1.99884015445,0.636250582063,0.000480760880438,-0.415091912303
single_wall,chiral,-0.0100508982961,0.02,2.0009332783,0.636916844078,0.000440663499897,-0.416995282751
single_wall,chiral,-0.0100508982961,0.02,2.00302640216,0.637583106093,0.000403749578889,-0.418896826273
single_wall,chiral,-0.0100508982961,0.02,2.00511952601,0.638249368108,0.000369780748344,-0.420796534539
single_wall,chiral,-0.0100508982961,0.02,2.00721264986,0.638915630123,0.000338535245495,-0.422694399226
single_wall,chiral,-0.0100508982961,0.02,2.00930577371,0.639581892138,0.00030980686055,-0.424590412018
single_wall,chiral,-0.0100508982961,0.02,2.01139889756,0.640248154153,0.000283403941832,-0.42648456461
single_wall,chiral,-0.0100508982961,0.02,2.01349202141,0.640914416168,0.000259148456812,-0.428376848701
single_wall,chiral,-0.0100508982961,0.02,2.01558514527,0.641580678183,0.000236875106482,-0.430267256003
single_wall,chiral,-0.0100508982961,0.02,2.01767826912,0.642246940198,0.000216430490631,-0.432155778233
single_wall,chiral,-0.0100508982961,0.02,2.01977139297,0.642913202213,0.000197672321597,-0.434042407116
single_wall,chiral,-0.0100508982961,0.02,2.02186451682,0.643579464228,0.00018046868421,-0.435927134387
single_wall,chiral,-0.0100508982961,0.02,2.02395764067,0.644245726243,0.000164697339639,-0.43780995179
single_wall,chiral,-0.0100508982961,0.02,2.02605076452,0.644911988258,0.000150245070998,-0.439690851074
single_wall,chiral,-0.0100508982961,0.02,2.02814388838,0.645578250273,0.000137007068582,-0.441569824
single_wall,chiral,-0.0100508982961,0.02,2.03023701223,0.646244512288,0.000124886352723,-0.443446862336
single_wall,chiral,-0.0100508982961,0.02,2.03233013608,0.646910774303,0.000113793232301,-0.445321957857
single_wall,chiral,-0.0100508982961,0.02,2.03442325993,0.647577036318,0.000103644797033,-0.447195102348
single_wall,chiral,-0.0100508982961,0.02,2.03651638378,0.648243298333,9.4364441735e-05,-0.449066287604
single_wall,chiral,-0.0100508982961,0.02,2.03860950763,0.648909560348,8.58814208153e-05,-0.450935505426
single_wall,chiral,-0.0100508982961,0.02,2.04070263149,0.649575822363,7.81304313477e-05,-0.452802747624
single_wall,chiral,-0.0100508982961,0.02,2.04279575534,0.650242084378,7.10512231214e-05,-0.454668006019
single_wall,chiral,-0.0100508982961,0.02,2.04488887919,0.650908346393,6.45882341507e-05,-0.456531272438
single_wall,chiral,-0.0100508982961,0.02,2.04698200304,0.651574608408,5.86902501885e-05,-0.458392538717
single_wall,chiral,-0.0100508982961,0.02,2.04907512689,0.652240870423,5.33100868541e-05,-0.460251796703
single_wall,chiral,-0.0100508982961,0.02,2.05116825074,0.652907132438,4.84042930514e-05,-0.46210903825
single_wall,chiral,-0.0100508982961,0.02,2.0532613746,0.653573394453,4.39328744165e-05,-0.46396425522
single_wall,chiral,-0.0100508982961,0.02,2.05535449845,0.654239656468,3.98590355946e-05,-0.465817439485
single_wall,chiral,-0.0100508982961,0.02,2.0574476223,0.654905918483,3.61489402054e-05,-0.467668582927
single_wall,chiral,-0.0100508982961,0.02,2.05954074615,0.655572180498,3.27714874133e-05,-0.469517677436
single_wall,chiral,-0.0100508982961,0.02,2.06163387,0.656238442513,2.96981040753e-05,-0.47136471491
single_wall,chiral,-0.0100508982961,0.02,2.06372699385,0.656904704528,2.69025514914e-05,-0.473209687256
single_wall,chiral,-0.0100508982961,0.02,2.0658201177,0.657570966543,2.43607458351e-05,-0.475052586393
single_wall,chiral,-0.0100508982961,0.02,2.06791324156,0.658237228558,2.2050591391e-05,-0.476893404245
single_wall,chiral,-0.0100508982961,0.02,2.07000636541,0.658903490573,1.99518257732e-05,-0.478732132749
single_wall,chiral,-0.0100508982961,0.02,2.07209948926,0.659569752588,1.80458763462e-05,-0.480568763847
single_wall,chiral,-0.0100508982961,0.02,2.07419261311,0.660236014603,1.63157271105e-05,-0.482403289494
single_wall,chiral,-0.0100508982961,0.02,2.07628573696,0.660902276618,1.47457953608e-05,-0.484235701652
single_wall,chiral,-0.0100508982961,0.02,2.07837886081,0.661568538633,1.33218174617e-05,-0.486065992293
single_wall,chiral,-0.0100508982961,0.02,2.08047198467,0.662234800648,1.20307431256e-05,-0.487894153399
single_wall,chiral,-0.0100508982961,0.02,2.08256510852,0.662901062663,1.08606376142e-05,-0.489720176959
single_wall,chiral,-0.0100508982961,0.02,2.08465823237,0.663567324678,9.80059131811e-06,-0.491544054974
single_wall,chiral,-0.0100508982961,0.02,2.08675135622,0.664233586693,8.84063620497e-06,-0.493365779453
single_wall,chiral,-0.0100508982961,0.02,2.08884448007,0.664899848708,7.97166865485e-06,-0.495185342415
single_wall,chiral,-0.0100508982961,0.02,2.09093760392,0.665566110723,7.18537823361e-06,-0.497002735887
single_wall,chiral,-0.0100508982961,0.02,2.09303072778,0.666232372738,6.47418198241e-06,-0.498817951908
single_wall,chiral,-0.0100508982961,0.02,2.09512385163,0.666898634753,5.83116382865e-06,-0.500630982525
single_wall,chiral,-0.0100508982961,0.02,2.09721697548,0.667564896768,5.25001874863e-06,-0.502441819795
single_wall,chiral,-0.0100508982961,0.02,2.09931009933,0.668231158782,4.72500133677e-06,-0.504250455783
single_wall,chiral,-0.0100508982961,0.02,2.10140322318,0.668897420797,4.25087845827e-06,-0.506056882567
single_wall,chiral,-0.0100508982961,0.02,2.10349634703,0.669563682812,3.82288568412e-06,-0.507861092232
single_wall,chiral,-0.0100508982961,0.02,2.10558947089,0.670229944827,3.43668722703e-06,-0.509663076873
single_wall,chiral,-0.0100508982961,0.02,2.10768259474,0.670896206842,3.0883391162e-06,-0.511462828595
single_wall,chiral,-0.0100508982961,0.02,2.10977571859,0.671562468857,2.7742553665e-06,-0.513260339514
single_wall,chiral,-0.0100508982961,0.02,2.11186884244,0.672228730872,2.49117691473e-06,-0.515055601754
single_wall,chiral,-0.0100508982961,0.02,2.11396196629,0.672894992887,2.2361431111e-06,-0.516848607451
single_wall,chiral,-0.0100508982961,0.02,2.11605509014,0.673561254902,2.00646556928e-06,-0.518639348747
single_wall,chiral,-0.0100508982961,0.02,2.118148214,0.674227516917,1.7997041919e-06,-0.520427817799
single_wall,chiral,-0.0100508982961,0.02,2.12024133785,0.674893778932,1.61364520192e-06,-0.52221400677
single_wall,chiral,-0.0100508982961,0.02,2.1223344617,0.675560040947,1.4462810219e-06,-0.523997907835
single_wall,chiral,-0.0100508982961,0.02,2.12442758555,0.676226302962,1.29579185523e-06,-0.525779513179
single_wall,chiral,-0.0100508982961,0.02,2.1265207094,0.676892564977,1.16052883376e-06,-0.527558814995
single_wall,chiral,-0.0100508982961,0.02,2.12861383325,0.677558826992,1.03899860619e-06,-0.529335805488
single_wall,chiral,-0.0100508982961,0.02,2.13070695711,0.678225089007,9.29849251171e-07,-0.531110476873
single_wall,chiral,-0.0100508982961,0.02,2.13280008096,0.678891351022,8.31857407587e-07,-0.532882821376
single_wall,chiral,-0.0100508982961,0.02,2.13489320481,0.679557613037,7.43916522645e-07,-0.53465283123
single_wall,chiral,-0.0100508982961,0.02,2.13698632866,0.680223875052,6.65026125955e-07,-0.536420498682
single_wall,chiral,-0.0100508982961,0.02,2.13907945251,0.680890137067,5.94282044815e-07,-0.538185815986
single_wall,chiral,-0.0100508982961,0.02,2.14117257636,0.681556399082,5.30867482486e-07,-0.539948775409
single_wall,chiral,-0.0100508982961,0.02,2.14326570022,0.682222661097,4.74044887277e-07,-0.541709369227
single_wall,chiral,-0.0100508982961,0.02,2.14535882407,0.682888923112,4.23148545941e-07,-0.543467589726
single_wall,chiral,-0.0100508982961,0.02,2.14745194792,0.683555185127,3.77577840115e-07,-0.545223429204
single_wall,chiral,-0.0100508982961,0.02,2.14954507177,0.684221447142,3.36791109397e-07,-0.546976879967
single_wall,chiral,-0.0100508982961,0.02,2.15163819562,0.684887709157,3.00300069176e-07,-0.548727934334
single_wall,chiral,-0.0100508982961,0.02,2.15373131947,0.685553971172,2.67664735476e-07,-0.550476584633
single_wall,chiral,-0.0100508982961,0.02,2.15582444332,0.686220233187,2.38488812973e-07,-0.552222823203
single_wall,chiral,-0.0100508982961,0.02,2.15791756718,0.686886495202,2.12415505902e-07,-0.553966642393
single_wall,chiral,-0.0100508982961,0.02,2.16001069103,0.687552757217,1.89123714865e-07,-0.555708034563
single_wall,chiral,-0.0100508982961,0.02,2.16210381488,0.688219019232,1.68324585633e-07,-0.557446992084
single_wall,chiral,-0.0100508982961,0.02,2.16419693873,0.688885281247,1.49758378823e-07,-0.559183507337
single_wall,chiral,-0.0100508982961,0.02,2.16629006258,0.689551543262,1.33191631955e-07,-0.560917572715
single_wall,chiral,-0.0100508982961,0.02,2.16838318643,0.690217805277,1.18414587775e-07,-0.56264918062
single_wall,chiral,-0.0100508982961,0.02,2.17047631029,0.690884067292,1.05238864945e-07,-0.564378323465
single_wall,chiral,-0.0100508982961,0.02,2.17256943414,0.691550329307,9.34953492419e-08,-0.566104993675
single_wall,chiral,-0.0100508982961,0.02,2.17466255799,0.692216591322,8.30322852677e-08,-0.567829183686
single_wall,chiral,-0.0100508982961,0.02,2.17675568184,0.692882853337,7.37135504037e-08,-0.569550885942
single_wall,chiral,-0.0100508982961,0.02,2.17884880569,0.693549115352,6.54170943198e-08,-0.571270092902
single_wall,chiral,-0.0100508982961,0.02,2.18094192954,0.694215377367,5.80335288071e-08,-0.572986797033
single_wall,chiral,-0.0100508982961,0.02,2.1830350534,0.694881639382,5.14648540338e-08,-0.574700990813
single_wall,chiral,-0.0100508982961,0.02,2.18512817725,0.695547901397,4.56233085486e-08,-0.576412666733
single_wall,chiral,-0.0100508982961,0.02,2.1872213011,0.696214163412,4.04303314828e-08,-0.578121817294
single_wall,chiral,-0.0100508982961,0.02,2.18931442495,0.696880425427,3.58156264265e-08,-0.579828435007
single_wall,chiral,-0.0100508982961,0.02,2.1914075488,0.697546687442,3.17163173981e-08,-0.581532512395
single_wall,chiral,-0.0100508982961,0.02,2.19350067265,0.698212949457,2.807618819e-08,-0.583234041994
single_wall,chiral,-0.0100508982961,0.02,2.19559379651,0.698879211472,2.48449971624e-08,-0.584933016347
single_wall,chiral,-0.0100508982961,0.02,2.19768692036,0.699545473487,2.19778602747e-08,-0.586629428011
single_wall,chiral,-0.0100508982961,0.02,2.19978004421,0.700211735502,1.94346958103e-08,-0.588323269555
single_wall,chiral,-0.0100508982961,0.02,2.20187316806,0.700877997517,1.71797248439e-08,-0.590014533557
single_wall,chiral,-0.0100508982961,0.02,2.20396629191,0.701544259531,1.5181022057e-08,-0.591703212607
single_wall,chiral,-0.0100508982961,0.02,2.20605941576,0.702210521546,1.34101120053e-08,-0.593389299307
single_wall,chiral,-0.0100508982961,0.02,2.20815253962,0.702876783561,1.18416063963e-08,-0.595072786271
single_wall,chiral,-0.0100508982961,0.02,2.21024566347,0.703543045576,1.04528783576e-08,-0.596753666122
single_wall,chiral,-0.0100508982961,0.02,2.21233878732,0.704209307591,9.22377005001e-09,-0.598431931496
single_wall,chiral,-0.0100508982961,0.02,2.21443191117,0.704875569606,8.13633032562e-09,-0.60010757504
single_wall,chiral,-0.0100508982961,0.02,2.21652503502,0.705541831621,7.1745794484e-09,-0.601780589414
single_wall,chiral,-0.0100508982961,0.02,2.21861815887,0.706208093636,6.32429817508e-09,-0.603450967287
single_wall,chiral,-0.0100508982961,0.02,2.22071128273,0.706874355651,5.57283875678e-09,-0.605118701342
single_wall,chiral,-0.0100508982961,0.02,2.22280440658,0.707540617666,4.90895565675e-09,-0.606783784271
single_wall,chiral,-0.0100508982961,0.02,2.22489753043,0.708206879681,4.32265399153e-09,-0.608446208779
single_wall,chiral,-0.0100508982961,0.02,2.22699065428,0.708873141696,3.80505389948e-09,-0.610105967584
single_wall,chiral,-0.0100508982961,0.02,2.22908377813,0.709539403711,3.34826921384e-09,-0.611763053413
single_wall,chiral,-0.0100508982961,0.02,2.23117690198,0.710205665726,2.9452989784e-09,-0.613417459007
single_wall,chiral,-0.0100508982961,0.02,2.23327002584,0.710871927741,2.5899304879e-09,-0.615069177118
single_wall,chiral,-0.0100508982961,0.02,2.23536314969,0.711538189756,2.276652665e-09,-0.616718200508
single_wall,chiral,-0.0100508982961,0.02,2.23745627354,0.712204451771,2.00057870539e-09,-0.618364521954
single_wall,chiral,-0.0100508982961,0.02,2.23954939739,0.712870713786,1.75737702784e-09,-0.620008134242
single_wall,chiral,-0.0100508982961,0.02,2.24164252124,0.713536975801,1.54320966416e-09,-0.621649030171
single_wall,chiral,-0.0100508982961,0.02,2.24373564509,0.714203237816,1.35467730997e-09,-0.623287202553
single_wall,chiral,-0.0100508982961,0.02,2.24582876894,0.714869499831,1.18877033715e-09,-0.624922644211
single_wall,chiral,-0.0100508982961,0.02,2.2479218928,0.715535761846,1.04282513912e-09,-0.626555347978
single_wall,chiral,-0.0100508982961,0.02,2.25001501665,0.716202023861,9.14485244664e-10,-0.628185306703
single_wall,chiral,-0.0100508982961,0.02,2.2521081405,0.716868285876,8.01666693886e-10,-0.629812513244
single_wall,chiral,-0.0100508982961,0.02,2.25420126435,0.717534547891,7.02527221861e-10,-0.631436960472
single_wall,chiral,-0.0100508982961,0.02,2.2562943882,0.718200809906,6.15438842613e-10,-0.633058641269
single_wall,chiral,-0.0100508982961,0.02,2.25838751205,0.718867071921,5.38963468146e-10,-0.634677548532
single_wall,chiral,-0.0100508982961,0.02,2.26048063591,0.719533333936,4.71831235699e-10,-0.636293675167
single_wall,chiral,-0.0100508982961,0.02,2.26257375976,0.720199595951,4.12921249983e-10,-0.637907014094
single_wall,chiral,-0.0100508982961,0.02,2.26466688361,0.720865857966,3.61244478602e-10,-0.639517558245
single_wall,chiral,-0.0100508982961,0.02,2.26676000746,0.721532119981,3.15928565848e-10,-0.641125300563
single_wall,chiral,-0.0100508982961,0.02,2.26885313131,0.722198381996,2.76204355377e-10,-0.642730234005
single_wall,chiral,-0.0100508982961,0.02,2.27094625516,0.722864644011,2.41393934234e-10,-0.644332351539
single_wall,chiral,-0.0100508982961,0.02,2.27303937902,0.723530906026,2.10900030827e-10,-0.645931646146
single_wall,chiral,-0.0100508982961,0.02,2.27513250287,0.724197168041,1.84196617262e-10,-0.647528110819
single_wall,chiral,-0.0100508982961,0.02,2.27722562672,0.724863430056,1.60820582635e-10,-0.649121738565
single_wall,chiral,-0.0100508982961,0.02,2.27931875057,0.725529692071,1.40364358177e-10,-0.6507125224
single_wall,chiral,-0.0100508982961,0.02,2.28141187442,0.726195954086,1.22469388057e-10,-0.652300455356
single_wall,chiral,-0.0100508982961,0.02,2.28350499827,0.726862216101,1.06820351157e-10,-0.653885530476
single_wall,chiral,-0.0100508982961,0.02,2.28559812213,0.727528478116,9.31400495429e-11,-0.655467740814
single_wall,chiral,-0.0100508982961,0.02,2.28769124598,0.728194740131,8.11848884262e-11,-0.65704707944
single_wall,chiral,-0.0100508982961,0.02,2.28978436983,0.728861002146,7.07408808355e-11,-0.658623539433
single_wall,chiral,-0.0100508982961,0.02,2.29187749368,0.729527264161,6.16201173879e-11,-0.660197113887
single_wall,chiral,-0.0100508982961,0.02,2.29397061753,0.730193526176,5.36576483641e-11,-0.661767795909
single_wall,chiral,-0.0100508982961,0.02,2.29606374138,0.730859788191,4.67087308952e-11,-0.663335578616
single_wall,chiral,-0.0100508982961,0.02,2.29815686524,0.731526050206,4.06463995531e-11,-0.664900455139
single_wall,chiral,-0.0100508982961,0.02,2.30024998909,0.732192312221,3.53593231391e-11,-0.666462418624
single_wall,chiral,-0.0100508982961,0.02,2.30234311294,0.732858574236,3.07499147007e-11,-0.668021462226
single_wall,chiral,-0.0100508982961,0.02,2.30443623679,0.733524836251,2.67326655277e-11,-0.669577579115
single_wall,chiral,-0.0100508982961,0.02,2.30652936064,0.734191098266,2.32326771265e-11,-0.671130762474
single_wall,chiral,-0.0100508982961,0.02,2.30862248449,0.734857360281,2.01843681507e-11,-0.672681005498
single_wall,chiral,-0.0100508982961,0.02,2.31071560835,0.735523622295,1.75303359053e-11,-0.674228301394
single_wall,chiral,-0.0100508982961,0.02,2.3128087322,0.73618988431,1.52203542926e-11,-0.675772643385
single_wall,chiral,-0.0100508982961,0.02,2.31490185605,0.736856146325,1.32104922155e-11,-0.677314024704
single_wall,chiral,-0.0100508982961,0.02,2.3169949799,0.73752240834,1.14623382409e-11,-0.678852438597
single_wall,chiral,-0.0100508982961,0.02,2.31908810375,0.738188670355,9.94231898732e-12,-0.680387878325
single_wall,chiral,-0.0100508982961,0.02,2.3211812276,0.73885493237,8.62110012112e-12,-0.681920337162
single_wall,chiral,-0.0100508982961,0.02,2.32327435146,0.739521194385,7.47306016521e-12,-0.683449808392
single_wall,chiral,-0.0100508982961,0.02,2.32536747531,0.7401874564,6.47582843305e-12,-0.684976285315
single_wall,chiral,-0.0100508982961,0.02,2.32746059916,0.740853718415,5.60987943516e-12,-0.686499761243
single_wall,chiral,-0.0100508982961,0.02,2.32955372301,0.74151998043,4.85817698032e-12,-0.688020229503
single_wall,chiral,-0.0100508982961,0.02,2.33164684686,0.742186242445,4.2058620121e-12,-0.689537683431
single_wall,chiral,-0.0100508982961,0.02,2.33373997071,0.74285250446,3.63997890193e-12,-0.69105211638
single_wall,chiral,-0.0100508982961,0.02,2.33583309456,0.743518766475,3.14923555179e-12,-0.692563521716
single_wall,chiral,-0.0100508982961,0.02,2.33792621842,0.74418502849,2.72379320929e-12,-0.694071892816
single_wall,chiral,-0.0100508982961,0.02,2.34001934227,0.744851290505,2.35508238296e-12,-0.695577223071
single_wall,chiral,-0.0100508982961,0.02,2.34211246612,0.74551755252,2.03564168303e-12,-0.697079505888
single_wall,chiral,-0.0100508982961,0.02,2.34420558997,0.746183814535,1.7589767692e-12,-0.698578734684
single_wall,chiral,-0.0100508982961,0.02,2.34629871382,0.74685007655,1.51943696363e-12,-0.70007490289
single_wall,chiral,-0.0100508982961,0.02,2.34839183767,0.747516338565,1.31210733763e-12,-0.701568003952
single_wall,chiral,-0.0100508982961,0.02,2.35048496153,0.74818260058,1.13271437712e-12,-0.703058031328
single_wall,chiral,-0.0100508982961,0.02,2.35257808538,0.748848862595,9.77543546193e-13,-0.704544978491
single_wall,chiral,-0.0100508982961,0.02,2.35467120923,0.74951512461,8.43367273268e-13,-0.706028838925
single_wall,chiral,-0.0100508982961,0.02,2.35676433308,0.750181386625,7.27382063642e-13,-0.707509606129
single_wall,chiral,-0.0100508982961,0.02,2.35885745693,0.75084764864,6.27153606519e-13,-0.708987273617
single_wall,chiral,-0.0100508982961,0.02,2.36095058078,0.751513910655,5.40568874201e-13,-0.710461834914
single_wall,chiral,-0.0100508982961,0.02,2.36304370464,0.75218017267,4.65794336677e-13,-0.71193328356
single_wall,chiral,-0.0100508982961,0.02,2.36513682849,0.752846434685,4.01239529475e-13,-0.713401613107
single_wall,chiral,-0.0100508982961,0.02,2.36722995234,0.7535126967,3.45525293695e-13,-0.714866817125
single_wall,chiral,-0.0100508982961,0.02,2.36932307619,0.754178958715,2.97456103394e-13,-0.716328889192
single_wall,chiral,-0.0100508982961,0.02,2.37141620004,0.75484522073,2.55995963081e-13,-0.717787822903
single_wall,chiral,-0.0100508982961,0.02,2.37350932389,0.755511482745,2.2024741836e-13,-0.719243611867
single_wall,chiral,-0.0100508982961,0.02,2.37560244775,0.75617774476,1.8943328901e-13,-0.720696249705
single_wall,chiral,-0.0100508982961,0.02,2.3776955716,0.756844006775,1.62880773421e-13,-0.722145730054
single_wall,chiral,-0.0100508982961,0.02,2.37978869545,0.75751026879,1.40007623042e-13,-0.723592046562
single_wall,chiral,-0.0100508982961,0.02,2.3818818193,0.758176530805,1.20310121791e-13,-0.725035192893
single_wall,chiral,-0.0100508982961,0.02,2.38397494315,0.75884279282,1.03352637171e-13,-0.726475162725
single_wall,chiral,-0.0100508982961,0.02,2.386068067,0.759509054835,8.87585421387e-14,-0.727911949749
single_wall,chiral,-0.0100508982961,0.02,2.38816119086,0.76017531685,7.62023296912e-14,-0.72934554767
single_wall,chiral,-0.0100508982961,0.02,2.39025431471,0.760841578865,6.54027660266e-14,-0.730775950207
single_wall,chiral,-0.0100508982961,0.02,2.39234743856,0.76150784088,5.61169494058e-14,-0.732203151094
single_wall,chiral,-0.0100508982961,0.02,2.39444056241,0.762174102895,4.81351527791e-14,-0.733627144077
single_wall,chiral,-0.0100508982961,0.02,2.39653368626,0.76284036491,4.12763520644e-14,-0.735047922917
single_wall,chiral,-0.0100508982961,0.02,2.39862681011,0.763506626925,3.53843486006e-14,-0.736465481391
single_wall,chiral,-0.0100508982961,0.02,2.40071993397,0.76417288894,3.0324408691e-14,-0.737879813288
single_wall,chiral,-0.0100508982961,0.02,2.40281305782,0.764839150955,2.59803506172e-14,-0.73929091241
single_wall,chiral,-0.0100508982961,0.02,2.40490618167,0.76550541297,2.22520228822e-14,-0.740698772577
single_wall,chiral,-0.0100508982961,0.02,2.40699930552,0.766171674985,1.90531202458e-14,-0.742103387619
single_wall,chiral,-0.0100508982961,0.02,2.40909242937,0.766837937,1.63092928442e-14,-0.743504751384
single_wall,chiral,-0.0100508982961,0.02,2.41118555322,0.767504199015,1.39565110468e-14,-0.74490285773
single_wall,chiral,-0.0100508982961,0.02,2.41327867708,0.76817046103,1.19396501314e-14,-0.746297700534
single_wall,chiral,-0.0100508982961,0.02,2.41537180093,0.768836723044,1.02112672078e-14,-0.747689273684
single_wall,chiral,-0.0100508982961,0.02,2.41746492478,0.769502985059,8.73054346709e-15,-0.749077571083
single_wall,chiral,-0.0100508982961,0.02,2.41955804863,0.770169247074,7.4623705849e-15,-0.750462586649
single_wall,chiral,-0.0100508982961,0.02,2.42165117248,0.770835509089,6.37656131226e-15,-0.751844314314
single_wall,chiral,-0.0100508982961,0.02,2.42374429633,0.771501771104,5.44716787341e-15,-0.753222748024
single_wall,chiral,-0.0100508982961,0.02,2.42583742018,0.772168033119,4.65189366658e-15,-0.754597881741
single_wall,chiral,-0.0100508982961,0.02,2.42793054404,0.772834295134,3.97158519929e-15,-0.755969709439
single_wall,chiral,-0.0100508982961,0.02,2.43002366789,0.773500557149,3.38979460504e-15,-0.757338225108
single_wall,chiral,-0.0100508982961,0.02,2.43211679174,0.774166819164,2.89240148485e-15,-0.758703422753
single_wall,chiral,-0.0100508982961,0.02,2.43420991559,0.774833081179,2.46728751989e-15,-0.760065296392
single_wall,chiral,-0.0100508982961,0.02,2.43630303944,0.775499343194,2.10405578594e-15,-0.761423840059
single_wall,chiral,-0.0100508982961,0.02,2.43839616329,0.776165605209,1.79378889689e-15,-0.762779047803
single_wall,chiral,-0.0100508982961,0.02,2.44048928715,0.776831867224,1.52884099605e-15,-0.764130913684
single_wall,chiral,-0.0100508982961,0.02,2.442582411,0.777498129239,1.30265830723e-15,-0.765479431781
single_wall,chiral,-0.0100508982961,0.02,2.44467553485,0.778164391254,1.1096249603e-15,-0.766824596186
single_wall,chiral,-0.0100508982961,0.02,2.4467686587,0.778830653269,9.44930206282e-16,-0.768166401006
single_wall,chiral,-0.0100508982961,0.02,2.44886178255,0.779496915284,8.04454281752e-16,-0.769504840361
single_wall,chiral,-0.0100508982961,0.02,2.4509549064,0.780163177299,6.84670209885e-16,-0.770839908387
single_wall,chiral,-0.0100508982961,0.02,2.45304803026,0.780829439314,5.82559411561e-16,-0.772171599236
single_wall,chiral,-0.0100508982961,0.02,2.45514115411,0.781495701329,4.95539254247e-16,-0.773499907073
single_wall,chiral,-0.0100508982961,0.02,2.45723427796,0.782161963344,4.21400680583e-16,-0.774824826079
single_wall,chiral,-0.0100508982961,0.02,2.45932740181,0.782828225359,3.58254834884e-16,-0.776146350449
single_wall,chiral,-0.0100508982961,0.02,2.46142052566,0.783494487374,3.04487067306e-16,-0.777464474393
single_wall,chiral,-0.0100508982961,0.02,2.46351364951,0.784160749389,2.58717562539e-16,-0.778779192136
single_wall,chiral,-0.0100508982961,0.02,2.46560677337,0.784827011404,2.1976754793e-16,-0.780090497918
single_wall,chiral,-0.0100508982961,0.02,2.46769989722,0.785493273419,1.86630273097e-16,-0.781398385994
single_wall,chiral,-0.0100508982961,0.02,2.46979302107,0.786159535434,1.58446197171e-16,-0.782702850634
single_wall,chiral,-0.0100508982961,0.02,2.47188614492,0.786825797449,1.34481659958e-16,-0.784003886124
single_wall,chiral,-0.0100508982961,0.02,2.47397926877,0.787492059464,1.1411063699e-16,-0.785301486762
single_wall,chiral,-0.0100508982961,0.02,2.47607239262,0.788158321479,9.67990984901e-17,-0.786595646865
single_wall,chiral,-0.0100508982961,0.02,2.47816551648,0.788824583494,8.20916439817e-17,-0.787886360761
single_wall,chiral,-0.0100508982961,0.02,2.48025864033,0.789490845509,6.96000210929e-17,-0.789173622796
single_wall,chiral,-0.0100508982961,0.02,2.48235176418,0.790157107524,5.89933204569e-17,-0.790457427331
single_wall,chiral,-0.0100508982961,0.02,2.48444488803,0.790823369539,4.99896054106e-17,-0.791737768741
single_wall,chiral,-0.0100508982961,0.02,2.48653801188,0.791489631554,4.23487185256e-17,-0.793014641416
single_wall,chiral,-0.0100508982961,0.02,2.48863113573,0.792155893569,3.58661574158e-17,-0.794288039763
single_wall,chiral,-0.0100508982961,0.02,2.49072425959,0.792822155584,3.03678293722e-17,-0.795557958202
single_wall,chiral,-0.0100508982961,0.02,2.49281738344,0.793488417599,2.57055753263e-17,-0.79682439117
single_wall,chiral,-0.0100508982961,0.02,2.49491050729,0.794154679614,2.17533351185e-17,-0.798087333118
single_wall,chiral,-0.0100508982961,0.02,2.49700363114,0.794820941629,1.84038906798e-17,-0.799346778513
single_wall,chiral,-0.0100508982961,0.02,2.49909675499,0.795487203644,1.55660733458e-17,-0.800602721837
single_wall,chiral,-0.0100508982961,0.02,2.50118987884,0.796153465659,1.31623800831e-17,-0.801855157587
single_wall,chiral,-0.0100508982961,0.02,2.50328300269,0.796819727674,1.11269450959e-17,-0.803104080278
single_wall,chiral,-0.0100508982961,0.02,2.50537612655,0.797485989689,9.40381587666e-18,-0.804349484436
single_wall,chiral,-0.0100508982961,0.02,2.5074692504,0.798152251704,7.94546038571e-18,-0.805591364605
single_wall,chiral,-0.0100508982961,0.02,2.50956237425,0.798818513719,6.71152537173e-18,-0.806829715346
single_wall,chiral,-0.0100508982961,0.02,2.5116554981,0.799484775734,5.66775311939e-18,-0.808064531231
single_wall,chiral,-0.0100508982961,0.02,2.51374862195,0.800151037749,4.78507177014e-18,-0.809295806852
single_wall,chiral,-0.0100508982961,0.02,2.5158417458,0.800817299764,4.03881680621e-18,-0.810523536813
single_wall,chiral,-0.0100508982961,0.02,2.51793486966,0.801483561779,3.40806853269e-18,-0.811747715737
single_wall,chiral,-0.0100508982961,0.02,2.52002799351,0.802149823794,2.87508846993e-18,-0.812968338259
single_wall,chiral,-0.0100508982961,0.02,2.52212111736,0.802816085808,2.42484125308e-18,-0.814185399032
single_wall,chiral,-0.0100508982961,0.02,2.52421424121,0.803482347823,2.04458324159e-18,-0.815398892724
single_wall,chiral,-0.0100508982961,0.02,2.52630736506,0.804148609838,1.72351923696e-18,-0.816608814018
single_wall,chiral,-0.0100508982961,0.02,2.52840048891,0.804814871853,1.45250455375e-18,-0.817815157613
single_wall,chiral,-0.0100508982961,0.02,2.53049361277,0.805481133868,1.22379683462e-18,-0.819017918224
single_wall,chiral,-0.0100508982961,0.02,2.53258673662,0.806147395883,1.03084121502e-18,-0.820217090583
single_wall,chiral,-0.0100508982961,0.02,2.53467986047,0.806813657898,8.68091527927e-19,-0.821412669434
single_wall,chiral,-0.0100508982961,0.02,2.53677298432,0.807479919913,7.30853919355e-19,-0.822604649539
single_wall,chiral,-0.0100508982961,0.02,2.53886610817,0.808146181928,6.15158722536e-19,-0.823793025678
single_wall,chiral,-0.0100508982961,0.02,2.54095923202,0.808812443943,5.17649991052e-19,-0.824977792642
single_wall,chiral,-0.0100508982961,0.02,2.54305235588,0.809478705958,4.35489060849e-19,-0.826158945242
single_wall,chiral,-0.0100508982961,0.02,2.54514547973,0.810144967973,3.66278063897e-19,-0.827336478303
single_wall,chiral,-0.0100508982961,0.02,2.54723860358,0.810811229988,3.07990964961e-19,-0.828510386665
single_wall,chiral,-0.0100508982961,0.02,2.54933172743,0.811477492003,2.58915532488e-19,-0.829680665186
single_wall,chiral,-0.0100508982961,0.02,2.55142485128,0.812143754018,2.17606681569e-19,-0.830847308739
single_wall,chiral,-0.0100508982961,0.02,2.55351797513,0.812810016033,1.82843842606e-19,-0.832010312211
single_wall,chiral,-0.0100508982961,0.02,2.55561109899,0.813476278048,1.53597058857e-19,-0.833169670508
single_wall,chiral,-0.0100508982961,0.02,2.55770422284,0.814142540063,1.28997017433e-19,-0.834325378551
single_wall,chiral,-0.0100508982961,0.02,2.55979734669,0.814808802078,1.08310947927e-19,-0.835477431276
single_wall,chiral,-0.0100508982961,0.02,2.56189047054,0.815475064093,9.09199156368e-20,-0.836625823636
single_wall,chiral,-0.0100508982961,0.02,2.56398359439,0.816141326108,7.63032071075e-20,-0.837770550599
single_wall,chiral,-0.0100508982961,0.02,2.56607671824,0.816807588123,6.40207966006e-20,-0.83891160715
single_wall,chiral,-0.0100508982961,0.02,2.5681698421,0.817473850138,5.37027856486e-20,-0.840048988291
single_wall,chiral,-0.0100508982961,0.02,2.57026296595,0.818140112153,4.50368316212e-20,-0.841182689037
single_wall,chiral,-0.0100508982961,0.02,2.5723560898,0.818806374168,3.7760536714e-20,-0.842312704423
single_wall,chiral,-0.0100508982961,0.02,2.57444921365,0.819472636183,3.1652206196e-20,-0.843439029497
single_wall,chiral,-0.0100508982961,0.02,2.5765423375,0.820138898198,2.6525786169e-20,-0.844561659325
single_wall,chiral,-0.0100508982961,0.02,2.57863546135,0.820805160213,2.22243857431e-20,-0.845680588988
single_wall,chiral,-0.0100508982961,0.02,2.58072858521,0.821471422228,1.86161980771e-20,-0.846795813584
single_wall,chiral,-0.0100508982961,0.02,2.58282170906,0.822137684243,1.55901113667e-20,-0.847907328228
single_wall,chiral,-0.0100508982961,0.02,2.58491483291,0.822803946258,1.30529309791e-20,-0.849015128048
single_wall,chiral,-0.0100508982961,0.02,2.58700795676,0.823470208273,1.09260919669e-20,-0.850119208193
single_wall,chiral,-0.0100508982961,0.02,2.58910108061,0.824136470288,9.14369045355e-21,-0.851219563824
single_wall,chiral,-0.0100508982961,0.02,2.59119420446,0.824802732303,7.65030385503e-21,-0.852316190121
single_wall,chiral,-0.0100508982961,0.02,2.59328732831,0.825468994318,6.39936840778e-21,-0.85340908228
single_wall,chiral,-0.0100508982961,0.02,2.59538045217,0.826135256333,5.35174822926e-21,-0.854498235512
single_wall,chiral,-0.0100508982961,0.02,2.59747357602,0.826801518348,4.47460908783e-21,-0.855583645045
single_wall,chiral,-0.0100508982961,0.02,2.59956669987,0.827467780363,3.74037533825e-21,-0.856665306124
single_wall,chiral,-0.0100508982961,0.02,2.60165982372,0.828134042378,3.12593349278e-21,-0.857743214011
single_wall,chiral,-0.0100508982961,0.02,2.60375294757,0.828800304393,2.61182596096e-21,-0.858817363983
single_wall,chiral,-0.0100508982961,0.02,2.60584607142,0.829466566408,2.18178698577e-21,-0.859887751333
single_wall,chiral,-0.0100508982961,0.02,2.60793919528,0.830132828423,1.8221342284e-21,-0.860954371372
single_wall,chiral,-0.0100508982961,0.02,2.61003231913,0.830799090438,1.52143675573e-21,-0.862017219427
single_wall,chiral,-0.0100508982961,0.02,2.61212544298,0.831465352453,1.27007435038e-21,-0.863076290842
single_wall,chiral,-0.0100508982961,0.02,2.61421856683,0.832131614468,1.0600240193e-21,-0.864131580977
single_wall,chiral,-0.0100508982961,0.02,2.61631169068,0.832797876483,8.8450067835e-22,-0.865183085208
single_wall,chiral,-0.0100508982961,0.02,2.61840481453,0.833464138498,7.37883340992e-22,-0.866230798928
single_wall,chiral,-0.0100508982961,0.02,2.62049793839,0.834130400513,6.15436868444e-22,-0.867274717547
single_wall,chiral,-0.0100508982961,0.02,2.62259106224,0.834796662528,5.13188297274e-22,-0.868314836492
single_wall,chiral,-0.0100508982961,0.02,2.62468418609,0.835462924543,4.27844461513e-22,-0.869351151206
single_wall,chiral,-0.0100508982961,0.02,2.62677730994,0.836129186557,3.56609486716e-22,-0.870383657148
single_wall,chiral,-0.0100508982961,0.02,2.62887043379,0.836795448572,2.97173451239e-22,-0.871412349795
single_wall,chiral,-0.0100508982961,0.02,2.63096355764,0.837461710587,2.47589336916e-22,-0.87243722464
single_wall,chiral,-0.0100508982961,0.02,2.6330566815,0.838127972602,2.06232713618e-22,-0.873458277193
single_wall,chiral,-0.0100508982961,0.02,2.63514980535,0.838794234617,1.71748921097e-22,-0.87447550298
single_wall,chiral,-0.0100508982961,0.02,2.6372429292,0.839460496632,1.43001797865e-22,-0.875488897545
single_wall,chiral,-0.0100508982961,0.02,2.63933605305,0.840126758647,1.19038034546e-22,-0.876498456448
single_wall,chiral,-0.0100508982961,0.02,2.6414291769,0.840793020662,9.90697858684e-23,-0.877504175265
single_wall,chiral,-0.0100508982961,0.02,2.64352230075,0.841459282677,8.24352352008e-23,-0.878506049592
single_wall,chiral,-0.0100508982961,0.02,2.64561542461,0.842125544692,6.85797021752e-23,-0.879504075037
single_wall,chiral,-0.0100508982961,0.02,2.64770854846,0.842791806707,5.70410929241e-23,-0.88049824723
single_wall,chiral,-0.0100508982961,0.02,2.64980167231,0.843458068722,4.74321490887e-23,-0.881488561814
single_wall,chiral,-0.0100508982961,0.02,2.65189479616,0.844124330737,3.94365056156e-23,-0.88247501445
single_wall,chiral,-0.0100508982961,0.02,2.65398792001,0.844790592752,3.27787947247e-23,-0.883457600816
single_wall,chiral,-0.0100508982961,0.02,2.65608104386,0.845456854767,2.72405793387e-23,-0.884436316609
single_wall,chiral,-0.0100508982961,0.02,2.65817416772,0.846123116782,2.26343824129e-23,-0.885411157539
single_wall,chiral,-0.0100508982961,0.02,2.66026729157,0.846789378797,1.88030075933e-23,-0.886382119336
single_wall,chiral,-0.0100508982961,0.02,2.66236041542,0.847455640812,1.56169830935e-23,-0.887349197746
single_wall,chiral,-0.0100508982961,0.02,2.66445353927,0.848121902827,1.29677747363e-23,-0.888312388532
single_wall,chiral,-0.0100508982961,0.02,2.66654666312,0.848788164842,1.07659881065e-23,-0.889271687474
single_wall,chiral,-0.0100508982961,0.02,2.66863978697,0.849454426857,8.93702019372e-24,-0.890227090369
single_wall,chiral,-0.0100508982961,0.02,2.67073291083,0.850120688872,7.4165889642e-24,-0.891178593032
single_wall,chiral,-0.0100508982961,0.02,2.67282603468,0.850786950887,6.15369252129e-24,-0.892126191293
single_wall,chiral,-0.0100508982961,0.02,2.67491915853,0.851453212902,5.1050032424e-24,-0.893069881002
single_wall,chiral,-0.0100508982961,0.02,2.67701228238,0.852119474917,4.23403357832e-24,-0.894009658023
single_wall,chiral,-0.0100508982961,0.02,2.67910540623,0.852785736932,3.50970556715e-24,-0.89494551824
single_wall,chiral,-0.0100508982961,0.02,2.68119853008,0.853451998947,2.90984665907e-24,-0.895877457552
single_wall,chiral,-0.0100508982961,0.02,2.68329165393,0.854118260962,2.41217489632e-24,-0.896805471876
single_wall,chiral,-0.0100508982961,0.02,2.68538477779,0.854784522977,1.99891013144e-24,-0.897729557147
single_wall,chiral,-0.0100508982961,0.02,2.68747790164,0.855450784992,1.65654968903e-24,-0.898649709316
single_wall,chiral,-0.0100508982961,0.02,2.68957102549,0.856117047007,1.37225193719e-24,-0.899565924351
single_wall,chiral,-0.0100508982961,0.02,2.69166414934,0.856783309022,1.13614314676e-24,-0.900478198239
single_wall,chiral,-0.0100508982961,0.02,2.69375727319,0.857449571037,9.40840161362e-25,-0.901386526983
single_wall,chiral,-0.0100508982961,0.02,2.69585039704,0.858115833052,7.78903206195e-25,-0.902290906602
single_wall,chiral,-0.0100508982961,0.02,2.6979435209,0.858782095067,6.44584163645e-25,-0.903191333136
single_wall,chiral,-0.0100508982961,0.02,2.70003664475,0.859448357082,5.33552182803e-25,-0.904087802638
single_wall,chiral,-0.0100508982961,0.02,2.7021297686,0.860114619097,4.41498480431e-25,-0.904980311182
single_wall,chiral,-0.0100508982961,0.02,2.70422289245,0.860780881112,3.65087903397e-25,-0.905868854857
single_wall,chiral,-0.0100508982961,0.02,2.7063160163,0.861447143127,3.02047206975e-25,-0.90675342977
single_wall,chiral,-0.0100508982961,0.02,2.70840914015,0.862113405142,2.4973921015e-25,-0.907634032046
single_wall,chiral,-0.0100508982961,0.02,2.71050226401,0.862779667157,2.06446876282e-25,-0.908510657827
single_wall,chiral,-0.0100508982961,0.02,2.71259538786,0.863445929172,1.70799537732e-25,-0.909383303272
single_wall,chiral,-0.0100508982961,0.02,2.71468851171,0.864112191187,1.41093963888e-25,-0.910251964558
single_wall,chiral,-0.0100508982961,0.02,2.71678163556,0.864778453202,1.1658565312e-25,-0.911116637879
single_wall,chiral,-0.0100508982961,0.02,2.71887475941,0.865444715217,9.63372100028e-26,-0.911977319447
single_wall,chiral,-0.0100508982961,0.02,2.72096788326,0.866110977232,7.95407318323e-26,-0.912834005491
single_wall,chiral,-0.0100508982961,0.02,2.72306100712,0.866777239247,6.5705373058e-26,-0.913686692258
single_wall,chiral,-0.0100508982961,0.02,2.72515413097,0.867443501262,5.42375930862e-26,-0.914535376012
single_wall,chiral,-0.0100508982961,0.02,2.72724725482,0.868109763277,4.47979662988e-26,-0.915380053035
single_wall,chiral,-0.0100508982961,0.02,2.72934037867,0.868776025292,3.69784550301e-26,-0.916220719626
single_wall,chiral,-0.0100508982961,0.02,2.73143350252,0.869442287307,3.05095873903e-26,-0.917057372102
single_wall,chiral,-0.0100508982961,0.02,2.73352662637,0.870108549321,2.51587413475e-26,-0.917890006798
single_wall,chiral,-0.0100508982961,0.02,2.73561975023,0.870774811336,2.07606218725e-26,-0.918718620065
single_wall,chiral,-0.0100508982961,0.02,2.73771287408,0.871441073351,1.70972496918e-26,-0.919543208273
single_wall,chiral,-0.0100508982961,0.02,2.73980599793,0.872107335366,1.4124573084e-26,-0.920363767811
single_wall,chiral,-0.0100508982961,0.02,2.74189912178,0.872773597381,1.16440536417e-26,-0.921180295082
single_wall,chiral,-0.0100508982961,0.02,2.74399224563,0.873439859396,9.60386195057e-27,-0.921992786509
single_wall,chiral,-0.0100508982961,0.02,2.74608536948,0.874106121411,7.89683264116e-27,-0.922801238533
single_wall,chiral,-0.0100508982961,0.02,2.74817849334,0.874772383426,6.47569116393e-27,-0.923605647611
single_wall,chiral,-0.0100508982961,0.02,2.75027161719,0.875438645441,5.35201405806e-27,-0.924406010221
single_wall,chiral,-0.0100508982961,0.02,2.75236474104,0.876104907456,4.38179795291e-27,-0.925202322854
single_wall,chiral,-0.0100508982961,0.02,2.75445786489,0.876771169471,3.61931733127e-27,-0.925994582022
single_wall,chiral,-0.0100508982961,0.02,2.75655098874,0.877437431486,2.97431597098e-27,-0.926782784254
single_wall,chiral,-0.0100508982961,0.02,2.75864411259,0.878103693501,2.43240634167e-27,-0.927566926098
single_wall,chiral,-0.0100508982961,0.02,2.76073723645,0.878769955516,2.00418875603e-27,-0.928347004117
single_wall,chiral,-0.0100508982961,0.02,2.7628303603,0.879436217531,1.6419134707e-27,-0.929123014893
single_wall,chiral,-0.0100508982961,0.02,2.76492348415,0.880102479546,1.3440800885e-27,-0.929894955028
single_wall,chiral,-0.0100508982961,0.02,2.767016608,0.880768741561,1.10978514134e-27,-0.930662821138
single_wall,chiral,-0.0100508982961,0.02,2.76910973185,0.881435003576,9.07718163869e-28,-0.931426609861
single_wall,chiral,-0.0100508982961,0.02,2.7712028557,0.882101265591,7.56485081204e-28,-0.932186317848
single_wall,chiral,-0.0100508982961,0.02,2.77329597955,0.882767527606,6.12096891712e-28,-0.932941941774
single_wall,chiral,-0.0100508982961,0.02,2.77538910341,0.883433789621,5.04846816978e-28,-0.933693478325
single_wall,chiral,-0.0100508982961,0.02,2.77748222726,0.884100051636,4.16256549288e-28,-0.934440924211
single_wall,chiral,-0.0100508982961,0.02,2.77957535111,0.884766313651,3.41189337823e-28,-0.935184276156
single_wall,chiral,-0.0100508982961,0.02,2.78166847496,0.885432575666,2.77260581724e-28,-0.935923530903
single_wall,chiral,-0.0100508982961,0.02,2.78376159881,0.886098837681,2.26485333793e-28,-0.936658685215
single_wall,chiral,-0.0100508982961,0.02,2.78585472266,0.886765099696,1.91599903234e-28,-0.937389735869
single_wall,chiral,-0.0100508982961,0.02,2.78794784652,0.887431361711,1.54329927497e-28,-0.938116679663
single_wall,chiral,-0.0100508982961,0.02,2.79004097037,0.888097623726,1.27021499635e-28,-0.938839513413
single_wall,chiral,-0.0100508982961,0.02,2.79213409422,0.888763885741,1.02439296869e-28,-0.939558233951
single_wall,chiral,-0.0100508982961,0.02,2.79422721807,0.889430147756,8.26380986281e-29,-0.940272838128
single_wall,chiral,-0.0100508982961,0.02,2.79632034192,0.890096409771,6.60997686065e-29,-0.940983322815
single_wall,chiral,-0.0100508982961,0.02,2.79841346577,0.890762671786,5.4266572628e-29,-0.941689684897
single_wall,chiral,-0.0100508982961,0.02,2.80050658963,0.891428933801,4.35661989769e-29,-0.94239192128
single_wall,chiral,-0.0100508982961,0.02,2.80259971348,0.892095195816,3.59106829169e-29,-0.943090028889
single_wall,chiral,-0.0100508982961,0.02,2.80469283733,0.892761457831,2.96502551919e-29,-0.943784004663
single_wall,chiral,-0.0100508982961,0.02,2.80678596118,0.893427719846,2.29435101269e-29,-0.944473845563
single_wall,chiral,-0.0100508982961,0.02,2.80887908503,0.894093981861,1.91379822405e-29,-0.945159548567
single_wall,chiral,-0.0100508982961,0.02,2.81097220888,0.894760243876,1.51125465581e-29,-0.94584111067
single_wall,chiral,-0.0100508982961,0.02,2.81306533274,0.895426505891,1.16314552698e-29,-0.946518528886
single_wall,chiral,-0.0100508982961,0.02,2.81515845659,0.896092767906,1.01719327172e-29,-0.947191800247
single_wall,chiral,-0.0100508982961,0.02,2.81725158044,0.896759029921,7.63950835619e-30,-0.947860921804
single_wall,chiral,-0.0100508982961,0.02,2.81934470429,0.897425291936,5.96757759501e-30,-0.948525890625
single_wall,chiral,-0.0100508982961,0.02,2.82143782814,0.898091553951,4.92178773924e-30,-0.949186703797
single_wall,chiral,-0.0100508982961,0.02,2.82353095199,0.898757815966,4.62321218989e-30,-0.949843358425
single_wall,chiral,-0.0100508982961,0.02,2.82562407585,0.899424077981,3.66241245686e-30,-0.950495851631
single_wall,chiral,-0.0100508982961,0.02,2.8277171997,0.900090339996,2.90722823352e-30,-0.951144180557
single_wall,chiral,-0.0100508982961,0.02,2.82981032355,0.900756602011,2.03199096321e-30,-0.951788342363
single_wall,chiral,-0.0100508982961,0.02,2.8319034474,0.901422864026,2.04456515763e-30,-0.952428334226
single_wall,chiral,-0.0100508982961,0.02,2.83399657125,0.902089126041,1.5751342241e-30,-0.953064153343
single_wall,chiral,-0.0100508982961,0.02,2.8360896951,0.902755388056,1.75009520965e-30,-0.953695796927
single_wall,chiral,-0.0100508982961,0.02,2.83818281896,0.90342165007,1.03745407863e-30,-0.954323262212
single_wall,chiral,-0.0100508982961,0.02,2.84027594281,0.904087912085,1.01673948277e-30,-0.954946546449
single_wall,chiral,-0.0100508982961,0.02,2.84236906666,0.9047541741,6.79246521287e-31,-0.955565646906
single_wall,chiral,-0.0100508982961,0.02,2.84446219051,0.905420436115,5.10255535558e-31,-0.956180560872
single_wall,chiral,-0.0100508982961,0.02,2.84655531436,0.90608669813,5.84303777901e-31,-0.956791285653
single_wall,chiral,-0.0100508982961,0.02,2.84864843821,0.906752960145,5.21271862619e-31,-0.957397818571
single_wall,chiral,-0.0100508982961,0.02,2.85074156207,0.90741922216,3.71034209667e-31,-0.958000156972
single_wall,chiral,-0.0100508982961,0.02,2.85283468592,0.908085484175,4.17534180581e-31,-0.958598298214
single_wall,chiral,-0.0100508982961,0.02,2.85492780977,0.90875174619,3.44138436672e-31,-0.959192239679
single_wall,chiral,-0.0100508982961,0.02,2.85702093362,0.909418008205,3.07948288265e-31,-0.959781978763
single_wall,chiral,-0.0100508982961,0.02,2.85911405747,0.91008427022,2.446205852e-31,-0.960367512883
single_wall,chiral,-0.0100508982961,0.02,2.86120718132,0.910750532235,2.06686420359e-31,-0.960948839474
single_wall,chiral,-0.0100508982961,0.02,2.86330030517,0.91141679425,2.49025209716e-31,-0.961525955989
single_wall,chiral,-0.0100508982961,0.02,2.86539342903,0.912083056265,2.87212795471e-31,-0.962098859899
single_wall,chiral,-0.0100508982961,0.02,2.86748655288,0.91274931828,1.01140239097e-31,-0.962667548694
single_wall,chiral,-0.0100508982961,0.02,2.86957967673,0.913415580295,1.77035578501e-31,-0.963232019883
single_wall,chiral,-0.0100508982961,0.02,2.87167280058,0.91408184231,1.58903729138e-31,-0.963792270993
single_wall,chiral,-0.0100508982961,0.02,2.87376592443,0.914748104325,1.53771114813e-31,-0.964348299569
single_wall,chiral,-0.0100508982961,0.02,2.87585904828,0.91541436634,1.89506275679e-31,-0.964900103175
single_wall,chiral,-0.0100508982961,0.02,2.87795217214,0.916080628355,1.06931269449e-31,-0.965447679394
single_wall,chiral,-0.0100508982961,0.02,2.88004529599,0.91674689037,8.55152488084e-32,-0.965991025826
single_wall,chiral,-0.0100508982961,0.02,2.88213841984,0.917413152385,3.22156272651e-32,-0.966530140091
single_wall,chiral,-0.0100508982961,0.02,2.88423154369,0.9180794144,3.40028885475e-32,-0.967065019828
single_wall,chiral,-0.0100508982961,0.02,2.88632466754,0.918745676415,5.64424686376e-32,-0.967595662692
single_wall,chiral,-0.0100508982961,0.02,2.88841779139,0.91941193843,4.63243863676e-32,-0.96812206636
single_wall,chiral,-0.0100508982961,0.02,2.89051091525,0.920078200445,9.62829378832e-33,-0.968644228524
single_wall,chiral,-0.0100508982961,0.02,2.8926040391,0.92074446246,1.15763638416e-32,-0.969162146896
single_wall,chiral,-0.0100508982961,0.02,2.89469716295,0.921410724475,2.78186204096e-33,-0.969675819209
single_wall,chiral,-0.0100508982961,0.02,2.8967902868,0.92207698649,5.02522491717e-33,-0.970185243211
single_wall,chiral,-0.0100508982961,0.02,2.89888341065,0.922743248505,4.75981942503e-33,-0.970690416671
single_wall,chiral,-0.0100508982961,0.02,2.9009765345,0.92340951052,1.45925565145e-32,-0.971191337375
single_wall,chiral,-0.0100508982961,0.02,2.90306965836,0.924075772535,1.49671994065e-32,-0.971688003129
single_wall,chiral,-0.0100508982961,0.02,2.90516278221,0.92474203455,1.56832697636e-32,-0.972180411756
single_wall,chiral,-0.0100508982961,0.02,2.90725590606,0.925408296565,3.09016500315e-32,-0.9726685611
single_wall,chiral,-0.0100508982961,0.02,2.90934902991,0.92607455858,5.73582483118e-33,-0.973152449022
single_wall,chiral,-0.0100508982961,0.02,2.91144215376,0.926740820595,1.02220702337e-32,-0.973632073401
single_wall,chiral,-0.0100508982961,0.02,2.91353527761,0.92740708261,2.75921241479e-33,-0.974107432136
single_wall,chiral,-0.0100508982961,0.02,2.91562840147,0.928073344625,9.76735911707e-34,-0.974578523146
single_wall,chiral,-0.0100508982961,0.02,2.91772152532,0.92873960664,7.25670809141e-33,-0.975045344365
single_wall,chiral,-0.0100508982961,0.02,2.91981464917,0.929405868655,5.92920878042e-33,-0.975507893749
single_wall,chiral,-0.0100508982961,0.02,2.92190777302,0.93007213067,5.46140465126e-33,-0.975966169271
single_wall,chiral,-0.0100508982961,0.02,2.92400089687,0.930738392685,4.1460133078e-34,-0.976420168923
single_wall,chiral,-0.0100508982961,0.02,2.92609402072,0.9314046547,9.83948289282e-34,-0.976869890717
single_wall,chiral,-0.0100508982961,0.02,2.92818714458,0.932070916715,5.72551504284e-33,-0.977315332681
single_wall,chiral,-0.0100508982961,0.02,2.93028026843,0.93273717873,1.64648375963e-32,-0.977756492865
single_wall,chiral,-0.0100508982961,0.02,2.93237339228,0.933403440745,1.6044264432e-32,-0.978193369336
single_wall,chiral,-0.0100508982961,0.02,2.93446651613,0.93406970276,6.74888560447e-32,-0.978625960179
single_wall,chiral,-0.0100508982961,0.02,2.93655963998,0.934735964775,1.10001177317e-32,-0.9790542635
single_wall,chiral,-0.0100508982961,0.02,2.93865276383,0.93540222679,1.73689110149e-32,-0.979478277421
single_wall,chiral,-0.0100508982961,0.02,2.94074588769,0.936068488805,7.9613646509e-32,-0.979898000086
single_wall,chiral,-0.0100508982961,0.02,2.94283901154,0.936734750819,1.14427995911e-31,-0.980313429655
single_wall,chiral,-0.0100508982961,0.02,2.94493213539,0.937401012834,1.02056819956e-31,-0.980724564308
single_wall,chiral,-0.0100508982961,0.02,2.94702525924,0.938067274849,1.54255173159e-31,-0.981131402244
single_wall,chiral,-0.0100508982961,0.02,2.94911838309,0.938733536864,2.58300884707e-31,-0.981533941681
single_wall,chiral,-0.0100508982961,0.02,2.95121150694,0.939399798879,2.276390914e-31,-0.981932180855
single_wall,chiral,-0.0100508982961,0.02,2.95330463079,0.940066060894,3.47277072383e-31,-0.982326118021
single_wall,chiral,-0.0100508982961,0.02,2.95539775465,0.940732322909,3.47314705753e-31,-0.982715751454
single_wall,chiral,-0.0100508982961,0.02,2.9574908785,0.941398584924,2.59669835688e-31,-0.983101079446
single_wall,chiral,-0.0100508982961,0.02,2.95958400235,0.942064846939,3.39086000311e-31,-0.983482100309
single_wall,chiral,-0.0100508982961,0.02,2.9616771262,0.942731108954,2.46742631329e-31,-0.983858812374
single_wall,chiral,-0.0100508982961,0.02,2.96377025005,0.943397370969,3.19310596275e-31,-0.98423121399
single_wall,chiral,-0.0100508982961,0.02,2.9658633739,0.944063632984,2.28110888477e-31,-0.984599303526
single_wall,chiral,-0.0100508982961,0.02,2.96795649776,0.944729894999,2.39513397267e-31,-0.984963079369
single_wall,chiral,-0.0100508982961,0.02,2.97004962161,0.945396157014,1.57146090457e-31,-0.985322539925
single_wall,chiral,-0.0100508982961,0.02,2.97214274546,0.946062419029,1.73074857039e-31,-0.98567768362
single_wall,chiral,-0.0100508982961,0.02,2.97423586931,0.946728681044,1.40707320435e-31,-0.986028508898
single_wall,chiral,-0.0100508982961,0.02,2.97632899316,0.947394943059,1.49762461276e-31,-0.986375014221
single_wall,chiral,-0.0100508982961,0.02,2.97842211701,0.948061205074,1.46118367227e-31,-0.986717198071
single_wall,chiral,-0.0100508982961,0.02,2.98051524087,0.948727467089,2.09850715089e-31,-0.98705505895
single_wall,chiral,-0.0100508982961,0.02,2.98260836472,0.949393729104,1.44645733313e-31,-0.987388595377
single_wall,chiral,-0.0100508982961,0.02,2.98470148857,0.950059991119,1.41357853924e-31,-0.987717805891
single_wall,chiral,-0.0100508982961,0.02,2.98679461242,0.950726253134,1.51576628202e-31,-0.988042689049
single_wall,chiral,-0.0100508982961,0.02,2.98888773627,0.951392515149,1.27823643419e-31,-0.988363243429
single_wall,chiral,-0.0100508982961,0.02,2.99098086012,0.952058777164,1.76469858005e-31,-0.988679467625
single_wall,chiral,-0.0100508982961,0.02,2.99307398398,0.952725039179,1.96210515879e-31,-0.988991360252
single_wall,chiral,-0.0100508982961,0.02,2.99516710783,0.953391301194,2.1599108179e-31,-0.989298919944
single_wall,chiral,-0.0100508982961,0.02,2.99726023168,0.954057563209,2.44054607442e-31,-0.989602145354
single_wall,chiral,-0.0100508982961,0.02,2.99935335553,0.954723825224,3.09428661283e-31,-0.989901035152
single_wall,chiral,-0.0100508982961,0.02,3.00144647938,0.955390087239,3.61665262421e-31,-0.99019558803
single_wall,chiral,-0.0100508982961,0.02,3.00353960323,0.956056349254,3.28659212441e-31,-0.990485802696
single_wall,chiral,-0.0100508982961,0.02,3.00563272709,0.956722611269,3.47747156941e-31,-0.99077167788
single_wall,chiral,-0.0100508982961,0.02,3.00772585094,0.957388873284,4.60016376249e-31,-0.991053212329
single_wall,chiral,-0.0100508982961,0.02,3.00981897479,0.958055135299,4.01067186646e-31,-0.99133040481
single_wall,chiral,-0.0100508982961,0.02,3.01191209864,0.958721397314,3.73572407116e-31,-0.991603254107
single_wall,chiral,-0.0100508982961,0.02,3.01400522249,0.959387659329,3.74212952237e-31,-0.991871759027
single_wall,chiral,-0.0100508982961,0.02,3.01609834634,0.960053921344,3.32311662202e-31,-0.992135918391
single_wall,chiral,-0.0100508982961,0.02,3.0181914702,0.960720183359,3.29963302394e-31,-0.992395731044
single_wall,chiral,-0.0100508982961,0.02,3.02028459405,0.961386445374,2.38698694016e-31,-0.992651195846
single_wall,chiral,-0.0100508982961,0.02,3.0223777179,0.962052707389,2.18810986747e-31,-0.992902311679
single_wall,chiral,-0.0100508982961,0.02,3.02447084175,0.962718969404,1.93903858287e-31,-0.993149077442
single_wall,chiral,-0.0100508982961,0.02,3.0265639656,0.963385231419,1.98702655487e-31,-0.993391492054
single_wall,chiral,-0.0100508982961,0.02,3.02865708945,0.964051493434,1.39589104447e-31,-0.993629554453
single_wall,chiral,-0.0100508982961,0.02,3.03075021331,0.964717755449,1.75143822824e-31,-0.993863263597
single_wall,chiral,-0.0100508982961,0.02,3.03284333716,0.965384017464,1.30169560646e-31,-0.99409261846
single_wall,chiral,-0.0100508982961,0.02,3.03493646101,0.966050279479,9.85458115642e-32,-0.994317618039
single_wall,chiral,-0.0100508982961,0.02,3.03702958486,0.966716541494,7.022901865e-32,-0.994538261348
single_wall,chiral,-0.0100508982961,0.02,3.03912270871,0.967382803509,8.91964958383e-32,-0.994754547419
single_wall,chiral,-0.0100508982961,0.02,3.04121583256,0.968049065524,5.39419019226e-32,-0.994966475306
single_wall,chiral,-0.0100508982961,0.02,3.04330895641,0.968715327539,1.18800038795e-31,-0.99517404408
single_wall,chiral,-0.0100508982961,0.02,3.04540208027,0.969381589554,1.34216718785e-31,-0.995377252831
single_wall,chiral,-0.0100508982961,0.02,3.04749520412,0.970047851569,1.00770103648e-31,-0.995576100669
single_wall,chiral,-0.0100508982961,0.02,3.04958832797,0.970714113583,8.68223294529e-32,-0.995770586723
single_wall,chiral,-0.0100508982961,0.02,3.05168145182,0.971380375598,1.30247192485e-31,-0.995960710142
single_wall,chiral,-0.0100508982961,0.02,3.05377457567,0.972046637613,1.51003074754e-31,-0.996146470091
single_wall,chiral,-0.0100508982961,0.02,3.05586769952,0.972712899628,1.33942964973e-31,-0.996327865757
single_wall,chiral,-0.0100508982961,0.02,3.05796082338,0.973379161643,2.03342125207e-31,-0.996504896346
single_wall,chiral,-0.0100508982961,0.02,3.06005394723,0.974045423658,1.75044688627e-31,-0.996677561081
single_wall,chiral,-0.0100508982961,0.02,3.06214707108,0.974711685673,1.88712293732e-31,-0.996845859207
single_wall,chiral,-0.0100508982961,0.02,3.06424019493,0.975377947688,1.56065988595e-31,-0.997009789985
single_wall,chiral,-0.0100508982961,0.02,3.06633331878,0.976044209703,2.0595755423e-31,-0.997169352699
single_wall,chiral,-0.0100508982961,0.02,3.06842644263,0.976710471718,1.34670192811e-31,-0.997324546648
single_wall,chiral,-0.0100508982961,0.02,3.07051956649,0.977376733733,1.37899810768e-31,-0.997475371152
single_wall,chiral,-0.0100508982961,0.02,3.07261269034,0.978042995748,1.33217996318e-31,-0.997621825552
single_wall,chiral,-0.0100508982961,0.02,3.07470581419,0.978709257763,1.07286969916e-31,-0.997763909205
single_wall,chiral,-0.0100508982961,0.02,3.07679893804,0.979375519778,9.00042777874e-32,-0.997901621489
single_wall,chiral,-0.0100508982961,0.02,3.07889206189,0.980041781793,6.93221489443e-32,-0.9980349618
single_wall,chiral,-0.0100508982961,0.02,3.08098518574,0.980708043808,1.31769523388e-31,-0.998163929555
single_wall,chiral,-0.0100508982961,0.02,3.0830783096,0.981374305823,5.20937767715e-32,-0.998288524188
single_wall,chiral,-0.0100508982961,0.02,3.08517143345,0.982040567838,8.80262853722e-33,-0.998408745153
single_wall,chiral,-0.0100508982961,0.02,3.0872645573,0.982706829853,9.35054783705e-33,-0.998524591924
single_wall,chiral,-0.0100508982961,0.02,3.08935768115,0.983373091868,2.77865009824e-32,-0.998636063994
single_wall,chiral,-0.0100508982961,0.02,3.091450805,0.984039353883,7.1959946855e-32,-0.998743160872
single_wall,chiral,-0.0100508982961,0.02,3.09354392885,0.984705615898,2.00074190747e-32,-0.998845882092
single_wall,chiral,-0.0100508982961,0.02,3.09563705271,0.985371877913,3.99073398405e-32,-0.998944227202
single_wall,chiral,-0.0100508982961,0.02,3.09773017656,0.986038139928,4.34855704071e-32,-0.999038195772
single_wall,chiral,-0.0100508982961,0.02,3.09982330041,0.986704401943,1.11939520485e-31,-0.999127787389
single_wall,chiral,-0.0100508982961,0.02,3.10191642426,0.987370663958,4.09647186682e-32,-0.999213001663
single_wall,chiral,-0.0100508982961,0.02,3.10400954811,0.988036925973,4.68505543604e-32,-0.999293838218
single_wall,chiral,-0.0100508982961,0.02,3.10610267196,0.988703187988,4.09082372675e-32,-0.999370296701
single_wall,chiral,-0.0100508982961,0.02,3.10819579582,0.989369450003,9.99682361226e-32,-0.999442376777
single_wall,chiral,-0.0100508982961,0.02,3.11028891967,0.990035712018,3.14902390865e-32,-0.99951007813
single_wall,chiral,-0.0100508982961,0.02,3.11238204352,0.990701974033,4.24265472552e-32,-0.999573400464
single_wall,chiral,-0.0100508982961,0.02,3.11447516737,0.991368236048,7.58099154014e-32,-0.999632343501
single_wall,chiral,-0.0100508982961,0.02,3.11656829122,0.992034498063,4.81105182145e-32,-0.999686906983
single_wall,chiral,-0.0100508982961,0.02,3.11866141507,0.992700760078,3.93674625217e-32,-0.999737090671
single_wall,chiral,-0.0100508982961,0.02,3.12075453893,0.993367022093,5.23388627745e-32,-0.999782894345
single_wall,chiral,-0.0100508982961,0.02,3.12284766278,0.994033284108,4.38960081553e-32,-0.999824317804
single_wall,chiral,-0.0100508982961,0.02,3.12494078663,0.994699546123,2.92019203218e-32,-0.999861360867
single_wall,chiral,-0.0100508982961,0.02,3.12703391048,0.995365808138,3.27035448805e-32,-0.999894023371
single_wall,chiral,-0.0100508982961,0.02,3.12912703433,0.996032070153,2.44682131909e-32,-0.999922305174
single_wall,chiral,-0.0100508982961,0.02,3.13122015818,0.996698332168,1.72243358255e-32,-0.999946206152
single_wall,chiral,-0.0100508982961,0.02,3.13331328203,0.997364594183,1.3835721613e-32,-0.999965726199
single_wall,chiral,-0.0100508982961,0.02,3.13540640589,0.998030856198,5.69822365387e-33,-0.999980865231
single_wall,chiral,-0.0100508982961,0.02,3.13749952974,0.998697118213,6.61254342288e-33,-0.99999162318
single_wall,chiral,-0.0100508982961,0.02,3.13959265359,0.999363380228,2.23308237425e-33,-0.999998000001
two_wall,negative,-0.0142515954686,0.02,0.002,0.000636619772368,3.40438452028e-22,0.999992000011
two_wall,negative,-0.0142515954686,0.02,0.00409312385163,0.00130288178735,7.13601311873e-22,0.999966492861
two_wall,negative,-0.0142515954686,0.02,0.00618624770326,0.00196914380233,1.12231366063e-21,0.999923461655
two_wall,negative,-0.0142515954686,0.02,0.00827937155488,0.00263540581731,1.58675371483e-21,0.999862907146
two_wall,negative,-0.0142515954686,0.02,0.0103724954065,0.00330166783229,2.12964767909e-21,0.999784830395
two_wall,negative,-0.0142515954686,0.02,0.0124656192581,0.00396792984727,2.77729435092e-21,0.99968923277
two_wall,negative,-0.0142515954686,0.02,0.0145587431098,0.00463419186225,3.56076858539e-21,0.999576115948
two_wall,negative,-0.0142515954686,0.02,0.0166518669614,0.00530045387723,4.51729371149e-21,0.999445481909
two_wall,negative,-0.0142515954686,0.02,0.018744990813,0.00596671589221,5.69197900103e-21,0.999297332944
two_wall,negative,-0.0142515954686,0.02,0.0208381146646,0.00663297790719,7.13977906152e-21,0.999131671649
two_wall,negative,-0.0142515954686,0.02,0.0229312385163,0.00729923992217,8.92796958425e-21,0.998948500927
two_wall,negative,-0.0142515954686,0.02,0.0250243623679,0.00796550193715,1.11391739838e-20,0.998747823988
two_wall,negative,-0.0142515954686,0.02,0.0271174862195,0.00863176395213,1.38750531145e-20,0.998529644348
two_wall,negative,-0.0142515954686,0.02,0.0292106100712,0.00929802596711,1.7260721982e-20,0.998293965831
two_wall,negative,-0.0142515954686,0.02,0.0313037339228,0.00996428798209,2.14504185437e-20,0.998040792568
two_wall,negative,-0.0142515954686,0.02,0.0333968577744,0.0106305499971,2.6634246513e-20,0.997770128996
two_wall,negative,-0.0142515954686,0.02,0.035489981626,0.0112968120121,3.30466081191e-20,0.997481979856
two_wall,negative,-0.0142515954686,0.02,0.0375831054777,0.011963074027,4.09764790825e-20,0.9971763502
two_wall,negative,-0.0142515954686,0.02,0.0396762293293,0.012629336042,5.0780042928e-20,0.996853245383
two_wall,negative,-0.0142515954686,0.02,0.0417693531809,0.013295598057,6.28964213747e-20,0.996512671067
two_wall,negative,-0.0142515954686,0.02,0.0438624770326,0.013961860072,7.78669977288e-20,0.996154633222
two_wall,negative,-0.0142515954686,0.02,0.0459556008842,0.014628122087,9.63586018841e-20,0.995779138121
two_wall,negative,-0.0142515954686,0.02,0.0480487247358,0.0152943841019,1.19193054995e-19,0.995386192344
two_wall,negative,-0.0142515954686,0.02,0.0501418485874,0.0159606461169,1.47382814118e-19,0.994975802779
two_wall,negative,-0.0142515954686,0.02,0.0522349724391,0.0166269081319,1.82174461289e-19,0.994547976617
two_wall,negative,-0.0142515954686,0.02,0.0543280962907,0.0172931701469,2.25103428053e-19,0.994102721355
two_wall,negative,-0.0142515954686,0.02,0.0564212201423,0.0179594321619,2.78059753614e-19,0.993640044797
two_wall,negative,-0.0142515954686,0.02,0.0585143439939,0.0186256941768,3.43370168629e-19,0.993159955051
two_wall,negative,-0.0142515954686,0.02,0.0606074678456,0.0192919561918,4.23897566827e-19,0.99266246053
two_wall,negative,-0.0142515954686,0.02,0.0627005916972,0.0199582182068,5.23165006579e-19,0.992147569952
two_wall,negative,-0.0142515954686,0.02,0.0647937155488,0.0206244802218,6.45505632277e-19,0.991615292341
two_wall,negative,-0.0142515954686,0.02,0.0668868394005,0.0212907422368,7.96249469704e-19,0.991065637025
two_wall,negative,-0.0142515954686,0.02,0.0689799632521,0.0219570042517,9.81949902745e-19,0.990498613636
two_wall,negative,-0.0142515954686,0.02,0.0710730871037,0.0226232662667,1.21066355614e-18,0.989914232111
two_wall,negative,-0.0142515954686,0.02,0.0731662109553,0.0232895282817,1.49229292892e-18,0.989312502691
two_wall,negative,-0.0142515954686,0.02,0.075259334807,0.0239557902967,1.83900698535e-18,0.988693435922
two_wall,negative,-0.0142515954686,0.02,0.0773524586586,0.0246220523117,2.26575604094e-18,0.988057042652
two_wall,negative,-0.0142515954686,0.02,0.0794455825102,0.0252883143266,2.79090393342e-18,0.987403334034
two_wall,negative,-0.0142515954686,0.02,0.0815387063618,0.0259545763416,3.43700160198e-18,0.986732321524
two_wall,negative,-0.0142515954686,0.02,0.0836318302135,0.0266208383566,4.23173830773e-18,0.986044016881
two_wall,negative,-0.0142515954686,0.02,0.0857249540651,0.0272871003716,5.20910104774e-18,0.985338432168
two_wall,negative,-0.0142515954686,0.02,0.0878180779167,0.0279533623866,6.41080057259e-18,0.984615579748
two_wall,negative,-0.0142515954686,0.02,0.0899112017684,0.0286196244015,7.88801314024e-18,0.983875472292
two_wall,negative,-0.0142515954686,0.02,0.09200432562,0.0292858864165,9.70351528921e-18,0.983118122767
two_wall,negative,-0.0142515954686,0.02,0.0940974494716,0.0299521484315,1.19342945374e-17,0.982343544447
two_wall,negative,-0.0142515954686,0.02,0.0961905733232,0.0306184104465,1.4674744786e-17,0.981551750906
two_wall,negative,-0.0142515954686,0.02,0.0982836971749,0.0312846724615,1.80405721245e-17,0.98074275602
two_wall,negative,-0.0142515954686,0.02,0.100376821026,0.0319509344764,2.21735763546e-17,0.979916573966
two_wall,negative,-0.0142515954686,0.02,0.102469944878,0.0326171964914,2.72474882391e-17,0.979073219222
two_wall,negative,-0.0142515954686,0.02,0.10456306873,0.0332834585064,3.34751144829e-17,0.978212706569
two_wall,negative,-0.0142515954686,0.02,0.106656192581,0.0339497205214,4.11170493214e-17,0.977335051086
two_wall,negative,-0.0142515954686,0.02,0.108749316433,0.0346159825364,5.04923416933e-17,0.976440268154
two_wall,negative,-0.0142515954686,0.02,0.110842440285,0.0352822445513,6.19914881891e-17,0.975528373453
two_wall,negative,-0.0142515954686,0.02,0.112935564136,0.0359485065663,7.60923268372e-17,0.974599382965
two_wall,negative,-0.0142515954686,0.02,0.115028687988,0.0366147685813,9.33794054113e-17,0.97365331297
two_wall,negative,-0.0142515954686,0.02,0.11712181184,0.0372810305963,1.14567634265e-16,0.972690180046
two_wall,negative,-0.0142515954686,0.02,0.119214935691,0.0379472926113,1.40531109492e-16,0.971710001074
two_wall,negative,-0.0142515954686,0.02,0.121308059543,0.0386135546262,1.72338285923e-16,0.970712793229
two_wall,negative,-0.0142515954686,0.02,0.123401183394,0.0392798166412,2.11294810944e-16,0.969698573987
two_wall,negative,-0.0142515954686,0.02,0.125494307246,0.0399460786562,2.58995761188e-16,0.968667361124
two_wall,negative,-0.0142515954686,0.02,0.127587431098,0.0406123406712,3.17389242898e-16,0.967619172709
two_wall,negative,-0.0142515954686,0.02,0.129680554949,0.0412786026862,3.8885383387e-16,0.966554027112
two_wall,negative,-0.0142515954686,0.02,0.131773678801,0.0419448647011,4.76292899583e-16,0.965471943001
two_wall,negative,-0.0142515954686,0.02,0.133866802653,0.0426111267161,5.83249314521e-16,0.964372939336
two_wall,negative,-0.0142515954686,0.02,0.135959926504,0.0432773887311,7.14045071295e-16,0.963257035379
two_wall,negative,-0.0142515954686,0.02,0.138053050356,0.0439436507461,8.73951029981e-16,0.962124250686
two_wall,negative,-0.0142515954686,0.02,0.140146174207,0.0446099127611,1.0693933126e-15,0.960974605107
two_wall,negative,-0.0142515954686,0.02,0.142239298059,0.045276174776,1.30820413583e-15,0.95980811879
two_wall,negative,-0.0142515954686,0.02,0.144332421911,0.045942436791,1.59992648154e-15,0.958624812177
two_wall,negative,-0.0142515954686,0.02,0.146425545762,0.046608698806,1.95618421785e-15,0.957424706005
two_wall,negative,-0.0142515954686,0.02,0.148518669614,0.047274960821,2.39113134952e-15,0.956207821306
two_wall,negative,-0.0142515954686,0.02,0.150611793466,0.047941222836,2.92199728836e-15,0.954974179405
two_wall,negative,-0.0142515954686,0.02,0.152704917317,0.0486074848509,3.56974829198e-15,0.953723801921
two_wall,negative,-0.0142515954686,0.02,0.154798041169,0.0492737468659,4.35988966263e-15,0.952456710767
two_wall,negative,-0.0142515954686,0.02,0.15689116502,0.0499400088809,5.32343825684e-15,0.951172928148
two_wall,negative,-0.0142515954686,0.02,0.158984288872,0.0506062708959,6.498100897e-15,0.949872476562
two_wall,negative,-0.0142515954686,0.02,0.161077412724,0.0512725329109,7.92970199814e-15,0.948555378799
two_wall,negative,-0.0142515954686,0.02,0.163170536575,0.0519387949258,9.67391226176e-15,0.94722165794
two_wall,negative,-0.0142515954686,0.02,0.165263660427,0.0526050569408,1.17983410743e-14,0.945871337358
two_wall,negative,-0.0142515954686,0.02,0.167356784279,0.0532713189558,1.43850685449e-14,0.944504440718
two_wall,negative,-0.0142515954686,0.02,0.16944990813,0.0539375809708,1.75337077015e-14,0.943120991973
two_wall,negative,-0.0142515954686,0.02,0.171543031982,0.0546038429858,2.13651071664e-14,0.941721015369
two_wall,negative,-0.0142515954686,0.02,0.173636155833,0.0552701050007,2.6025825665e-14,0.940304535439
two_wall,negative,-0.0142515954686,0.02,0.175729279685,0.0559363670157,3.16935381587e-14,0.938871577006
two_wall,negative,-0.0142515954686,0.02,0.177822403537,0.0566026290307,3.8583563298e-14,0.937422165183
two_wall,negative,-0.0142515954686,0.02,0.179915527388,0.0572688910457,4.69567437573e-14,0.93595632537
two_wall,negative,-0.0142515954686,0.02,0.18200865124,0.0579351530607,5.71289537008e-14,0.934474083256
two_wall,negative,-0.0142515954686,0.02,0.184101775092,0.0586014150756,6.94825660192e-14,0.932975464815
two_wall,negative,-0.0142515954686,0.02,0.186194898943,0.0592676770906,8.44802770514e-14,0.931460496312
two_wall,negative,-0.0142515954686,0.02,0.188288022795,0.0599339391056,1.02681766472e-13,0.929929204294
two_wall,negative,-0.0142515954686,0.02,0.190381146646,0.0606002011206,1.24763764834e-13,0.928381615598
two_wall,negative,-0.0142515954686,0.02,0.192474270498,0.0612664631356,1.51544215495e-13,0.926817757345
two_wall,negative,-0.0142515954686,0.02,0.19456739435,0.0619327251505,1.84011354452e-13,0.92523765694
two_wall,negative,-0.0142515954686,0.02,0.196660518201,0.0625989871655,2.23358692018e-13,0.923641342075
two_wall,negative,-0.0142515954686,0.02,0.198753642053,0.0632652491805,2.71027077105e-13,0.922028840723
two_wall,negative,-0.0142515954686,0.02,0.200846765905,0.0639315111955,3.28755255058e-13,0.920400181144
two_wall,negative,-0.0142515954686,0.02,0.202939889756,0.0645977732105,3.98640604664e-13,0.918755391879
two_wall,negative,-0.0142515954686,0.02,0.205033013608,0.0652640352254,4.8321207459e-13,0.917094501753
two_wall,negative,-0.0142515954686,0.02,0.20712613746,0.0659302972404,5.85517725829e-13,0.915417539872
two_wall,negative,-0.0142515954686,0.02,0.209219261311,0.0665965592554,7.09229756664e-13,0.913724535625
two_wall,negative,-0.0142515954686,0.02,0.211312385163,0.0672628212704,8.58770447113e-13,0.91201551868
two_wall,negative,-0.0142515954686,0.02,0.213405509014,0.0679290832854,1.03946311046e-12,0.910290518987
two_wall,negative,-0.0142515954686,0.02,0.215498632866,0.0685953453003,1.25771294007e-12,0.908549566777
two_wall,negative,-0.0142515954686,0.02,0.217591756718,0.0692616073153,1.52122356263e-12,0.906792692559
two_wall,negative,-0.0142515954686,0.02,0.219684880569,0.0699278693303,1.8392562234e-12,0.905019927122
two_wall,negative,-0.0142515954686,0.02,0.221778004421,0.0705941313453,2.22293984972e-12,0.903231301532
two_wall,negative,-0.0142515954686,0.02,0.223871128273,0.0712603933603,2.68564178961e-12,0.901426847135
two_wall,negative,-0.0142515954686,0.02,0.225964252124,0.0719266553752,3.24341089256e-12,0.899606595553
two_wall,negative,-0.0142515954686,0.02,0.228057375976,0.0725929173902,3.91550676722e-12,0.897770578686
two_wall,negative,-0.0142515954686,0.02,0.230150499827,0.0732591794052,4.72503167817e-12,0.895918828709
two_wall,negative,-0.0142515954686,0.02,0.232243623679,0.0739254414202,5.69968459487e-12,0.894051378073
two_wall,negative,-0.0142515954686,0.02,0.234336747531,0.0745917034352,6.87266053751e-12,0.892168259505
two_wall,negative,-0.0142515954686,0.02,0.236429871382,0.0752579654501,8.28372269324e-12,0.890269506005
two_wall,negative,-0.0142515954686,0.02,0.238522995234,0.0759242274651,9.98047979764e-12,0.888355150849
two_wall,negative,-0.0142515954686,0.02,0.240616119086,0.0765904894801,1.2019907316e-11,0.886425227585
two_wall,negative,-0.0142515954686,0.02,0.242709242937,0.0772567514951,1.44701579761e-11,0.884479770035
two_wall,negative,-0.0142515954686,0.02,0.244802366789,0.0779230135101,1.74127155709e-11,0.882518812291
two_wall,negative,-0.0142515954686,0.02,0.24689549064,0.078589275525,2.09449557345e-11,0.880542388718
two_wall,negative,-0.0142515954686,0.02,0.248988614492,0.07925553754,2.51831889564e-11,0.878550533954
two_wall,negative,-0.0142515954686,0.02,0.251081738344,0.079921799555,3.0266274674e-11,0.876543282904
two_wall,negative,-0.0142515954686,0.02,0.253174862195,0.08058806157,3.63599113065e-11,0.874520670745
two_wall,negative,-0.0142515954686,0.02,0.255267986047,0.081254323585,4.36617258069e-11,0.872482732922
two_wall,negative,-0.0142515954686,0.02,0.257361109899,0.0819205855999,5.24073084042e-11,0.87042950515
two_wall,negative,-0.0142515954686,0.02,0.25945423375,0.0825868476149,6.28773641003e-11,0.86836102341
two_wall,negative,-0.0142515954686,0.02,0.261547357602,0.0832531096299,7.54061827714e-11,0.866277323953
two_wall,negative,-0.0142515954686,0.02,0.263640481453,0.0839193716449,9.03916653256e-11,0.864178443293
two_wall,negative,-0.0142515954686,0.02,0.265733605305,0.0845856336599,1.0830718506e-10,0.862064418214
two_wall,negative,-0.0142515954686,0.02,0.267826729157,0.0852518956748,1.29715611985e-10,0.859935285762
two_wall,negative,-0.0142515954686,0.02,0.269919853008,0.0859181576898,1.55285885009e-10,0.85779108325
two_wall,negative,-0.0142515954686,0.02,0.27201297686,0.0865844197048,1.85812583441e-10,0.855631848255
two_wall,negative,-0.0142515954686,0.02,0.274106100712,0.0872506817198,2.22239027017e-10,0.853457618617
two_wall,negative,-0.0142515954686,0.02,0.276199224563,0.0879169437348,2.65684524568e-10,0.851268432437
two_wall,negative,-0.0142515954686,0.02,0.278292348415,0.0885832057497,3.17476497165e-10,0.84906432808
two_wall,negative,-0.0142515954686,0.02,0.280385472266,0.0892494677647,3.7918832515e-10,0.846845344173
two_wall,negative,-0.0142515954686,0.02,0.282478596118,0.0899157297797,4.5268391191e-10,0.844611519603
two_wall,negative,-0.0142515954686,0.02,0.28457171997,0.0905819917947,5.40170124587e-10,0.842362893517
two_wall,negative,-0.0142515954686,0.02,0.286664843821,0.0912482538097,6.44258466311e-10,0.84009950532
two_wall,negative,-0.0142515954686,0.02,0.288757967673,0.0919145158246,7.68037560132e-10,0.837821394679
two_wall,negative,-0.0142515954686,0.02,0.290851091525,0.0925807778396,9.15158287447e-10,0.835528601515
two_wall,negative,-0.0142515954686,0.02,0.292944215376,0.0932470398546,1.08993372748e-09,0.833221166011
two_wall,negative,-0.0142515954686,0.02,0.295037339228,0.0939133018696,1.29745639721e-09,0.830899128601
two_wall,negative,-0.0142515954686,0.02,0.297130463079,0.0945795638846,1.54373569943e-09,0.82856252998
two_wall,negative,-0.0142515954686,0.02,0.299223586931,0.0952458258996,1.83585895956e-09,0.826211411096
two_wall,negative,-0.0142515954686,0.02,0.301316710783,0.0959120879145,2.18217997811e-09,0.82384581315
two_wall,negative,-0.0142515954686,0.02,0.303409834634,0.0965783499295,2.59253965773e-09,0.8214657776
two_wall,negative,-0.0142515954686,0.02,0.305502958486,0.0972446119445,3.0785239929e-09,0.819071346154
two_wall,negative,-0.0142515954686,0.02,0.307596082338,0.0979108739595,3.65376555234e-09,0.816662560774
two_wall,negative,-0.0142515954686,0.02,0.309689206189,0.0985771359745,4.33429555326e-09,0.814239463673
two_wall,negative,-0.0142515954686,0.02,0.311782330041,0.0992433979894,5.13895474498e-09,0.811802097316
two_wall,negative,-0.0142515954686,0.02,0.313875453893,0.0999096600044,6.08987260442e-09,0.809350504415
two_wall,negative,-0.0142515954686,0.02,0.315968577744,0.100575922019,7.21302582499e-09,0.806884727935
two_wall,negative,-0.0142515954686,0.02,0.318061701596,0.101242184034,8.5388887788e-09,0.804404811087
two_wall,negative,-0.0142515954686,0.02,0.320154825447,0.101908446049,1.01031905821e-08,0.801910797331
two_wall,negative,-0.0142515954686,0.02,0.322247949299,0.102574708064,1.19477956308e-08,0.799402730373
two_wall,negative,-0.0142515954686,0.02,0.324341073151,0.103240970079,1.41217270348e-08,0.796880654167
two_wall,negative,-0.0142515954686,0.02,0.326434197002,0.103907232094,1.66823553155e-08,0.794344612911
two_wall,negative,-0.0142515954686,0.02,0.328527320854,0.104573494109,1.96967780858e-08,0.791794651048
two_wall,negative,-0.0142515954686,0.02,0.330620444706,0.105239756124,2.32434202699e-08,0.789230813266
two_wall,negative,-0.0142515954686,0.02,0.332713568557,0.105906018139,2.74138887989e-08,0.786653144494
two_wall,negative,-0.0142515954686,0.02,0.334806692409,0.106572280154,3.23151207168e-08,0.784061689906
two_wall,negative,-0.0142515954686,0.02,0.33689981626,0.107238542169,3.80718693262e-08,0.781456494916
two_wall,negative,-0.0142515954686,0.02,0.338992940112,0.107904804184,4.48295794894e-08,0.778837605179
two_wall,negative,-0.0142515954686,0.02,0.341086063964,0.108571066199,5.27577105777e-08,0.776205066589
two_wall,negative,-0.0142515954686,0.02,0.343179187815,0.109237328214,6.20535739513e-08,0.773558925282
two_wall,negative,-0.0142515954686,0.02,0.345272311667,0.109903590229,7.29467613681e-08,0.770899227631
two_wall,negative,-0.0142515954686,0.02,0.347365435519,0.110569852244,8.57042515267e-08,0.768226020244
two_wall,negative,-0.0142515954686,0.02,0.34945855937,0.111236114259,1.00636294189e-07,0.76553934997
two_wall,negative,-0.0142515954686,0.02,0.351551683222,0.111902376274,1.18103185183e-07,0.762839263891
two_wall,negative,-0.0142515954686,0.02,0.353644807073,0.112568638289,1.38523061264e-07,0.760125809325
two_wall,negative,-0.0142515954686,0.02,0.355737930925,0.113234900304,1.6238086152e-07,0.757399033825
two_wall,negative,-0.0142515954686,0.02,0.357831054777,0.113901162319,1.90238621999e-07,0.754658985176
two_wall,negative,-0.0142515954686,0.02,0.359924178628,0.114567424334,2.22747292777e-07,0.751905711397
two_wall,negative,-0.0142515954686,0.02,0.36201730248,0.115233686349,2.60660292056e-07,0.749139260738
two_wall,negative,-0.0142515954686,0.02,0.364110426332,0.115899948364,3.04849040474e-07,0.74635968168
two_wall,negative,-0.0142515954686,0.02,0.366203550183,0.116566210379,3.56320750899e-07,0.743567022934
two_wall,negative,-0.0142515954686,0.02,0.368296674035,0.117232472394,4.16238785024e-07,0.74076133344
two_wall,negative,-0.0142515954686,0.02,0.370389797886,0.117898734409,4.85945928517e-07,0.737942662368
two_wall,negative,-0.0142515954686,0.02,0.372482921738,0.118564996424,5.66990981785e-07,0.735111059113
two_wall,negative,-0.0142515954686,0.02,0.37457604559,0.119231258439,6.61159114062e-07,0.732266573298
two_wall,negative,-0.0142515954686,0.02,0.376669169441,0.119897520454,7.70506485224e-07,0.729409254772
two_wall,negative,-0.0142515954686,0.02,0.378762293293,0.120563782469,8.97399702958e-07,0.726539153608
two_wall,negative,-0.0142515954686,0.02,0.380855417145,0.121230044484,1.04456075345e-06,0.723656320104
two_wall,negative,-0.0142515954686,0.02,0.382948540996,0.121896306499,1.21511812234e-06,0.720760804781
two_wall,negative,-0.0142515954686,0.02,0.385041664848,0.122562568514,1.4126649101e-06,0.717852658381
two_wall,negative,-0.0142515954686,0.02,0.387134788699,0.123228830529,1.64132484304e-06,0.714931931868
two_wall,negative,-0.0142515954686,0.02,0.389227912551,0.123895092544,1.90582718911e-06,0.711998676428
two_wall,negative,-0.0142515954686,0.02,0.391321036403,0.124561354559,2.2115917068e-06,0.709052943464
two_wall,negative,-0.0142515954686,0.02,0.393414160254,0.125227616574,2.56482488814e-06,0.7060947846
two_wall,negative,-0.0142515954686,0.02,0.395507284106,0.125893878589,2.97262890253e-06,0.703124251675
two_wall,negative,-0.0142515954686,0.02,0.397600407958,0.126560140604,3.44312480983e-06,0.700141396749
two_wall,negative,-0.0142515954686,0.02,0.399693531809,0.127226402619,3.98559178907e-06,0.697146272093
two_wall,negative,-0.0142515954686,0.02,0.401786655661,0.127892664634,4.61062432495e-06,0.694138930197
two_wall,negative,-0.0142515954686,0.02,0.403879779513,0.128558926649,5.33030950992e-06,0.691119423763
two_wall,negative,-0.0142515954686,0.02,0.405972903364,0.129225188664,6.15842685608e-06,0.688087805707
two_wall,negative,-0.0142515954686,0.02,0.408066027216,0.129891450679,7.11067327062e-06,0.685044129158
two_wall,negative,-0.0142515954686,0.02,0.410159151067,0.130557712693,8.20491613229e-06,0.681988447453
two_wall,negative,-0.0142515954686,0.02,0.412252274919,0.131223974708,9.46147771704e-06,0.678920814144
two_wall,negative,-0.0142515954686,0.02,0.414345398771,0.131890236723,1.09034545594e-05,0.675841282989
two_wall,negative,-0.0142515954686,0.02,0.416438522622,0.132556498738,1.25570757056e-05,0.672749907955
two_wall,negative,-0.0142515954686,0.02,0.418531646474,0.133222760753,1.44521042162e-05,0.669646743219
two_wall,negative,-0.0142515954686,0.02,0.420624770326,0.133889022768,1.66222867112e-05,0.666531843162
two_wall,negative,-0.0142515954686,0.02,0.422717894177,0.134555284783,1.91058562257e-05,0.663405262372
two_wall,negative,-0.0142515954686,0.02,0.424811018029,0.135221546798,2.19460941529e-05,0.660267055641
two_wall,negative,-0.0142515954686,0.02,0.42690414188,0.135887808813,2.51919576088e-05,0.657117277964
two_wall,negative,-0.0142515954686,0.02,0.428997265732,0.136554070828,2.88987791443e-05,0.65395598454
two_wall,negative,-0.0142515954686,0.02,0.431090389584,0.137220332843,3.31290463782e-05,0.650783230771
two_wall,negative,-0.0142515954686,0.02,0.433183513435,0.137886594858,3.79532698089e-05,0.647599072257
two_wall,negative,-0.0142515954686,0.02,0.435276637287,0.138552856873,4.3450947807e-05,0.6444035648
two_wall,negative,-0.0142515954686,0.02,0.437369761139,0.139219118888,4.97116385799e-05,0.641196764399
two_wall,negative,-0.0142515954686,0.02,0.43946288499,0.139885380903,5.68361497439e-05,0.637978727254
two_wall,negative,-0.0142515954686,0.02,0.441556008842,0.140551642918,6.4937857041e-05,0.634749509758
two_wall,negative,-0.0142515954686,0.02,0.443649132693,0.141217904933,7.4144164692e-05,0.631509168503
two_wall,negative,-0.0142515954686,0.02,0.445742256545,0.141884166948,8.45981208924e-05,0.628257760274
two_wall,negative,-0.0142515954686,0.02,0.447835380397,0.142550428963,9.64602030266e-05,0.624995342051
two_wall,negative,-0.0142515954686,0.02,0.449928504248,0.143216690978,0.00010991028831,0.621721971008
two_wall,negative,-0.0142515954686,0.02,0.4520216281,0.143882952993,0.000125149826749,0.618437704508
two_wall,negative,-0.0142515954686,0.02,0.454114751952,0.144549215008,0.000142404234566,0.615142600107
two_wall,negative,-0.0142515954686,0.02,0.456207875803,0.145215477023,0.000161925527519,0.611836715551
two_wall,negative,-0.0142515954686,0.02,0.458300999655,0.145881739038,0.000183995214916,0.608520108775
two_wall,negative,-0.0142515954686,0.02,0.460394123506,0.146548001053,0.000208927476526,0.6051928379
two_wall,negative,-0.0142515954686,0.02,0.462487247358,0.147214263068,0.00023707264603,0.601854961236
two_wall,negative,-0.0142515954686,0.02,0.46458037121,0.147880525083,0.000268821026153,0.598506537277
two_wall,negative,-0.0142515954686,0.02,0.466673495061,0.148546787098,0.000304607062162,0.595147624705
two_wall,negative,-0.0142515954686,0.02,0.468766618913,0.149213049113,0.00034491390195,0.591778282382
two_wall,negative,-0.0142515954686,0.02,0.470859742765,0.149879311128,0.000390278372514,0.588398569355
two_wall,negative,-0.0142515954686,0.02,0.472952866616,0.150545573143,0.000441296404231,0.585008544853
two_wall,negative,-0.0142515954686,0.02,0.475045990468,0.151211835158,0.000498628935909,0.581608268284
two_wall,negative,-0.0142515954686,0.02,0.477139114319,0.151878097173,0.000563008335176,0.578197799237
two_wall,negative,-0.0142515954686,0.02,0.479232238171,0.152544359188,0.000635245370312,0.57477719748
two_wall,negative,-0.0142515954686,0.02,0.481325362023,0.153210621203,0.000716236771116,0.571346522956
two_wall,negative,-0.0142515954686,0.02,0.483418485874,0.153876883218,0.00080697341786,0.567905835788
two_wall,negative,-0.0142515954686,0.02,0.485511609726,0.154543145233,0.000908549198708,0.564455196272
two_wall,negative,-0.0142515954686,0.02,0.487604733578,0.155209407248,0.00102217057724,0.56099466488
two_wall,negative,-0.0142515954686,0.02,0.489697857429,0.155875669263,0.00114916691284,0.557524302255
two_wall,negative,-0.0142515954686,0.02,0.491790981281,0.156541931278,0.00129100157761,0.554044169216
two_wall,negative,-0.0142515954686,0.02,0.493884105132,0.157208193293,0.00144928391436,0.55055432675
two_wall,negative,-0.0142515954686,0.02,0.495977228984,0.157874455308,0.0016257820806,0.547054836015
two_wall,negative,-0.0142515954686,0.02,0.498070352836,0.158540717323,0.00182243682391,0.543545758338
two_wall,negative,-0.0142515954686,0.02,0.500163476687,0.159206979338,0.002041376234,0.540027155216
two_wall,negative,-0.0142515954686,0.02,0.502256600539,0.159873241353,0.00228493151649,0.53649908831
two_wall,negative,-0.0142515954686,0.02,0.504349724391,0.160539503368,0.00255565383264,0.532961619448
two_wall,negative,-0.0142515954686,0.02,0.506442848242,0.161205765383,0.00285633224842,0.529414810623
two_wall,negative,-0.0142515954686,0.02,0.508535972094,0.161872027398,0.0031900128345,0.525858723993
two_wall,negative,-0.0142515954686,0.02,0.510629095946,0.162538289413,0.00356001895677,0.522293421875
two_wall,negative,-0.0142515954686,0.02,0.512722219797,0.163204551428,0.00396997279467,0.51871896675
two_wall,negative,-0.0142515954686,0.02,0.514815343649,0.163870813443,0.00442381812099,0.515135421261
two_wall,negative,-0.0142515954686,0.02,0.5169084675,0.164537075457,0.00492584437338,0.511542848206
two_wall,negative,-0.0142515954686,0.02,0.519001591352,0.165203337472,0.00548071204322,0.507941310545
two_wall,negative,-0.0142515954686,0.02,0.521094715204,0.165869599487,0.00609347940204,0.504330871393
two_wall,negative,-0.0142515954686,0.02,0.523187839055,0.166535861502,0.00676963058011,0.500711594022
two_wall,negative,-0.0142515954686,0.02,0.525280962907,0.167202123517,0.00751510500453,0.497083541859
two_wall,negative,-0.0142515954686,0.02,0.527374086759,0.167868385532,0.00833632819686,0.493446778483
two_wall,negative,-0.0142515954686,0.02,0.52946721061,0.168534647547,0.00924024392143,0.489801367628
two_wall,negative,-0.0142515954686,0.02,0.531560334462,0.169200909562,0.0102343476659,0.486147373178
two_wall,negative,-0.0142515954686,0.02,0.533653458313,0.169867171577,0.0113267214258,0.482484859169
two_wall,negative,-0.0142515954686,0.02,0.535746582165,0.170533433592,0.0125260697513,0.478813889784
two_wall,negative,-0.0142515954686,0.02,0.537839706017,0.171199695607,0.0138417570054,0.475134529356
two_wall,negative,-0.0142515954686,0.02,0.539932829868,0.171865957622,0.015283845765,0.471446842364
two_wall,negative,-0.0142515954686,0.02,0.54202595372,0.172532219637,0.0168631362839,0.467750893435
two_wall,negative,-0.0142515954686,0.02,0.544119077572,0.173198481652,0.0185912069223,0.464046747337
two_wall,negative,-0.0142515954686,0.02,0.546212201423,0.173864743667,0.020480455427,0.460334468985
two_wall,negative,-0.0142515954686,0.02,0.548305325275,0.174531005682,0.0225441409319,0.456614123435
two_wall,negative,-0.0142515954686,0.02,0.550398449126,0.175197267697,0.0247964265284,0.452885775885
two_wall,negative,-0.0142515954686,0.02,0.552491572978,0.175863529712,0.0272524222352,0.449149491673
two_wall,negative,-0.0142515954686,0.02,0.55458469683,0.176529791727,0.0299282281772,0.445405336276
two_wall,negative,-0.0142515954686,0.02,0.556677820681,0.177196053742,0.0328409777617,0.441653375309
two_wall,negative,-0.0142515954686,0.02,0.558770944533,0.177862315757,0.0360088806166,0.437893674524
two_wall,negative,-0.0142515954686,0.02,0.560864068385,0.178528577772,0.0394512650353,0.434126299808
two_wall,negative,-0.0142515954686,0.02,0.562957192236,0.179194839787,0.0431886196464,0.430351317183
two_wall,negative,-0.0142515954686,0.02,0.565050316088,0.179861101802,0.0472426340061,0.426568792804
two_wall,negative,-0.0142515954686,0.02,0.567143439939,0.180527363817,0.051636237784,0.422778792958
two_wall,negative,-0.0142515954686,0.02,0.569236563791,0.181193625832,0.0563936381933,0.418981384065
two_wall,negative,-0.0142515954686,0.02,0.571329687643,0.181859887847,0.0615403552872,0.415176632672
two_wall,negative,-0.0142515954686,0.02,0.573422811494,0.182526149862,0.0671032547271,0.411364605457
two_wall,negative,-0.0142515954686,0.02,0.575515935346,0.183192411877,0.0731105775986,0.407545369223
two_wall,negative,-0.0142515954686,0.02,0.577609059198,0.183858673892,0.0795919668346,0.403718990901
two_wall,negative,-0.0142515954686,0.02,0.579702183049,0.184524935907,0.086578489782,0.399885537548
two_wall,negative,-0.0142515954686,0.02,0.581795306901,0.185191197922,0.0941026564289,0.396045076343
two_wall,negative,-0.0142515954686,0.02,0.583888430752,0.185857459937,0.102198432794,0.392197674589
two_wall,negative,-0.0142515954686,0.02,0.585981554604,0.186523721952,0.11090124896,0.38834339971
two_wall,negative,-0.0142515954686,0.02,0.588074678456,0.187189983967,0.120248001226,0.384482319251
two_wall,negative,-0.0142515954686,0.02,0.590167802307,0.187856245982,0.13027704784,0.380614500876
two_wall,negative,-0.0142515954686,0.02,0.592260926159,0.188522507997,0.141028197756,0.376740012368
two_wall,negative,-0.0142515954686,0.02,0.594354050011,0.189188770012,0.152542691879,0.372858921625
two_wall,negative,-0.0142515954686,0.02,0.596447173862,0.189855032027,0.164863176235,0.368971296662
two_wall,negative,-0.0142515954686,0.02,0.598540297714,0.190521294042,0.178033666523,0.365077205608
two_wall,negative,-0.0142515954686,0.02,0.600633421565,0.191187556057,0.192099503509,0.361176716706
two_wall,negative,-0.0142515954686,0.02,0.602726545417,0.191853818072,0.207107298726,0.357269898311
two_wall,negative,-0.0142515954686,0.02,0.604819669269,0.192520080087,0.223104869981,0.353356818888
two_wall,negative,-0.0142515954686,0.02,0.60691279312,0.193186342102,0.240141166169,0.349437547012
two_wall,negative,-0.0142515954686,0.02,0.609005916972,0.193852604117,0.258266180942,0.345512151367
two_wall,negative,-0.0142515954686,0.02,0.611099040824,0.194518866132,0.277530854796,0.341580700745
two_wall,negative,-0.0142515954686,0.02,0.613192164675,0.195185128147,0.297986965197,0.337643264043
two_wall,negative,-0.0142515954686,0.02,0.615285288527,0.195851390162,0.319687004391,0.333699910263
two_wall,negative,-0.0142515954686,0.02,0.617378412379,0.196517652177,0.342684044618,0.32975070851
two_wall,negative,-0.0142515954686,0.02,0.61947153623,0.197183914192,0.36703159049,0.325795727994
two_wall,negative,-0.0142515954686,0.02,0.621564660082,0.197850176206,0.392783418362,0.321835038023
two_wall,negative,-0.0142515954686,0.02,0.623657783933,0.198516438221,0.41999340259,0.317868708008
two_wall,negative,-0.0142515954686,0.02,0.625750907785,0.199182700236,0.448715328664,0.313896807457
two_wall,negative,-0.0142515954686,0.02,0.627844031637,0.199848962251,0.479002693262,0.309919405976
two_wall,negative,-0.0142515954686,0.02,0.629937155488,0.200515224266,0.510908491367,0.305936573268
two_wall,negative,-0.0142515954686,0.02,0.63203027934,0.201181486281,0.544484990694,0.30194837913
two_wall,negative,-0.0142515954686,0.02,0.634123403192,0.201847748296,0.579783493755,0.297954893454
two_wall,negative,-0.0142515954686,0.02,0.636216527043,0.202514010311,0.616854087993,0.293956186224
two_wall,negative,-0.0142515954686,0.02,0.638309650895,0.203180272326,0.655745384542,0.289952327517
two_wall,negative,-0.0142515954686,0.02,0.640402774746,0.203846534341,0.696504246248,0.285943387499
two_wall,negative,-0.0142515954686,0.02,0.642495898598,0.204512796356,0.739175505729,0.281929436424
two_wall,negative,-0.0142515954686,0.02,0.64458902245,0.205179058371,0.78380167435,0.277910544637
two_wall,negative,-0.0142515954686,0.02,0.646682146301,0.205845320386,0.830422643093,0.273886782566
two_wall,negative,-0.0142515954686,0.02,0.648775270153,0.206511582401,0.879075376458,0.269858220726
two_wall,negative,-0.0142515954686,0.02,0.650868394005,0.207177844416,0.929793600594,0.265824929717
two_wall,negative,-0.0142515954686,0.02,0.652961517856,0.207844106431,0.982607487018,0.261786980221
two_wall,negative,-0.0142515954686,0.02,0.655054641708,0.208510368446,1.03754333336,0.257744443002
two_wall,negative,-0.0142515954686,0.02,0.657147765559,0.209176630461,1.09462324267,0.253697388902
two_wall,negative,-0.0142515954686,0.02,0.659240889411,0.209842892476,1.15386480304,0.249645888846
two_wall,negative,-0.0142515954686,0.02,0.661334013263,0.210509154491,1.21528076914,0.245590013835
two_wall,negative,-0.0142515954686,0.02,0.663427137114,0.211175416506,1.27887874763,0.241529834946
two_wall,negative,-0.0142515954686,0.02,0.665520260966,0.211841678521,1.34466088839,0.237465423332
two_wall,negative,-0.0142515954686,0.02,0.667613384818,0.212507940536,1.41262358342,0.233396850222
two_wall,negative,-0.0142515954686,0.02,0.669706508669,0.213174202551,1.48275717566,0.229324186915
two_wall,negative,-0.0142515954686,0.02,0.671799632521,0.213840464566,1.55504567968,0.225247504783
two_wall,negative,-0.0142515954686,0.02,0.673892756372,0.214506726581,1.62946651647,0.221166875268
two_wall,negative,-0.0142515954686,0.02,0.675985880224,0.215172988596,1.70599026445,0.217082369883
two_wall,negative,-0.0142515954686,0.02,0.678079004076,0.215839250611,1.78458042893,0.212994060207
two_wall,negative,-0.0142515954686,0.02,0.680172127927,0.216505512626,1.86519323213,0.208902017885
two_wall,negative,-0.0142515954686,0.02,0.682265251779,0.217171774641,1.94777742593,0.20480631463
two_wall,negative,-0.0142515954686,0.02,0.684358375631,0.217838036656,2.03227412949,0.200707022217
two_wall,negative,-0.0142515954686,0.02,0.686451499482,0.218504298671,2.11861669369,0.196604212485
two_wall,negative,-0.0142515954686,0.02,0.688544623334,0.219170560686,2.20673059448,0.192497957334
two_wall,negative,-0.0142515954686,0.02,0.690637747185,0.219836822701,2.29653335694,0.188388328724
two_wall,negative,-0.0142515954686,0.02,0.692730871037,0.220503084716,2.3879345119,0.184275398677
two_wall,negative,-0.0142515954686,0.02,0.694823994889,0.221169346731,2.48083558657,0.180159239268
two_wall,negative,-0.0142515954686,0.02,0.69691711874,0.221835608746,2.57513013099,0.176039922633
two_wall,negative,-0.0142515954686,0.02,0.699010242592,0.222501870761,2.67070378135,0.171917520961
two_wall,negative,-0.0142515954686,0.02,0.701103366444,0.223168132776,2.76743436145,0.167792106496
two_wall,negative,-0.0142515954686,0.02,0.703196490295,0.223834394791,2.86519202323,0.163663751533
two_wall,negative,-0.0142515954686,0.02,0.705289614147,0.224500656806,2.96383942722,0.159532528422
two_wall,negative,-0.0142515954686,0.02,0.707382737999,0.225166918821,3.06323196325,0.155398509559
two_wall,negative,-0.0142515954686,0.02,0.70947586185,0.225833180836,3.16321801182,0.151261767393
two_wall,negative,-0.0142515954686,0.02,0.711568985702,0.226499442851,3.26363924621,0.147122374419
two_wall,negative,-0.0142515954686,0.02,0.713662109553,0.227165704866,3.364330975,0.142980403177
two_wall,negative,-0.0142515954686,0.02,0.715755233405,0.227831966881,3.46512252458,0.138835926255
two_wall,negative,-0.0142515954686,0.02,0.717848357257,0.228498228896,3.56583766098,0.134689016282
two_wall,negative,-0.0142515954686,0.02,0.719941481108,0.229164490911,3.66629504976,0.130539745932
two_wall,negative,-0.0142515954686,0.02,0.72203460496,0.229830752926,3.76630875302,0.12638818792
two_wall,negative,-0.0142515954686,0.02,0.724127728812,0.230497014941,3.86568876156,0.122234414999
two_wall,negative,-0.0142515954686,0.02,0.726220852663,0.231163276956,3.96424156074,0.118078499964
two_wall,negative,-0.0142515954686,0.02,0.728313976515,0.23182953897,4.06177072757,0.113920515645
two_wall,negative,-0.0142515954686,0.02,0.730407100366,0.232495800985,4.15807755701,0.10976053491
two_wall,negative,-0.0142515954686,0.02,0.732500224218,0.233162063,4.25296171457,0.10559863066
two_wall,negative,-0.0142515954686,0.02,0.73459334807,0.233828325015,4.34622191254,0.101434875832
two_wall,negative,-0.0142515954686,0.02,0.736686471921,0.23449458703,4.43765660682,0.0972693433942
two_wall,negative,-0.0142515954686,0.02,0.738779595773,0.235160849045,4.52706471085,0.0931021063454
two_wall,negative,-0.0142515954686,0.02,0.740872719625,0.23582711106,4.61424632345,0.0889332377153
two_wall,negative,-0.0142515954686,0.02,0.742965843476,0.236493373075,4.69900346681,0.0847628105618
two_wall,negative,-0.0142515954686,0.02,0.745058967328,0.23715963509,4.78114083084,0.0805908979703
two_wall,negative,-0.0142515954686,0.02,0.747152091179,0.237825897105,4.8604665201,0.0764175730519
two_wall,negative,-0.0142515954686,0.02,0.749245215031,0.23849215912,4.9367927993,0.0722429089428
two_wall,negative,-0.0142515954686,0.02,0.751338338883,0.239158421135,5.00993683322,0.0680669788023
two_wall,negative,-0.0142515954686,0.02,0.753431462734,0.23982468315,5.07972141721,0.0638898558123
two_wall,negative,-0.0142515954686,0.02,0.755524586586,0.240490945165,5.14597569392,0.0597116131753
two_wall,negative,-0.0142515954686,0.02,0.757617710438,0.24115720718,5.20853585242,0.0555323241135
two_wall,negative,-0.0142515954686,0.02,0.759710834289,0.241823469195,5.26724580552,0.0513520618675
two_wall,negative,-0.0142515954686,0.02,0.761803958141,0.24248973121,5.32195784152,0.0471708996949
two_wall,negative,-0.0142515954686,0.02,0.763897081992,0.243155993225,5.37253324639,0.042988910869
two_wall,negative,-0.0142515954686,0.02,0.765990205844,0.24382225524,5.41884289286,0.0388061686778
two_wall,negative,-0.0142515954686,0.02,0.768083329696,0.244488517255,5.4607677928,0.0346227464223
two_wall,negative,-0.0142515954686,0.02,0.770176453547,0.24515477927,5.49819960958,0.0304387174154
two_wall,negative,-0.0142515954686,0.02,0.772269577399,0.245821041285,5.53104112735,0.0262541549809
two_wall,negative,-0.0142515954686,0.02,0.774362701251,0.2464873033,5.5592066743,0.0220691324516
two_wall,negative,-0.0142515954686,0.02,0.776455825102,0.247153565315,5.58262249742,0.0178837231687
two_wall,negative,-0.0142515954686,0.02,0.778548948954,0.24781982733,5.60122708627,0.0136980004798
two_wall,negative,-0.0142515954686,0.02,0.780642072805,0.248486089345,5.614971444,0.00951203773839
two_wall,negative,-0.0142515954686,0.02,0.782735196657,0.24915235136,5.62381930372,0.00532590830188
two_wall,negative,-0.0142515954686,0.02,0.784828320509,0.249818613375,5.62774728899,0.00113968553072
two_wall,negative,-0.0142515954686,0.02,0.78692144436,0.25048487539,5.62674501738,-0.00304655721302
two_wall,negative,-0.0142515954686,0.02,0.789014568212,0.251151137405,5.62081514654,-0.00723274656693
two_wall,negative,-0.0142515954686,0.02,0.791107692064,0.25181739942,5.60997336235,-0.0114188091695
two_wall,negative,-0.0142515954686,0.02,0.793200815915,0.252483661435,5.59424830932,-0.0156046716616
two_wall,negative,-0.0142515954686,0.02,0.795293939767,0.25314992345,5.57368146373,-0.0197902606873
two_wall,negative,-0.0142515954686,0.02,0.797387063618,0.253816185465,5.5483269501,-0.0239755028957
two_wall,negative,-0.0142515954686,0.02,0.79948018747,0.25448244748,5.51825130238,-0.028160324942
two_wall,negative,-0.0142515954686,0.02,0.801573311322,0.255148709495,5.48353317118,-0.0323446534886
two_wall,negative,-0.0142515954686,0.02,0.803666435173,0.25581497151,5.44426297885,-0.0365284152066
two_wall,negative,-0.0142515954686,0.02,0.805759559025,0.256481233525,5.40054252471,-0.0407115367772
two_wall,negative,-0.0142515954686,0.02,0.807852682877,0.25714749554,5.35248454261,-0.0448939448926
two_wall,negative,-0.0142515954686,0.02,0.809945806728,0.257813757555,5.30021221375,-0.0490755662575
two_wall,negative,-0.0142515954686,0.02,0.81203893058,0.25848001957,5.24385863759,-0.0532563275906
two_wall,negative,-0.0142515954686,0.02,0.814132054432,0.259146281585,5.18356626406,-0.0574361556256
two_wall,negative,-0.0142515954686,0.02,0.816225178283,0.2598125436,5.11948629058,-0.0616149771123
two_wall,negative,-0.0142515954686,0.02,0.818318302135,0.260478805615,5.05177802735,-0.0657927188185
two_wall,negative,-0.0142515954686,0.02,0.820411425986,0.26114506763,4.98060823471,-0.0699693075307
two_wall,negative,-0.0142515954686,0.02,0.822504549838,0.261811329645,4.90615043645,-0.0741446700556
two_wall,negative,-0.0142515954686,0.02,0.82459767369,0.26247759166,4.82858421308,-0.0783187332216
two_wall,negative,-0.0142515954686,0.02,0.826690797541,0.263143853675,4.74809447899,-0.0824914238797
two_wall,negative,-0.0142515954686,0.02,0.828783921393,0.26381011569,4.66487074765,-0.0866626689049
two_wall,negative,-0.0142515954686,0.02,0.830877045245,0.264476377705,4.57910638892,-0.0908323951977
two_wall,negative,-0.0142515954686,0.02,0.832970169096,0.265142639719,4.49099788258,-0.095000529685
two_wall,negative,-0.0142515954686,0.02,0.835063292948,0.265808901734,4.40074407198,-0.0991669993219
two_wall,negative,-0.0142515954686,0.02,0.837156416799,0.266475163749,4.30854542184,-0.103331731092
two_wall,negative,-0.0142515954686,0.02,0.839249540651,0.267141425764,4.21460328405,-0.107494652011
two_wall,negative,-0.0142515954686,0.02,0.841342664503,0.267807687779,4.11911917511,-0.111655689124
two_wall,negative,-0.0142515954686,0.02,0.843435788354,0.268473949794,4.02229406875,-0.115814769511
two_wall,negative,-0.0142515954686,0.02,0.845528912206,0.269140211809,3.92432770726,-0.119971820285
two_wall,negative,-0.0142515954686,0.02,0.847622036058,0.269806473824,3.82541793455,-0.124126768596
two_wall,negative,-0.0142515954686,0.02,0.849715159909,0.270472735839,3.72576005397,-0.128279541629
two_wall,negative,-0.0142515954686,0.02,0.851808283761,0.271138997854,3.62554621371,-0.132430066609
two_wall,negative,-0.0142515954686,0.02,0.853901407612,0.271805259869,3.52496482219,-0.1365782708
two_wall,negative,-0.0142515954686,0.02,0.855994531464,0.272471521884,3.42419999581,-0.140724081504
two_wall,negative,-0.0142515954686,0.02,0.858087655316,0.273137783899,3.32343104089,-0.144867426069
two_wall,negative,-0.0142515954686,0.02,0.860180779167,0.273804045914,3.22283197173,-0.149008231884
two_wall,negative,-0.0142515954686,0.02,0.862273903019,0.274470307929,3.12257106611,-0.153146426383
two_wall,negative,-0.0142515954686,0.02,0.864367026871,0.275136569944,3.02281045944,-0.157281937045
two_wall,negative,-0.0142515954686,0.02,0.866460150722,0.275802831959,2.92370577851,-0.161414691397
two_wall,negative,-0.0142515954686,0.02,0.868553274574,0.276469093974,2.82540581544,-0.165544617015
two_wall,negative,-0.0142515954686,0.02,0.870646398425,0.277135355989,2.72805224222,-0.169671641521
two_wall,negative,-0.0142515954686,0.02,0.872739522277,0.277801618004,2.63177936594,-0.173795692593
two_wall,negative,-0.0142515954686,0.02,0.874832646129,0.278467880019,2.53671392455,-0.177916697956
two_wall,negative,-0.0142515954686,0.02,0.87692576998,0.279134142034,2.44297492283,-0.182034585393
two_wall,negative,-0.0142515954686,0.02,0.879018893832,0.279800404049,2.35067350789,-0.186149282739
two_wall,negative,-0.0142515954686,0.02,0.881112017684,0.280466666064,2.25991288334,-0.190260717884
two_wall,negative,-0.0142515954686,0.02,0.883205141535,0.281132928079,2.17078826122,-0.194368818779
two_wall,negative,-0.0142515954686,0.02,0.885298265387,0.281799190094,2.08338685033,-0.198473513428
two_wall,negative,-0.0142515954686,0.02,0.887391389238,0.282465452109,1.99778787957,-0.2025747299
two_wall,negative,-0.0142515954686,0.02,0.88948451309,0.283131714124,1.91406265487,-0.206672396322
two_wall,negative,-0.0142515954686,0.02,0.891577636942,0.283797976139,1.8322746478,-0.210766440884
two_wall,negative,-0.0142515954686,0.02,0.893670760793,0.284464238154,1.75247961427,-0.214856791839
two_wall,negative,-0.0142515954686,0.02,0.895763884645,0.285130500169,1.67472574119,-0.218943377505
two_wall,negative,-0.0142515954686,0.02,0.897857008497,0.285796762184,1.59905381924,-0.223026126266
two_wall,negative,-0.0142515954686,0.02,0.899950132348,0.286463024199,1.5254974396,-0.227104966574
two_wall,negative,-0.0142515954686,0.02,0.9020432562,0.287129286214,1.45408321256,-0.231179826948
two_wall,negative,-0.0142515954686,0.02,0.904136380052,0.287795548229,1.38483100577,-0.235250635978
two_wall,negative,-0.0142515954686,0.02,0.906229503903,0.288461810244,1.31775420008,-0.239317322324
two_wall,negative,-0.0142515954686,0.02,0.908322627755,0.289128072259,1.25285996073,-0.243379814719
two_wall,negative,-0.0142515954686,0.02,0.910415751606,0.289794334274,1.19014952166,-0.24743804197
two_wall,negative,-0.0142515954686,0.02,0.912508875458,0.290460596289,1.12961848102,-0.251491932956
two_wall,negative,-0.0142515954686,0.02,0.91460199931,0.291126858304,1.07125710549,-0.255541416637
two_wall,negative,-0.0142515954686,0.02,0.916695123161,0.291793120319,1.01505064171,-0.259586422044
two_wall,negative,-0.0142515954686,0.02,0.918788247013,0.292459382334,0.960979632565,-0.263626878292
two_wall,negative,-0.0142515954686,0.02,0.920881370865,0.293125644349,0.909020236591,-0.267662714573
two_wall,negative,-0.0142515954686,0.02,0.922974494716,0.293791906364,0.85914454868,-0.27169386016
two_wall,negative,-0.0142515954686,0.02,0.925067618568,0.294458168379,0.811320920302,-0.275720244409
two_wall,negative,-0.0142515954686,0.02,0.927160742419,0.295124430394,0.765514277691,-0.279741796758
two_wall,negative,-0.0142515954686,0.02,0.929253866271,0.295790692409,0.721686436442,-0.283758446732
two_wall,negative,-0.0142515954686,0.02,0.931346990123,0.296456954424,0.679796411145,-0.287770123941
two_wall,negative,-0.0142515954686,0.02,0.933440113974,0.297123216439,0.639800718737,-0.29177675808
two_wall,negative,-0.0142515954686,0.02,0.935533237826,0.297789478454,0.601653674411,-0.295778278935
two_wall,negative,-0.0142515954686,0.02,0.937626361678,0.298455740469,0.565307679017,-0.299774616381
two_wall,negative,-0.0142515954686,0.02,0.939719485529,0.299122002483,0.530713497001,-0.303765700384
two_wall,negative,-0.0142515954686,0.02,0.941812609381,0.299788264498,0.497820524057,-0.307751461001
two_wall,negative,-0.0142515954686,0.02,0.943905733232,0.300454526513,0.466577043775,-0.311731828383
two_wall,negative,-0.0142515954686,0.02,0.945998857084,0.301120788528,0.43693047267,-0.315706732775
two_wall,negative,-0.0142515954686,0.02,0.948091980936,0.301787050543,0.408827593101,-0.31967610452
two_wall,negative,-0.0142515954686,0.02,0.950185104787,0.302453312558,0.382214773684,-0.323639874054
two_wall,negative,-0.0142515954686,0.02,0.952278228639,0.303119574573,0.357038176902,-0.327597971915
two_wall,negative,-0.0142515954686,0.02,0.954371352491,0.303785836588,0.333243953719,-0.331550328738
two_wall,negative,-0.0142515954686,0.02,0.956464476342,0.304452098603,0.310778425084,-0.335496875259
two_wall,negative,-0.0142515954686,0.02,0.958557600194,0.305118360618,0.289588250307,-0.339437542317
two_wall,negative,-0.0142515954686,0.02,0.960650724045,0.305784622633,0.269620582363,-0.343372260853
two_wall,negative,-0.0142515954686,0.02,0.962743847897,0.306450884648,0.250823210258,-0.347300961912
two_wall,negative,-0.0142515954686,0.02,0.964836971749,0.307117146663,0.233144688638,-0.351223576645
two_wall,negative,-0.0142515954686,0.02,0.9669300956,0.307783408678,0.216534454927,-0.35514003631
two_wall,negative,-0.0142515954686,0.02,0.969023219452,0.308449670693,0.200942934278,-0.359050272272
two_wall,negative,-0.0142515954686,0.02,0.971116343304,0.309115932708,0.186321632728,-0.362954216006
two_wall,negative,-0.0142515954686,0.02,0.973209467155,0.309782194723,0.172623218932,-0.366851799096
two_wall,negative,-0.0142515954686,0.02,0.975302591007,0.310448456738,0.159801594949,-0.370742953239
two_wall,negative,-0.0142515954686,0.02,0.977395714858,0.311114718753,0.147811956526,-0.374627610244
two_wall,negative,-0.0142515954686,0.02,0.97948883871,0.311780980768,0.136610843396,-0.378505702033
two_wall,negative,-0.0142515954686,0.02,0.981581962562,0.312447242783,0.126156180103,-0.382377160645
two_wall,negative,-0.0142515954686,0.02,0.983675086413,0.313113504798,0.116407307885,-0.386241918232
two_wall,negative,-0.0142515954686,0.02,0.985768210265,0.313779766813,0.107325008164,-0.390099907068
two_wall,negative,-0.0142515954686,0.02,0.987861334117,0.314446028828,0.098871518187,-0.393951059541
two_wall,negative,-0.0142515954686,0.02,0.989954457968,0.315112290843,0.091010539378,-0.397795308163
two_wall,negative,-0.0142515954686,0.02,0.99204758182,0.315778552858,0.0837072389429,-0.401632585563
two_wall,negative,-0.0142515954686,0.02,0.994140705671,0.316444814873,0.0769282452736,-0.405462824494
two_wall,negative,-0.0142515954686,0.02,0.996233829523,0.317111076888,0.0706416376874,-0.409285957834
two_wall,negative,-0.0142515954686,0.02,0.998326953375,0.317777338903,0.064816931024,-0.413101918584
two_wall,negative,-0.0142515954686,0.02,1.00042007723,0.318443600918,0.0594250556095,-0.416910639869
two_wall,negative,-0.0142515954686,0.02,1.00251320108,0.319109862933,0.0544383330797,-0.420712054943
two_wall,negative,-0.0142515954686,0.02,1.00460632493,0.319776124948,0.049830448539,-0.424506097188
two_wall,negative,-0.0142515954686,0.02,1.00669944878,0.320442386963,0.0455764195069,-0.428292700115
two_wall,negative,-0.0142515954686,0.02,1.00879257263,0.321108648978,0.0416525620889,-0.432071797365
two_wall,negative,-0.0142515954686,0.02,1.01088569648,0.321774910993,0.0380364547808,-0.435843322711
two_wall,negative,-0.0142515954686,0.02,1.01297882034,0.322441173008,0.0347069002965,-0.439607210057
two_wall,negative,-0.0142515954686,0.02,1.01507194419,0.323107435023,0.0316438857848,-0.443363393443
two_wall,negative,-0.0142515954686,0.02,1.01716506804,0.323773697038,0.0288285417751,-0.447111807043
two_wall,negative,-0.0142515954686,0.02,1.01925819189,0.324439959053,0.0262431001718,-0.450852385168
two_wall,negative,-0.0142515954686,0.02,1.02135131574,0.325106221068,0.0238708515904,-0.454585062266
two_wall,negative,-0.0142515954686,0.02,1.02344443959,0.325772483083,0.0216961023059,-0.458309772922
two_wall,negative,-0.0142515954686,0.02,1.02553756345,0.326438745098,0.0197041310615,-0.462026451862
two_wall,negative,-0.0142515954686,0.02,1.0276306873,0.327105007113,0.0178811459623,-0.465735033953
two_wall,negative,-0.0142515954686,0.02,1.02972381115,0.327771269128,0.0162142416574,-0.469435454203
two_wall,negative,-0.0142515954686,0.02,1.031816935,0.328437531143,0.0146913569932,-0.473127647764
two_wall,negative,-0.0142515954686,0.02,1.03391005885,0.329103793158,0.013301233298,-0.476811549931
two_wall,negative,-0.0142515954686,0.02,1.0360031827,0.329770055173,0.0120333734426,-0.480487096145
two_wall,negative,-0.0142515954686,0.02,1.03809630656,0.330436317188,0.0108780018,-0.484154221994
two_wall,negative,-0.0142515954686,0.02,1.04018943041,0.331102579203,0.00982602521061,-0.487812863213
two_wall,negative,-0.0142515954686,0.02,1.04228255426,0.331768841218,0.00886899504486,-0.491462955684
two_wall,negative,-0.0142515954686,0.02,1.04437567811,0.332435103232,0.00799907043667,-0.495104435443
two_wall,negative,-0.0142515954686,0.02,1.04646880196,0.333101365247,0.00720898275012,-0.498737238672
two_wall,negative,-0.0142515954686,0.02,1.04856192581,0.333767627262,0.00649200132637,-0.502361301708
two_wall,negative,-0.0142515954686,0.02,1.05065504967,0.334433889277,0.0058419005465,-0.505976561041
two_wall,negative,-0.0142515954686,0.02,1.05274817352,0.335100151292,0.00525292823493,-0.509582953315
two_wall,negative,-0.0142515954686,0.02,1.05484129737,0.335766413307,0.00471977541749,-0.513180415329
two_wall,negative,-0.0142515954686,0.02,1.05693442122,0.336432675322,0.00423754743963,-0.516768884039
two_wall,negative,-0.0142515954686,0.02,1.05902754507,0.337098937337,0.00380173644139,-0.520348296558
two_wall,negative,-0.0142515954686,0.02,1.06112066892,0.337765199352,0.00340819517899,-0.523918590158
two_wall,negative,-0.0142515954686,0.02,1.06321379278,0.338431461367,0.00305311217598,-0.527479702272
two_wall,negative,-0.0142515954686,0.02,1.06530691663,0.339097723382,0.00273298818147,-0.531031570491
two_wall,negative,-0.0142515954686,0.02,1.06740004048,0.339763985397,0.00244461390796,-0.534574132571
two_wall,negative,-0.0142515954686,0.02,1.06949316433,0.340430247412,0.00218504901701,-0.538107326429
two_wall,negative,-0.0142515954686,0.02,1.07158628818,0.341096509427,0.00195160231758,-0.541631090148
two_wall,negative,-0.0142515954686,0.02,1.07367941203,0.341762771442,0.00174181313878,-0.545145361975
two_wall,negative,-0.0142515954686,0.02,1.07577253588,0.342429033457,0.00155343383669,-0.548650080323
two_wall,negative,-0.0142515954686,0.02,1.07786565974,0.343095295472,0.00138441339268,-0.552145183774
two_wall,negative,-0.0142515954686,0.02,1.07995878359,0.343761557487,0.0012328820597,-0.555630611077
two_wall,negative,-0.0142515954686,0.02,1.08205190744,0.344427819502,0.00109713701184,-0.559106301151
two_wall,negative,-0.0142515954686,0.02,1.08414503129,0.345094081517,0.000975628952002,-0.562572193086
two_wall,negative,-0.0142515954686,0.02,1.08623815514,0.345760343532,0.00086694963238,-0.566028226143
two_wall,negative,-0.0142515954686,0.02,1.08833127899,0.346426605547,0.000769820242525,-0.569474339757
two_wall,negative,-0.0142515954686,0.02,1.09042440285,0.347092867562,0.000683080620178,-0.572910473536
two_wall,negative,-0.0142515954686,0.02,1.0925175267,0.347759129577,0.000605679240719,-0.576336567263
two_wall,negative,-0.0142515954686,0.02,1.09461065055,0.348425391592,0.000536663941916,-0.579752560896
two_wall,negative,-0.0142515954686,0.02,1.0967037744,0.349091653607,0.000475173341662,-0.583158394572
two_wall,negative,-0.0142515954686,0.02,1.09879689825,0.349757915622,0.000420428907582,-0.586554008605
two_wall,negative,-0.0142515954686,0.02,1.1008900221,0.350424177637,0.000371727638673,-0.589939343487
two_wall,negative,-0.0142515954686,0.02,1.10298314596,0.351090439652,0.00032843532051,-0.593314339893
two_wall,negative,-0.0142515954686,0.02,1.10507626981,0.351756701667,0.000289980317039,-0.596678938675
two_wall,negative,-0.0142515954686,0.02,1.10716939366,0.352422963682,0.000255847863497,-0.600033080871
two_wall,negative,-0.0142515954686,0.02,1.10926251751,0.353089225697,0.000225574826513,-0.603376707702
two_wall,negative,-0.0142515954686,0.02,1.11135564136,0.353755487712,0.000198744899098,-0.606709760569
two_wall,negative,-0.0142515954686,0.02,1.11344876521,0.354421749727,0.000174984199746,-0.610032181065
two_wall,negative,-0.0142515954686,0.02,1.11554188907,0.355088011742,0.000153957246503,-0.613343910963
two_wall,negative,-0.0142515954686,0.02,1.11763501292,0.355754273757,0.000135363278407,-0.616644892227
two_wall,negative,-0.0142515954686,0.02,1.11972813677,0.356420535772,0.00011893289826,-0.61993506701
two_wall,negative,-0.0142515954686,0.02,1.12182126062,0.357086797787,0.000104425012201,-0.62321437765
two_wall,negative,-0.0142515954686,0.02,1.12391438447,0.357753059802,9.16240430215e-05,-0.62648276668
two_wall,negative,-0.0142515954686,0.02,1.12600750832,0.358419321817,8.0337395616e-05,-0.629740176823
two_wall,negative,-0.0142515954686,0.02,1.12810063218,0.359085583832,7.03931543176e-05,-0.632986550993
two_wall,negative,-0.0142515954686,0.02,1.13019375603,0.359751845847,6.16379932228e-05,-0.636221832299
two_wall,negative,-0.0142515954686,0.02,1.13228687988,0.360418107862,5.39352818757e-05,-0.639445964044
two_wall,negative,-0.0142515954686,0.02,1.13438000373,0.361084369877,4.71633699078e-05,-0.642658889726
two_wall,negative,-0.0142515954686,0.02,1.13647312758,0.361750631892,4.12140353906e-05,-0.645860553039
two_wall,negative,-0.0142515954686,0.02,1.13856625143,0.362416893907,3.5991082767e-05,-0.649050897876
two_wall,negative,-0.0142515954686,0.02,1.14065937529,0.363083155922,3.14090772725e-05,-0.652229868327
two_wall,negative,-0.0142515954686,0.02,1.14275249914,0.363749417937,2.73922037479e-05,-0.655397408681
two_wall,negative,-0.0142515954686,0.02,1.14484562299,0.364415679952,2.38732386792e-05,-0.658553463429
two_wall,negative,-0.0142515954686,0.02,1.14693874684,0.365081941967,2.07926251755e-05,-0.661697977262
two_wall,negative,-0.0142515954686,0.02,1.14903187069,0.365748203981,1.80976414207e-05,-0.664830895073
two_wall,negative,-0.0142515954686,0.02,1.15112499454,0.366414465996,1.57416539025e-05,-0.66795216196
two_wall,negative,-0.0142515954686,0.02,1.1532181184,0.367080728011,1.36834474436e-05,-0.671061723222
two_wall,negative,-0.0142515954686,0.02,1.15531124225,0.367746990026,1.1886624729e-05,-0.674159524366
two_wall,negative,-0.0142515954686,0.02,1.1574043661,0.368413252041,1.03190686459e-05,-0.677245511105
two_wall,negative,-0.0142515954686,0.02,1.15949748995,0.369079514056,8.95246133408e-06,-0.680319629357
two_wall,negative,-0.0142515954686,0.02,1.1615906138,0.369745776071,7.76185437751e-06,-0.683381825249
two_wall,negative,-0.0142515954686,0.02,1.16368373765,0.370412038086,6.72528506629e-06,-0.686432045118
two_wall,negative,-0.0142515954686,0.02,1.1657768615,0.371078300101,5.82343411468e-06,-0.68947023551
two_wall,negative,-0.0142515954686,0.02,1.16786998536,0.371744562116,5.03932064329e-06,-0.692496343181
two_wall,negative,-0.0142515954686,0.02,1.16996310921,0.372410824131,4.35803062159e-06,-0.6955103151
two_wall,negative,-0.0142515954686,0.02,1.17205623306,0.373077086146,3.76647532366e-06,-0.698512098448
two_wall,negative,-0.0142515954686,0.02,1.17414935691,0.373743348161,3.25317667697e-06,-0.70150164062
two_wall,negative,-0.0142515954686,0.02,1.17624248076,0.374409610176,2.80807668369e-06,-0.704478889225
two_wall,negative,-0.0142515954686,0.02,1.17833560461,0.375075872191,2.42236836756e-06,-0.707443792089
two_wall,negative,-0.0142515954686,0.02,1.18042872847,0.375742134206,2.0883459496e-06,-0.710396297251
two_wall,negative,-0.0142515954686,0.02,1.18252185232,0.376408396221,1.79927218358e-06,-0.713336352972
two_wall,negative,-0.0142515954686,0.02,1.18461497617,0.377074658236,1.54926098968e-06,-0.716263907726
two_wall,negative,-0.0142515954686,0.02,1.18670810002,0.377740920251,1.33317371324e-06,-0.719178910211
two_wall,negative,-0.0142515954686,0.02,1.18880122387,0.378407182266,1.14652750686e-06,-0.722081309341
two_wall,negative,-0.0142515954686,0.02,1.19089434772,0.379073444281,9.85414488726e-07,-0.724971054252
two_wall,negative,-0.0142515954686,0.02,1.19298747158,0.379739706296,8.46430471229e-07,-0.727848094304
two_wall,negative,-0.0142515954686,0.02,1.19508059543,0.380405968311,7.26612180163e-07,-0.730712379077
two_wall,negative,-0.0142515954686,0.02,1.19717371928,0.381072230326,6.23381999987e-07,-0.733563858376
two_wall,negative,-0.0142515954686,0.02,1.19926684313,0.381738492341,5.34499383728e-07,-0.736402482229
two_wall,negative,-0.0142515954686,0.02,1.20135996698,0.382404754356,4.58018159342e-07,-0.73922820089
two_wall,negative,-0.0142515954686,0.02,1.20345309083,0.383071016371,3.92249048063e-07,-0.74204096484
two_wall,negative,-0.0142515954686,0.02,1.20554621469,0.383737278386,3.35726785563e-07,-0.744840724787
two_wall,negative,-0.0142515954686,0.02,1.20763933854,0.384403540401,2.87181304253e-07,-0.747627431664
two_wall,negative,-0.0142515954686,0.02,1.20973246239,0.385069802416,2.45512495614e-07,-0.750401036637
two_wall,negative,-0.0142515954686,0.02,1.21182558624,0.385736064431,2.09768125628e-07,-0.753161491099
two_wall,negative,-0.0142515954686,0.02,1.21391871009,0.386402326446,1.79124524849e-07,-0.755908746673
two_wall,negative,-0.0142515954686,0.02,1.21601183394,0.387068588461,1.52869717956e-07,-0.758642755215
two_wall,negative,-0.0142515954686,0.02,1.2181049578,0.387734850476,1.30388696237e-07,-0.761363468814
two_wall,negative,-0.0142515954686,0.02,1.22019808165,0.388401112491,1.111505709e-07,-0.764070839788
two_wall,negative,-0.0142515954686,0.02,1.2222912055,0.389067374506,9.46973757601e-08,-0.766764820692
two_wall,negative,-0.0142515954686,0.02,1.22438432935,0.389733636521,8.06343150784e-08,-0.769445364316
two_wall,negative,-0.0142515954686,0.02,1.2264774532,0.390399898536,6.8621276595e-08,-0.772112423684
two_wall,negative,-0.0142515954686,0.02,1.22857057705,0.391066160551,5.83654512483e-08,-0.774765952056
two_wall,negative,-0.0142515954686,0.02,1.23066370091,0.391732422566,4.96149201482e-08,-0.77740590293
two_wall,negative,-0.0142515954686,0.02,1.23275682476,0.392398684581,4.2153086239e-08,-0.780032230043
two_wall,negative,-0.0142515954686,0.02,1.23484994861,0.393064946596,3.57938430146e-08,-0.782644887368
two_wall,negative,-0.0142515954686,0.02,1.23694307246,0.393731208611,3.03773858488e-08,-0.78524382912
two_wall,negative,-0.0142515954686,0.02,1.23903619631,0.394397470626,2.57665831505e-08,-0.787829009753
two_wall,negative,-0.0142515954686,0.02,1.24112932016,0.395063732641,2.18438348305e-08,-0.790400383963
two_wall,negative,-0.0142515954686,0.02,1.24322244402,0.395729994656,1.85083546264e-08,-0.792957906688
two_wall,negative,-0.0142515954686,0.02,1.24531556787,0.396396256671,1.5673820801e-08,-0.795501533107
two_wall,negative,-0.0142515954686,0.02,1.24740869172,0.397062518686,1.32663467466e-08,-0.798031218645
two_wall,negative,-0.0142515954686,0.02,1.24950181557,0.397728780701,1.12227291871e-08,-0.80054691897
two_wall,negative,-0.0142515954686,0.02,1.25159493942,0.398395042716,9.4889370804e-09,-0.803048589995
two_wall,negative,-0.0142515954686,0.02,1.25368806327,0.399061304731,8.01880906966e-09,-0.805536187879
two_wall,negative,-0.0142515954686,0.02,1.25578118712,0.399727566745,6.77293148877e-09,-0.808009669027
two_wall,negative,-0.0142515954686,0.02,1.25787431098,0.40039382876,5.71767256733e-09,-0.810468990094
two_wall,negative,-0.0142515954686,0.02,1.25996743483,0.401060090775,4.82435166653e-09,-0.81291410798
two_wall,negative,-0.0142515954686,0.02,1.26206055868,0.40172635279,4.06852515683e-09,-0.815344979836
two_wall,negative,-0.0142515954686,0.02,1.26415368253,0.402392614805,3.42937298135e-09,-0.817761563061
two_wall,negative,-0.0142515954686,0.02,1.26624680638,0.40305887682,2.88917206603e-09,-0.820163815305
two_wall,negative,-0.0142515954686,0.02,1.26833993023,0.403725138835,2.43284458605e-09,-0.822551694471
two_wall,negative,-0.0142515954686,0.02,1.27043305409,0.40439140085,2.04757070755e-09,-0.82492515871
two_wall,negative,-0.0142515954686,0.02,1.27252617794,0.405057662865,1.72245682268e-09,-0.82728416643
two_wall,negative,-0.0142515954686,0.02,1.27461930179,0.40572392488,1.4482515137e-09,-0.829628676289
two_wall,negative,-0.0142515954686,0.02,1.27671242564,0.406390186895,1.21710253964e-09,-0.8319586472
two_wall,negative,-0.0142515954686,0.02,1.27880554949,0.40705644891,1.02234905602e-09,-0.834274038332
two_wall,negative,-0.0142515954686,0.02,1.28089867334,0.407722710925,8.5834407454e-10,-0.836574809109
two_wall,negative,-0.0142515954686,0.02,1.2829917972,0.40838897294,7.20302859365e-10,-0.838860919209
two_wall,negative,-0.0142515954686,0.02,1.28508492105,0.409055234955,6.04173553667e-10,-0.841132328571
two_wall,negative,-0.0142515954686,0.02,1.2871780449,0.40972149697,5.06526846608e-10,-0.843388997387
two_wall,negative,-0.0142515954686,0.02,1.28927116875,0.410387758985,4.2446193821e-10,-0.845630886112
two_wall,negative,-0.0142515954686,0.02,1.2913642926,0.411054021,3.55526444411e-10,-0.847857955456
two_wall,negative,-0.0142515954686,0.02,1.29345741645,0.411720283015,2.97648218477e-10,-0.850070166391
two_wall,negative,-0.0142515954686,0.02,1.29555054031,0.41238654503,2.49077351583e-10,-0.852267480148
two_wall,negative,-0.0142515954686,0.02,1.29764366416,0.413052807045,2.08336863129e-10,-0.854449858222
two_wall,negative,-0.0142515954686,0.02,1.29973678801,0.41371906906,1.74180804322e-10,-0.856617262365
two_wall,negative,-0.0142515954686,0.02,1.30182991186,0.414385331075,1.45558682102e-10,-0.858769654596
two_wall,negative,-0.0142515954686,0.02,1.30392303571,0.41505159309,1.21585268049e-10,-0.860906997194
two_wall,negative,-0.0142515954686,0.02,1.30601615956,0.415717855105,1.01514992492e-10,-0.863029252703
two_wall,negative,-0.0142515954686,0.02,1.30810928342,0.41638411712,8.4720240269e-11,-0.865136383932
two_wall,negative,-0.0142515954686,0.02,1.31020240727,0.417050379135,7.06729645081e-11,-0.867228353953
two_wall,negative,-0.0142515954686,0.02,1.31229553112,0.41771664115,5.89291202242e-11,-0.869305126106
two_wall,negative,-0.0142515954686,0.02,1.31438865497,0.418382903165,4.91154929524e-11,-0.871366663996
two_wall,negative,-0.0142515954686,0.02,1.31648177882,0.41904916518,4.09185603206e-11,-0.873412931495
two_wall,negative,-0.0142515954686,0.02,1.31857490267,0.419715427195,3.40750781611e-11,-0.875443892743
two_wall,negative,-0.0142515954686,0.02,1.32066802653,0.42038168921,2.83641286916e-11,-0.877459512148
two_wall,negative,-0.0142515954686,0.02,1.32276115038,0.421047951225,2.36004074415e-11,-0.879459754388
two_wall,negative,-0.0142515954686,0.02,1.32485427423,0.42171421324,1.96285591482e-11,-0.881444584408
two_wall,negative,-0.0142515954686,0.02,1.32694739808,0.422380475255,1.63184013547e-11,-0.883413967426
two_wall,negative,-0.0142515954686,0.02,1.32904052193,0.42304673727,1.35608988041e-11,-0.885367868928
two_wall,negative,-0.0142515954686,0.02,1.33113364578,0.423712999285,1.12647724589e-11,-0.887306254673
two_wall,negative,-0.0142515954686,0.02,1.33322676964,0.4243792613,9.35364468295e-12,-0.889229090691
two_wall,negative,-0.0142515954686,0.02,1.33531989349,0.425045523315,7.76363705326e-12,-0.891136343287
two_wall,negative,-0.0142515954686,0.02,1.33741301734,0.42571178533,6.44135016966e-12,-0.893027979034
two_wall,negative,-0.0142515954686,0.02,1.33950614119,0.426378047345,5.34216557953e-12,-0.894903964784
two_wall,negative,-0.0142515954686,0.02,1.34159926504,0.42704430936,4.42881923844e-12,-0.896764267661
two_wall,negative,-0.0142515954686,0.02,1.34369238889,0.427710571375,3.67020368678e-12,-0.898608855063
two_wall,negative,-0.0142515954686,0.02,1.34578551274,0.42837683339,3.04036280714e-12,-0.900437694664
two_wall,negative,-0.0142515954686,0.02,1.3478786366,0.429043095405,2.51764863776e-12,-0.902250754415
two_wall,negative,-0.0142515954686,0.02,1.34997176045,0.42970935742,2.08401446961e-12,-0.904048002543
two_wall,negative,-0.0142515954686,0.02,1.3520648843,0.430375619435,1.72442249498e-12,-0.90582940755
two_wall,negative,-0.0142515954686,0.02,1.35415800815,0.43104188145,1.42634771455e-12,-0.90759493822
two_wall,negative,-0.0142515954686,0.02,1.356251132,0.431708143465,1.17936264341e-12,-0.909344563612
two_wall,negative,-0.0142515954686,0.02,1.35834425585,0.43237440548,9.74789847325e-13,-0.911078253063
two_wall,negative,-0.0142515954686,0.02,1.36043737971,0.433040667494,8.05411359093e-13,-0.912795976192
two_wall,negative,-0.0142515954686,0.02,1.36253050356,0.433706929509,6.6522579257e-13,-0.914497702897
two_wall,negative,-0.0142515954686,0.02,1.36462362741,0.434373191524,5.4924541492e-13,-0.916183403354
two_wall,negative,-0.0142515954686,0.02,1.36671675126,0.435039453539,4.53326691387e-13,-0.917853048024
two_wall,negative,-0.0142515954686,0.02,1.36880987511,0.435705715554,3.74028841199e-13,-0.919506607645
two_wall,negative,-0.0142515954686,0.02,1.37090299896,0.436371977569,3.08495836423e-13,-0.92114405324
two_wall,negative,-0.0142515954686,0.02,1.37299612282,0.437038239584,2.54358000568e-13,-0.922765356113
two_wall,negative,-0.0142515954686,0.02,1.37508924667,0.437704501599,2.09649990709e-13,-0.924370487851
two_wall,negative,-0.0142515954686,0.02,1.37718237052,0.438370763614,1.72742465067e-13,-0.925959420326
two_wall,negative,-0.0142515954686,0.02,1.37927549437,0.439037025629,1.42285181628e-13,-0.927532125691
two_wall,negative,-0.0142515954686,0.02,1.38136861822,0.439703287644,1.17159633173e-13,-0.929088576386
two_wall,negative,-0.0142515954686,0.02,1.38346174207,0.440369549659,9.64396405818e-14,-0.930628745134
two_wall,negative,-0.0142515954686,0.02,1.38555486593,0.441035811674,7.93585811295e-14,-0.932152604944
two_wall,negative,-0.0142515954686,0.02,1.38764798978,0.441702073689,6.52821457698e-14,-0.933660129112
two_wall,negative,-0.0142515954686,0.02,1.38974111363,0.442368335704,5.36857034809e-14,-0.935151291218
two_wall,negative,-0.0142515954686,0.02,1.39183423748,0.443034597719,4.41355014496e-14,-0.93662606513
two_wall,negative,-0.0142515954686,0.02,1.39392736133,0.443700859734,3.62730573832e-14,-0.938084425003
two_wall,negative,-0.0142515954686,0.02,1.39602048518,0.444367121749,2.98022074757e-14,-0.939526345281
two_wall,negative,-0.0142515954686,0.02,1.39811360904,0.445033383764,2.44783632392e-14,-0.940951800694
two_wall,negative,-0.0142515954686,0.02,1.40020673289,0.445699645779,2.00996031719e-14,-0.942360766261
two_wall,negative,-0.0142515954686,0.02,1.40229985674,0.446365907794,1.64992901556e-14,-0.943753217291
two_wall,negative,-0.0142515954686,0.02,1.40439298059,0.447032169809,1.35399545363e-14,-0.945129129382
two_wall,negative,-0.0142515954686,0.02,1.40648610444,0.447698431824,1.11082290555e-14,-0.946488478421
two_wall,negative,-0.0142515954686,0.02,1.40857922829,0.448364693839,9.11065554652e-15,-0.947831240586
two_wall,negative,-0.0142515954686,0.02,1.41067235215,0.449030955854,7.470215343e-15,-0.949157392346
two_wall,negative,-0.0142515954686,0.02,1.412765476,0.449697217869,6.12345897334e-15,-0.95046691046
two_wall,negative,-0.0142515954686,0.02,1.41485859985,0.450363479884,5.01813360836e-15,-0.95175977198
two_wall,negative,-0.0142515954686,0.02,1.4169517237,0.451029741899,4.1112213311e-15,-0.953035954248
two_wall,negative,-0.0142515954686,0.02,1.41904484755,0.451696003914,3.36731884972e-15,-0.954295434901
two_wall,negative,-0.0142515954686,0.02,1.4211379714,0.452362265929,2.75729916375e-15,-0.955538191865
two_wall,negative,-0.0142515954686,0.02,1.42323109526,0.453028527944,2.25720667207e-15,-0.956764203362
two_wall,negative,-0.0142515954686,0.02,1.42532421911,0.453694789959,1.84734527144e-15,-0.957973447907
two_wall,negative,-0.0142515954686,0.02,1.42741734296,0.454361051974,1.51152611878e-15,-0.959165904309
two_wall,negative,-0.0142515954686,0.02,1.42951046681,0.455027313989,1.23644727843e-15,-0.960341551669
two_wall,negative,-0.0142515954686,0.02,1.43160359066,0.455693576004,1.01118226242e-15,-0.961500369385
two_wall,negative,-0.0142515954686,0.02,1.43369671451,0.456359838019,8.26758550906e-16,-0.962642337149
two_wall,negative,-0.0142515954686,0.02,1.43578983836,0.457026100034,6.7581046654e-16,-0.963767434948
two_wall,negative,-0.0142515954686,0.02,1.43788296222,0.457692362049,5.52293105215e-16,-0.964875643066
two_wall,negative,-0.0142515954686,0.02,1.43997608607,0.458358624064,4.51247023493e-16,-0.965966942082
two_wall,negative,-0.0142515954686,0.02,1.44206920992,0.459024886079,3.6860451044e-16,-0.967041312871
two_wall,negative,-0.0142515954686,0.02,1.44416233377,0.459691148094,3.01030183183e-16,-0.968098736605
two_wall,negative,-0.0142515954686,0.02,1.44625545762,0.460357410109,2.45789937325e-16,-0.969139194753
two_wall,negative,-0.0142515954686,0.02,1.44834858147,0.461023672124,2.00643147568e-16,-0.970162669081
two_wall,negative,-0.0142515954686,0.02,1.45044170533,0.461689934139,1.63754146228e-16,-0.971169141653
two_wall,negative,-0.0142515954686,0.02,1.45253482918,0.462356196154,1.33619411303e-16,-0.972158594832
two_wall,negative,-0.0142515954686,0.02,1.45462795303,0.463022458169,1.09007816584e-16,-0.973131011278
two_wall,negative,-0.0142515954686,0.02,1.45672107688,0.463688720184,8.89115303497e-17,-0.974086373948
two_wall,negative,-0.0142515954686,0.02,1.45881420073,0.464354982199,7.25057528811e-17,-0.975024666102
two_wall,negative,-0.0142515954686,0.02,1.46090732458,0.465021244214,5.91156340977e-17,-0.975945871295
two_wall,negative,-0.0142515954686,0.02,1.46300044844,0.465687506229,4.81891479305e-17,-0.976849973383
two_wall,negative,-0.0142515954686,0.02,1.46509357229,0.466353768244,3.92748695173e-17,-0.977736956524
two_wall,negative,-0.0142515954686,0.02,1.46718669614,0.467020030258,3.20037142593e-17,-0.978606805172
two_wall,negative,-0.0142515954686,0.02,1.46927981999,0.467686292273,2.60740048239e-17,-0.979459504084
two_wall,negative,-0.0142515954686,0.02,1.47137294384,0.468352554288,2.12392088296e-17,-0.980295038317
two_wall,negative,-0.0142515954686,0.02,1.47346606769,0.469018816303,1.72979167777e-17,-0.981113393228
two_wall,negative,-0.0142515954686,0.02,1.47555919155,0.469685078318,1.40856075189e-17,-0.981914554476
two_wall,negative,-0.0142515954686,0.02,1.4776523154,0.470351340333,1.1467938142e-17,-0.982698508021
two_wall,negative,-0.0142515954686,0.02,1.47974543925,0.471017602348,9.33522240567e-18,-0.983465240124
two_wall,negative,-0.0142515954686,0.02,1.4818385631,0.471683864363,7.5979251271e-18,-0.984214737348
two_wall,negative,-0.0142515954686,0.02,1.48393168695,0.472350126378,6.18298312303e-18,-0.984946986559
two_wall,negative,-0.0142515954686,0.02,1.4860248108,0.473016388393,5.03077948216e-18,-0.985661974925
two_wall,negative,-0.0142515954686,0.02,1.48811793466,0.473682650408,4.09268473827e-18,-0.986359689915
two_wall,negative,-0.0142515954686,0.02,1.49021105851,0.474348912423,3.32903771439e-18,-0.987040119303
two_wall,negative,-0.0142515954686,0.02,1.49230418236,0.475015174438,2.70749688518e-18,-0.987703251163
two_wall,negative,-0.0142515954686,0.02,1.49439730621,0.475681436453,2.20169862427e-18,-0.988349073876
two_wall,negative,-0.0142515954686,0.02,1.49649043006,0.476347698468,1.79015151574e-18,-0.988977576123
two_wall,negative,-0.0142515954686,0.02,1.49858355391,0.477013960483,1.45534260902e-18,-0.989588746889
two_wall,negative,-0.0142515954686,0.02,1.50067667777,0.477680222498,1.18300374427e-18,-0.990182575465
two_wall,negative,-0.0142515954686,0.02,1.50276980162,0.478346484513,9.61509737902e-19,-0.990759051443
two_wall,negative,-0.0142515954686,0.02,1.50486292547,0.479012746528,7.81393206519e-19,-0.991318164722
two_wall,negative,-0.0142515954686,0.02,1.50695604932,0.479679008543,6.34944372775e-19,-0.991859905502
two_wall,negative,-0.0142515954686,0.02,1.50904917317,0.480345270558,5.15885206856e-19,-0.99238426429
two_wall,negative,-0.0142515954686,0.02,1.51114229702,0.481011532573,4.19105986645e-19,-0.992891231897
two_wall,negative,-0.0142515954686,0.02,1.51323542088,0.481677794588,3.40446719003e-19,-0.993380799439
two_wall,negative,-0.0142515954686,0.02,1.51532854473,0.482344056603,2.76522757666e-19,-0.993852958335
two_wall,negative,-0.0142515954686,0.02,1.51742166858,0.483010318618,2.24579711911e-19,-0.994307700312
two_wall,negative,-0.0142515954686,0.02,1.51951479243,0.483676580633,1.82376675556e-19,-0.994745017401
two_wall,negative,-0.0142515954686,0.02,1.52160791628,0.484342842648,1.48091220909e-19,-0.995164901936
two_wall,negative,-0.0142515954686,0.02,1.52370104013,0.485009104663,1.20240707837e-19,-0.995567346561
two_wall,negative,-0.0142515954686,0.02,1.52579416398,0.485675366678,9.76199418018e-20,-0.995952344222
two_wall,negative,-0.0142515954686,0.02,1.52788728784,0.486341628693,7.92484957123e-20,-0.996319888173
two_wall,negative,-0.0142515954686,0.02,1.52998041169,0.487007890708,6.4329624145e-20,-0.996669971972
two_wall,negative,-0.0142515954686,0.02,1.53207353554,0.487674152723,5.22155314091e-20,-0.997002589485
two_wall,negative,-0.0142515954686,0.02,1.53416665939,0.488340414738,4.23797866439e-20,-0.997317734881
two_wall,negative,-0.0142515954686,0.02,1.53625978324,0.489006676753,3.43946013029e-20,-0.99761540264
two_wall,negative,-0.0142515954686,0.02,1.53835290709,0.489672938768,2.79122607134e-20,-0.997895587543
two_wall,negative,-0.0142515954686,0.02,1.54044603095,0.490339200783,2.26503787088e-20,-0.998158284681
two_wall,negative,-0.0142515954686,0.02,1.5425391548,0.491005462798,1.8379468947e-20,-0.99840348945
two_wall,negative,-0.0142515954686,0.02,1.54463227865,0.491671724813,1.49130829366e-20,-0.998631197553
two_wall,negative,-0.0142515954686,0.02,1.5467254025,0.492337986828,1.20999522787e-20,-0.998841405
two_wall,negative,-0.0142515954686,0.02,1.54881852635,0.493004248843,9.81704718833e-21,-0.999034108107
two_wall,negative,-0.0142515954686,0.02,1.5509116502,0.493670510858,7.96454520864e-21,-0.999209303496
two_wall,negative,-0.0142515954686,0.02,1.55300477406,0.494336772873,6.4613851955e-21,-0.999366988098
two_wall,negative,-0.0142515954686,0.02,1.55509789791,0.495003034888,5.24176850235e-21,-0.999507159148
two_wall,negative,-0.0142515954686,0.02,1.55719102176,0.495669296903,4.25223651144e-21,-0.999629814192
two_wall,negative,-0.0142515954686,0.02,1.55928414561,0.496335558918,3.44943296462e-21,-0.999734951078
two_wall,negative,-0.0142515954686,0.02,1.56137726946,0.497001820933,2.79812911708e-21,-0.999822567965
two_wall,negative,-0.0142515954686,0.02,1.56347039331,0.497668082948,2.26976954614e-21,-0.999892663318
two_wall,negative,-0.0142515954686,0.02,1.56556351717,0.498334344963,1.841146796e-21,-0.999945235907
two_wall,negative,-0.0142515954686,0.02,1.56765664102,0.499000606978,1.49346193394e-21,-0.999980284811
two_wall,negative,-0.0142515954686,0.02,1.56974976487,0.499666868993,1.21142476431e-21,-0.999997809417
two_wall,negative,-0.0142515954686,0.02,1.57184288872,0.500333131007,9.82647578645e-22,-0.999997809417
two_wall,negative,-0.0142515954686,0.02,1.57393601257,0.500999393022,7.97069299595e-22,-0.999980284811
two_wall,negative,-0.0142515954686,0.02,1.57602913642,0.501665655037,6.4655017518e-22,-0.999945235907
two_wall,negative,-0.0142515954686,0.02,1.57812226028,0.502331917052,5.24456156072e-22,-0.999892663318
two_wall,negative,-0.0142515954686,0.02,1.58021538413,0.502998179067,4.25420476261e-22,-0.999822567965
two_wall,negative,-0.0142515954686,0.02,1.58230850798,0.503664441082,3.45096358377e-22,-0.999734951078
two_wall,negative,-0.0142515954686,0.02,1.58440163183,0.504330703097,2.79943775575e-22,-0.999629814192
two_wall,negative,-0.0142515954686,0.02,1.58649475568,0.504996965112,2.27096775504e-22,-0.999507159148
two_wall,negative,-0.0142515954686,0.02,1.58858787953,0.505663227127,1.84230891951e-22,-0.999366988098
two_wall,negative,-0.0142515954686,0.02,1.59068100339,0.506329489142,1.49460576429e-22,-0.999209303496
two_wall,negative,-0.0142515954686,0.02,1.59277412724,0.506995751157,1.21255717631e-22,-0.999034108107
two_wall,negative,-0.0142515954686,0.02,1.59486725109,0.507662013172,9.83801866104e-23,-0.998841405
two_wall,negative,-0.0142515954686,0.02,1.59696037494,0.508328275187,7.98207262117e-23,-0.998631197553
two_wall,negative,-0.0142515954686,0.02,1.59905349879,0.508994537202,6.4767564193e-23,-0.99840348945
two_wall,negative,-0.0142515954686,0.02,1.60114662264,0.509660799217,5.25532421007e-23,-0.998158284681
two_wall,negative,-0.0142515954686,0.02,1.6032397465,0.510327061232,4.2645151879e-23,-0.997895587543
two_wall,negative,-0.0142515954686,0.02,1.60533287035,0.510993323247,3.46090729512e-23,-0.99761540264
two_wall,negative,-0.0142515954686,0.02,1.6074259942,0.511659585262,2.80872290585e-23,-0.997317734881
two_wall,negative,-0.0142515954686,0.02,1.60951911805,0.512325847277,2.27976466018e-23,-0.997002589485
two_wall,negative,-0.0142515954686,0.02,1.6116122419,0.512992109292,1.85044381034e-23,-0.996669971972
two_wall,negative,-0.0142515954686,0.02,1.61370536575,0.513658371307,1.5021402972e-23,-0.996319888173
two_wall,negative,-0.0142515954686,0.02,1.6157984896,0.514324633322,1.2194620854e-23,-0.995952344222
two_wall,negative,-0.0142515954686,0.02,1.61789161346,0.514990895337,9.90123799206e-24,-0.995567346561
two_wall,negative,-0.0142515954686,0.02,1.61998473731,0.515657157352,8.03918364992e-24,-0.995164901936
two_wall,negative,-0.0142515954686,0.02,1.62207786116,0.516323419367,6.52751570682e-24,-0.994745017401
two_wall,negative,-0.0142515954686,0.02,1.62417098501,0.516989681382,5.30086964724e-24,-0.994307700312
two_wall,negative,-0.0142515954686,0.02,1.62626410886,0.517655943397,4.30582716908e-24,-0.993852958335
two_wall,negative,-0.0142515954686,0.02,1.62835723271,0.518322205412,3.49767317647e-24,-0.993380799439
two_wall,negative,-0.0142515954686,0.02,1.63045035657,0.518988467427,2.84113460637e-24,-0.992891231897
two_wall,negative,-0.0142515954686,0.02,1.63254348042,0.519654729442,2.30811899023e-24,-0.99238426429
two_wall,negative,-0.0142515954686,0.02,1.63463660427,0.520320991457,1.87576410804e-24,-0.991859905502
two_wall,negative,-0.0142515954686,0.02,1.63672972812,0.520987253472,1.52407622069e-24,-0.991318164722
two_wall,negative,-0.0142515954686,0.02,1.63882285197,0.521653515487,1.23875338044e-24,-0.990759051443
two_wall,negative,-0.0142515954686,0.02,1.64091597582,0.522319777502,1.00702714395e-24,-0.990182575465
two_wall,negative,-0.0142515954686,0.02,1.64300909968,0.522986039517,8.18315709786e-25,-0.989588746889
two_wall,negative,-0.0142515954686,0.02,1.64510222353,0.523652301532,6.65604751864e-25,-0.988977576123
two_wall,negative,-0.0142515954686,0.02,1.64719534738,0.524318563547,5.41050938013e-25,-0.988349073876
two_wall,negative,-0.0142515954686,0.02,1.64928847123,0.524984825562,4.40109525137e-25,-0.987703251163
two_wall,negative,-0.0142515954686,0.02,1.65138159508,0.525651087577,3.57778231302e-25,-0.987040119303
two_wall,negative,-0.0142515954686,0.02,1.65347471893,0.526317349592,2.91016042031e-25,-0.986359689915
two_wall,negative,-0.0142515954686,0.02,1.65556784279,0.526983611607,2.36817435491e-25,-0.985661974925
two_wall,negative,-0.0142515954686,0.02,1.65766096664,0.527649873622,1.92677755821e-25,-0.984946986559
two_wall,negative,-0.0142515954686,0.02,1.65975409049,0.528316135637,1.56783118309e-25,-0.984214737348
two_wall,negative,-0.0142515954686,0.02,1.66184721434,0.528982397652,1.27607667515e-25,-0.983465240124
two_wall,negative,-0.0142515954686,0.02,1.66394033819,0.529648659667,1.03835841996e-25,-0.982698508021
two_wall,negative,-0.0142515954686,0.02,1.66603346204,0.530314921682,8.45387165717e-26,-0.981914554476
two_wall,negative,-0.0142515954686,0.02,1.6681265859,0.530981183697,6.87753666457e-26,-0.981113393228
two_wall,negative,-0.0142515954686,0.02,1.67021970975,0.531647445712,5.60531564696e-26,-0.980295038317
two_wall,negative,-0.0142515954686,0.02,1.6723128336,0.532313707727,4.5646133258e-26,-0.979459504084
two_wall,negative,-0.0142515954686,0.02,1.67440595745,0.532979969742,3.71953374657e-26,-0.978606805172
two_wall,negative,-0.0142515954686,0.02,1.6764990813,0.533646231756,3.03043500837e-26,-0.977736956524
two_wall,negative,-0.0142515954686,0.02,1.67859220515,0.534312493771,2.46952720194e-26,-0.976849973383
two_wall,negative,-0.0142515954686,0.02,1.68068532901,0.534978755786,2.01151968539e-26,-0.975945871295
two_wall,negative,-0.0142515954686,0.02,1.68277845286,0.535645017801,1.63829359154e-26,-0.975024666102
two_wall,negative,-0.0142515954686,0.02,1.68487157671,0.536311279816,1.33727271253e-26,-0.974086373948
two_wall,negative,-0.0142515954686,0.02,1.68696470056,0.536977541831,1.08895650765e-26,-0.973131011278
two_wall,negative,-0.0142515954686,0.02,1.68905782441,0.537643803846,8.90148058765e-27,-0.972158594832
two_wall,negative,-0.0142515954686,0.02,1.69115094826,0.538310065861,7.23912453685e-27,-0.971169141653
two_wall,negative,-0.0142515954686,0.02,1.69324407212,0.538976327876,5.89833470712e-27,-0.970162669081
two_wall,negative,-0.0142515954686,0.02,1.69533719597,0.539642589891,4.79900864321e-27,-0.969139194753
two_wall,negative,-0.0142515954686,0.02,1.69743031982,0.540308851906,3.91079523536e-27,-0.968098736605
two_wall,negative,-0.0142515954686,0.02,1.69952344367,0.540975113921,3.19483689033e-27,-0.967041312871
two_wall,negative,-0.0142515954686,0.02,1.70161656752,0.541641375936,2.60112347685e-27,-0.965966942082
two_wall,negative,-0.0142515954686,0.02,1.70370969137,0.542307637951,2.11191449851e-27,-0.964875643066
two_wall,negative,-0.0142515954686,0.02,1.70580281522,0.542973899966,1.72423046479e-27,-0.963767434948
two_wall,negative,-0.0142515954686,0.02,1.70789593908,0.543640161981,1.39417306822e-27,-0.962642337149
two_wall,negative,-0.0142515954686,0.02,1.70998906293,0.544306423996,1.13394532964e-27,-0.961500369385
two_wall,negative,-0.0142515954686,0.02,1.71208218678,0.544972686011,9.13842088813e-28,-0.960341551669
two_wall,negative,-0.0142515954686,0.02,1.71417531063,0.545638948026,7.50442735402e-28,-0.959165904309
two_wall,negative,-0.0142515954686,0.02,1.71626843448,0.546305210041,6.08505161013e-28,-0.957973447907
two_wall,negative,-0.0142515954686,0.02,1.71836155833,0.546971472056,4.92885422424e-28,-0.956764203362
two_wall,negative,-0.0142515954686,0.02,1.72045468219,0.547637734071,4.03032957904e-28,-0.955538191865
two_wall,negative,-0.0142515954686,0.02,1.72254780604,0.548303996086,3.28976419972e-28,-0.954295434901
two_wall,negative,-0.0142515954686,0.02,1.72464092989,0.548970258101,2.626100269e-28,-0.953035954248
two_wall,negative,-0.0142515954686,0.02,1.72673405374,0.549636520116,2.14716302627e-28,-0.95175977198
two_wall,negative,-0.0142515954686,0.02,1.72882717759,0.550302782131,1.76403122569e-28,-0.95046691046
two_wall,negative,-0.0142515954686,0.02,1.73092030144,0.550969044146,1.43181536808e-28,-0.949157392346
two_wall,negative,-0.0142515954686,0.02,1.7330134253,0.551635306161,1.16422289182e-28,-0.947831240586
two_wall,negative,-0.0142515954686,0.02,1.73510654915,0.552301568176,9.39856861717e-29,-0.946488478421
two_wall,negative,-0.0142515954686,0.02,1.737199673,0.552967830191,7.71044402382e-29,-0.945129129382
two_wall,negative,-0.0142515954686,0.02,1.73929279685,0.553634092206,6.28005867285e-29,-0.943753217291
two_wall,negative,-0.0142515954686,0.02,1.7413859207,0.554300354221,5.05275351883e-29,-0.942360766261
two_wall,negative,-0.0142515954686,0.02,1.74347904455,0.554966616236,4.07136740699e-29,-0.940951800694
two_wall,negative,-0.0142515954686,0.02,1.74557216841,0.555632878251,3.43938535914e-29,-0.939526345281
two_wall,negative,-0.0142515954686,0.02,1.74766529226,0.556299140266,2.7069329362e-29,-0.938084425003
two_wall,negative,-0.0142515954686,0.02,1.74975841611,0.556965402281,2.260017251e-29,-0.93662606513
two_wall,negative,-0.0142515954686,0.02,1.75185153996,0.557631664296,1.79044940529e-29,-0.935151291218
two_wall,negative,-0.0142515954686,0.02,1.75394466381,0.558297926311,1.41835360353e-29,-0.933660129112
two_wall,negative,-0.0142515954686,0.02,1.75603778766,0.558964188326,1.18000890232e-29,-0.932152604944
two_wall,negative,-0.0142515954686,0.02,1.75813091152,0.559630450341,9.24871220474e-30,-0.930628745134
two_wall,negative,-0.0142515954686,0.02,1.76022403537,0.560296712356,7.67068846176e-30,-0.929088576386
two_wall,negative,-0.0142515954686,0.02,1.76231715922,0.560962974371,6.12825104429e-30,-0.927532125691
two_wall,negative,-0.0142515954686,0.02,1.76441028307,0.561629236386,4.55107155376e-30,-0.925959420326
two_wall,negative,-0.0142515954686,0.02,1.76650340692,0.562295498401,3.27767600732e-30,-0.924370487851
two_wall,negative,-0.0142515954686,0.02,1.76859653077,0.562961760416,3.20973939839e-30,-0.922765356113
two_wall,negative,-0.0142515954686,0.02,1.77068965463,0.563628022431,2.43802907517e-30,-0.92114405324
two_wall,negative,-0.0142515954686,0.02,1.77278277848,0.564294284446,2.12127139568e-30,-0.919506607645
two_wall,negative,-0.0142515954686,0.02,1.77487590233,0.564960546461,1.51129652021e-30,-0.917853048024
two_wall,negative,-0.0142515954686,0.02,1.77696902618,0.565626808476,1.33954693531e-30,-0.916183403354
two_wall,negative,-0.0142515954686,0.02,1.77906215003,0.566293070491,1.06488571447e-30,-0.914497702897
two_wall,negative,-0.0142515954686,0.02,1.78115527388,0.566959332506,1.131209007e-30,-0.912795976192
two_wall,negative,-0.0142515954686,0.02,1.78324839774,0.56762559452,9.0905172465e-31,-0.911078253063
two_wall,negative,-0.0142515954686,0.02,1.78534152159,0.568291856535,4.84678594271e-31,-0.909344563612
two_wall,negative,-0.0142515954686,0.02,1.78743464544,0.56895811855,6.00778445464e-31,-0.90759493822
two_wall,negative,-0.0142515954686,0.02,1.78952776929,0.569624380565,5.44566421745e-31,-0.90582940755
two_wall,negative,-0.0142515954686,0.02,1.79162089314,0.57029064258,5.50312280397e-31,-0.904048002543
two_wall,negative,-0.0142515954686,0.02,1.79371401699,0.570956904595,4.3804706049e-31,-0.902250754415
two_wall,negative,-0.0142515954686,0.02,1.79580714084,0.57162316661,4.3373770032e-31,-0.900437694664
two_wall,negative,-0.0142515954686,0.02,1.7979002647,0.572289428625,3.23814678548e-31,-0.898608855063
two_wall,negative,-0.0142515954686,0.02,1.79999338855,0.57295569064,4.27722862269e-31,-0.896764267661
two_wall,negative,-0.0142515954686,0.02,1.8020865124,0.573621952655,3.98775728607e-31,-0.894903964784
two_wall,negative,-0.0142515954686,0.02,1.80417963625,0.57428821467,3.07570282074e-31,-0.893027979034
two_wall,negative,-0.0142515954686,0.02,1.8062727601,0.574954476685,2.89467623123e-31,-0.891136343287
two_wall,negative,-0.0142515954686,0.02,1.80836588395,0.5756207387,2.15756526551e-31,-0.889229090691
two_wall,negative,-0.0142515954686,0.02,1.81045900781,0.576287000715,2.2049951842e-31,-0.887306254673
two_wall,negative,-0.0142515954686,0.02,1.81255213166,0.57695326273,1.51641630777e-31,-0.885367868928
two_wall,negative,-0.0142515954686,0.02,1.81464525551,0.577619524745,9.06437290553e-32,-0.883413967426
two_wall,negative,-0.0142515954686,0.02,1.81673837936,0.57828578676,1.04982878322e-31,-0.881444584408
two_wall,negative,-0.0142515954686,0.02,1.81883150321,0.578952048775,1.33086590948e-31,-0.879459754388
two_wall,negative,-0.0142515954686,0.02,1.82092462706,0.57961831079,1.58582349035e-31,-0.877459512148
two_wall,negative,-0.0142515954686,0.02,1.82301775092,0.580284572805,1.11539384446e-31,-0.875443892743
two_wall,negative,-0.0142515954686,0.02,1.82511087477,0.58095083482,2.6251587036e-31,-0.873412931495
two_wall,negative,-0.0142515954686,0.02,1.82720399862,0.581617096835,1.51831941795e-31,-0.871366663996
two_wall,negative,-0.0142515954686,0.02,1.82929712247,0.58228335885,2.24863549843e-31,-0.869305126106
two_wall,negative,-0.0142515954686,0.02,1.83139024632,0.582949620865,2.56023823005e-31,-0.867228353953
two_wall,negative,-0.0142515954686,0.02,1.83348337017,0.58361588288,3.01585882469e-31,-0.865136383932
two_wall,negative,-0.0142515954686,0.02,1.83557649403,0.584282144895,3.25905341388e-31,-0.863029252703
two_wall,negative,-0.0142515954686,0.02,1.83766961788,0.58494840691,1.68863078415e-31,-0.860906997194
two_wall,negative,-0.0142515954686,0.02,1.83976274173,0.585614668925,2.97424409602e-31,-0.858769654596
two_wall,negative,-0.0142515954686,0.02,1.84185586558,0.58628093094,1.76839525134e-31,-0.856617262365
two_wall,negative,-0.0142515954686,0.02,1.84394898943,0.586947192955,2.30730423214e-31,-0.854449858222
two_wall,negative,-0.0142515954686,0.02,1.84604211328,0.58761345497,9.9462279088e-32,-0.852267480148
two_wall,negative,-0.0142515954686,0.02,1.84813523714,0.588279716985,1.42379856331e-31,-0.850070166391
two_wall,negative,-0.0142515954686,0.02,1.85022836099,0.588945979,1.52675300591e-31,-0.847857955456
two_wall,negative,-0.0142515954686,0.02,1.85232148484,0.589612241015,1.5873428607e-31,-0.845630886112
two_wall,negative,-0.0142515954686,0.02,1.85441460869,0.59027850303,1.38733791416e-31,-0.843388997387
two_wall,negative,-0.0142515954686,0.02,1.85650773254,0.590944765045,1.40382665033e-31,-0.841132328571
two_wall,negative,-0.0142515954686,0.02,1.85860085639,0.59161102706,6.18683597609e-32,-0.838860919209
two_wall,negative,-0.0142515954686,0.02,1.86069398025,0.592277289075,3.09633882874e-32,-0.836574809109
two_wall,negative,-0.0142515954686,0.02,1.8627871041,0.59294355109,8.1257044482e-32,-0.834274038332
two_wall,negative,-0.0142515954686,0.02,1.86488022795,0.593609813105,1.70462889004e-33,-0.8319586472
two_wall,negative,-0.0142515954686,0.02,1.8669733518,0.59427607512,7.68358951464e-32,-0.829628676289
two_wall,negative,-0.0142515954686,0.02,1.86906647565,0.594942337135,3.34057536981e-32,-0.82728416643
two_wall,negative,-0.0142515954686,0.02,1.8711595995,0.59560859915,8.02728474775e-32,-0.82492515871
two_wall,negative,-0.0142515954686,0.02,1.87325272336,0.596274861165,5.18098479393e-32,-0.822551694471
two_wall,negative,-0.0142515954686,0.02,1.87534584721,0.59694112318,4.70923507261e-32,-0.820163815305
two_wall,negative,-0.0142515954686,0.02,1.87743897106,0.597607385195,9.19515647383e-32,-0.817761563061
two_wall,negative,-0.0142515954686,0.02,1.87953209491,0.59827364721,4.18645161146e-32,-0.815344979836
two_wall,negative,-0.0142515954686,0.02,1.88162521876,0.598939909225,9.25328781997e-32,-0.81291410798
two_wall,negative,-0.0142515954686,0.02,1.88371834261,0.59960617124,8.02317757024e-32,-0.810468990094
two_wall,negative,-0.0142515954686,0.02,1.88581146646,0.600272433255,1.00931822804e-31,-0.808009669027
two_wall,negative,-0.0142515954686,0.02,1.88790459032,0.600938695269,2.12635198521e-32,-0.805536187879
two_wall,negative,-0.0142515954686,0.02,1.88999771417,0.601604957284,6.44694270629e-32,-0.803048589995
two_wall,negative,-0.0142515954686,0.02,1.89209083802,0.602271219299,1.04190339045e-31,-0.80054691897
two_wall,negative,-0.0142515954686,0.02,1.89418396187,0.602937481314,9.29351341787e-32,-0.798031218645
two_wall,negative,-0.0142515954686,0.02,1.89627708572,0.603603743329,8.78799036417e-32,-0.795501533107
two_wall,negative,-0.0142515954686,0.02,1.89837020957,0.604270005344,1.53625157525e-31,-0.792957906688
two_wall,negative,-0.0142515954686,0.02,1.90046333343,0.604936267359,1.10306060724e-31,-0.790400383963
two_wall,negative,-0.0142515954686,0.02,1.90255645728,0.605602529374,2.38601460096e-31,-0.787829009753
two_wall,negative,-0.0142515954686,0.02,1.90464958113,0.606268791389,9.91320827836e-32,-0.78524382912
two_wall,negative,-0.0142515954686,0.02,1.90674270498,0.606935053404,2.48052131335e-31,-0.782644887368
two_wall,negative,-0.0142515954686,0.02,1.90883582883,0.607601315419,3.33114921165e-31,-0.780032230043
two_wall,negative,-0.0142515954686,0.02,1.91092895268,0.608267577434,2.34444042013e-31,-0.77740590293
two_wall,negative,-0.0142515954686,0.02,1.91302207654,0.608933839449,3.97098169803e-31,-0.774765952056
two_wall,negative,-0.0142515954686,0.02,1.91511520039,0.609600101464,2.66960823837e-31,-0.772112423684
two_wall,negative,-0.0142515954686,0.02,1.91720832424,0.610266363479,3.28244737859e-31,-0.769445364316
two_wall,negative,-0.0142515954686,0.02,1.91930144809,0.610932625494,5.53008120965e-31,-0.766764820692
two_wall,negative,-0.0142515954686,0.02,1.92139457194,0.611598887509,3.27410352761e-31,-0.764070839788
two_wall,negative,-0.0142515954686,0.02,1.92348769579,0.612265149524,3.55613759589e-31,-0.761363468814
two_wall,negative,-0.0142515954686,0.02,1.92558081965,0.612931411539,4.70048083428e-31,-0.758642755215
two_wall,negative,-0.0142515954686,0.02,1.9276739435,0.613597673554,3.39442866229e-31,-0.755908746673
two_wall,negative,-0.0142515954686,0.02,1.92976706735,0.614263935569,4.6313009638e-31,-0.753161491099
two_wall,negative,-0.0142515954686,0.02,1.9318601912,0.614930197584,4.94849980892e-31,-0.750401036637
two_wall,negative,-0.0142515954686,0.02,1.93395331505,0.615596459599,3.78361154644e-31,-0.747627431664
two_wall,negative,-0.0142515954686,0.02,1.9360464389,0.616262721614,3.49838440921e-31,-0.744840724787
two_wall,negative,-0.0142515954686,0.02,1.93813956276,0.616928983629,3.66619100109e-31,-0.74204096484
two_wall,negative,-0.0142515954686,0.02,1.94023268661,0.617595245644,1.62350248302e-31,-0.73922820089
two_wall,negative,-0.0142515954686,0.02,1.94232581046,0.618261507659,2.57812818821e-31,-0.736402482229
two_wall,negative,-0.0142515954686,0.02,1.94441893431,0.618927769674,2.30200777716e-31,-0.733563858376
two_wall,negative,-0.0142515954686,0.02,1.94651205816,0.619594031689,2.17700234149e-31,-0.730712379077
two_wall,negative,-0.0142515954686,0.02,1.94860518201,0.620260293704,2.31379887749e-31,-0.727848094304
two_wall,negative,-0.0142515954686,0.02,1.95069830587,0.620926555719,2.08520974144e-31,-0.724971054252
two_wall,negative,-0.0142515954686,0.02,1.95279142972,0.621592817734,2.74475509455e-31,-0.722081309341
two_wall,negative,-0.0142515954686,0.02,1.95488455357,0.622259079749,2.06215172906e-31,-0.719178910211
two_wall,negative,-0.0142515954686,0.02,1.95697767742,0.622925341764,1.07666025535e-31,-0.716263907726
two_wall,negative,-0.0142515954686,0.02,1.95907080127,0.623591603779,2.02573694964e-31,-0.713336352972
two_wall,negative,-0.0142515954686,0.02,1.96116392512,0.624257865794,1.64749988458e-31,-0.710396297251
two_wall,negative,-0.0142515954686,0.02,1.96325704898,0.624924127809,2.61535250272e-31,-0.707443792089
two_wall,negative,-0.0142515954686,0.02,1.96535017283,0.625590389824,1.16542940521e-31,-0.704478889225
two_wall,negative,-0.0142515954686,0.02,1.96744329668,0.626256651839,1.50922160378e-31,-0.70150164062
two_wall,negative,-0.0142515954686,0.02,1.96953642053,0.626922913854,1.04678956043e-31,-0.698512098448
two_wall,negative,-0.0142515954686,0.02,1.97162954438,0.627589175869,6.64509258146e-32,-0.6955103151
two_wall,negative,-0.0142515954686,0.02,1.97372266823,0.628255437884,6.36458033163e-32,-0.692496343181
two_wall,negative,-0.0142515954686,0.02,1.97581579208,0.628921699899,4.5793604456e-32,-0.68947023551
two_wall,negative,-0.0142515954686,0.02,1.97790891594,0.629587961914,3.55710262603e-32,-0.686432045118
two_wall,negative,-0.0142515954686,0.02,1.98000203979,0.630254223929,4.40135734988e-32,-0.683381825249
two_wall,negative,-0.0142515954686,0.02,1.98209516364,0.630920485944,1.1436317391e-32,-0.680319629357
two_wall,negative,-0.0142515954686,0.02,1.98418828749,0.631586747959,9.00410935196e-33,-0.677245511105
two_wall,negative,-0.0142515954686,0.02,1.98628141134,0.632253009974,1.9771428288e-32,-0.674159524366
two_wall,negative,-0.0142515954686,0.02,1.98837453519,0.632919271989,2.40686365759e-32,-0.671061723222
two_wall,negative,-0.0142515954686,0.02,1.99046765905,0.633585534004,7.02471147215e-32,-0.66795216196
two_wall,negative,-0.0142515954686,0.02,1.9925607829,0.634251796019,9.75207932787e-32,-0.664830895073
two_wall,negative,-0.0142515954686,0.02,1.99465390675,0.634918058033,2.46942038302e-31,-0.661697977262
two_wall,negative,-0.0142515954686,0.02,1.9967470306,0.635584320048,1.58074142274e-31,-0.658553463429
two_wall,negative,-0.0142515954686,0.02,1.99884015445,0.636250582063,1.73209359118e-31,-0.655397408681
two_wall,negative,-0.0142515954686,0.02,2.0009332783,0.636916844078,3.38003007657e-31,-0.652229868327
two_wall,negative,-0.0142515954686,0.02,2.00302640216,0.637583106093,3.18727558924e-31,-0.649050897876
two_wall,negative,-0.0142515954686,0.02,2.00511952601,0.638249368108,4.25992290923e-31,-0.645860553039
two_wall,negative,-0.0142515954686,0.02,2.00721264986,0.638915630123,3.22588810412e-31,-0.642658889726
two_wall,negative,-0.0142515954686,0.02,2.00930577371,0.639581892138,5.96729154535e-31,-0.639445964044
two_wall,negative,-0.0142515954686,0.02,2.01139889756,0.640248154153,3.4378255153e-31,-0.636221832299
two_wall,negative,-0.0142515954686,0.02,2.01349202141,0.640914416168,4.82124008389e-31,-0.632986550993
two_wall,negative,-0.0142515954686,0.02,2.01558514527,0.641580678183,4.11731316286e-31,-0.629740176823
two_wall,negative,-0.0142515954686,0.02,2.01767826912,0.642246940198,4.17274843292e-31,-0.62648276668
two_wall,negative,-0.0142515954686,0.02,2.01977139297,0.642913202213,5.25375122075e-31,-0.62321437765
two_wall,negative,-0.0142515954686,0.02,2.02186451682,0.643579464228,4.2803047764e-31,-0.61993506701
two_wall,negative,-0.0142515954686,0.02,2.02395764067,0.644245726243,4.48813096523e-31,-0.616644892227
two_wall,negative,-0.0142515954686,0.02,2.02605076452,0.644911988258,3.96038955455e-31,-0.613343910963
two_wall,negative,-0.0142515954686,0.02,2.02814388838,0.645578250273,4.81818720834e-31,-0.610032181065
two_wall,negative,-0.0142515954686,0.02,2.03023701223,0.646244512288,5.37765250701e-31,-0.606709760569
two_wall,negative,-0.0142515954686,0.02,2.03233013608,0.646910774303,3.84706608705e-31,-0.603376707702
two_wall,negative,-0.0142515954686,0.02,2.03442325993,0.647577036318,5.89088866854e-31,-0.600033080871
two_wall,negative,-0.0142515954686,0.02,2.03651638378,0.648243298333,4.88538200286e-31,-0.596678938675
two_wall,negative,-0.0142515954686,0.02,2.03860950763,0.648909560348,3.86544710698e-31,-0.593314339893
two_wall,negative,-0.0142515954686,0.02,2.04070263149,0.649575822363,4.92183129125e-31,-0.589939343487
two_wall,negative,-0.0142515954686,0.02,2.04279575534,0.650242084378,5.61617699573e-31,-0.586554008605
two_wall,negative,-0.0142515954686,0.02,2.04488887919,0.650908346393,5.34976080932e-31,-0.583158394572
two_wall,negative,-0.0142515954686,0.02,2.04698200304,0.651574608408,5.06313575429e-31,-0.579752560896
two_wall,negative,-0.0142515954686,0.02,2.04907512689,0.652240870423,5.39125082937e-31,-0.576336567263
two_wall,negative,-0.0142515954686,0.02,2.05116825074,0.652907132438,6.64283042792e-31,-0.572910473536
two_wall,negative,-0.0142515954686,0.02,2.0532613746,0.653573394453,5.96534006958e-31,-0.569474339757
two_wall,negative,-0.0142515954686,0.02,2.05535449845,0.654239656468,4.44205946985e-31,-0.566028226143
two_wall,negative,-0.0142515954686,0.02,2.0574476223,0.654905918483,5.57133011656e-31,-0.562572193086
two_wall,negative,-0.0142515954686,0.02,2.05954074615,0.655572180498,5.20488177474e-31,-0.559106301151
two_wall,negative,-0.0142515954686,0.02,2.06163387,0.656238442513,5.11824936995e-31,-0.555630611077
two_wall,negative,-0.0142515954686,0.02,2.06372699385,0.656904704528,4.98588402096e-31,-0.552145183774
two_wall,negative,-0.0142515954686,0.02,2.0658201177,0.657570966543,4.76535243567e-31,-0.548650080323
two_wall,negative,-0.0142515954686,0.02,2.06791324156,0.658237228558,4.97137116625e-31,-0.545145361975
two_wall,negative,-0.0142515954686,0.02,2.07000636541,0.658903490573,4.02295542923e-31,-0.541631090148
two_wall,negative,-0.0142515954686,0.02,2.07209948926,0.659569752588,4.05961587453e-31,-0.538107326429
two_wall,negative,-0.0142515954686,0.02,2.07419261311,0.660236014603,5.34338284507e-31,-0.534574132571
two_wall,negative,-0.0142515954686,0.02,2.07628573696,0.660902276618,3.73304018177e-31,-0.531031570491
two_wall,negative,-0.0142515954686,0.02,2.07837886081,0.661568538633,5.13048995271e-31,-0.527479702272
two_wall,negative,-0.0142515954686,0.02,2.08047198467,0.662234800648,4.53577214316e-31,-0.523918590158
two_wall,negative,-0.0142515954686,0.02,2.08256510852,0.662901062663,5.9541147626e-31,-0.520348296558
two_wall,negative,-0.0142515954686,0.02,2.08465823237,0.663567324678,5.80315524949e-31,-0.516768884039
two_wall,negative,-0.0142515954686,0.02,2.08675135622,0.664233586693,6.39958889305e-31,-0.513180415329
two_wall,negative,-0.0142515954686,0.02,2.08884448007,0.664899848708,5.90404445309e-31,-0.509582953315
two_wall,negative,-0.0142515954686,0.02,2.09093760392,0.665566110723,7.88128984354e-31,-0.505976561041
two_wall,negative,-0.0142515954686,0.02,2.09303072778,0.666232372738,5.7203236033e-31,-0.502361301708
two_wall,negative,-0.0142515954686,0.02,2.09512385163,0.666898634753,7.95811362276e-31,-0.498737238672
two_wall,negative,-0.0142515954686,0.02,2.09721697548,0.667564896768,7.56603369465e-31,-0.495104435443
two_wall,negative,-0.0142515954686,0.02,2.09931009933,0.668231158782,5.75366633423e-31,-0.491462955684
two_wall,negative,-0.0142515954686,0.02,2.10140322318,0.668897420797,7.22692427658e-31,-0.487812863213
two_wall,negative,-0.0142515954686,0.02,2.10349634703,0.669563682812,7.70261247079e-31,-0.484154221994
two_wall,negative,-0.0142515954686,0.02,2.10558947089,0.670229944827,7.78605936055e-31,-0.480487096145
two_wall,negative,-0.0142515954686,0.02,2.10768259474,0.670896206842,6.16255925078e-31,-0.476811549931
two_wall,negative,-0.0142515954686,0.02,2.10977571859,0.671562468857,7.95078163514e-31,-0.473127647764
two_wall,negative,-0.0142515954686,0.02,2.11186884244,0.672228730872,7.20699551978e-31,-0.469435454203
two_wall,negative,-0.0142515954686,0.02,2.11396196629,0.672894992887,6.45944447112e-31,-0.465735033953
two_wall,negative,-0.0142515954686,0.02,2.11605509014,0.673561254902,5.29661663528e-31,-0.462026451862
two_wall,negative,-0.0142515954686,0.02,2.118148214,0.674227516917,7.19693175816e-31,-0.458309772922
two_wall,negative,-0.0142515954686,0.02,2.12024133785,0.674893778932,5.98338085062e-31,-0.454585062266
two_wall,negative,-0.0142515954686,0.02,2.1223344617,0.675560040947,5.67500621813e-31,-0.450852385168
two_wall,negative,-0.0142515954686,0.02,2.12442758555,0.676226302962,5.99549328092e-31,-0.447111807043
two_wall,negative,-0.0142515954686,0.02,2.1265207094,0.676892564977,8.13841059724e-31,-0.443363393443
two_wall,negative,-0.0142515954686,0.02,2.12861383325,0.677558826992,5.97503341612e-31,-0.439607210057
two_wall,negative,-0.0142515954686,0.02,2.13070695711,0.678225089007,6.41756707436e-31,-0.435843322711
two_wall,negative,-0.0142515954686,0.02,2.13280008096,0.678891351022,6.87984859367e-31,-0.432071797365
two_wall,negative,-0.0142515954686,0.02,2.13489320481,0.679557613037,7.91831478958e-31,-0.428292700115
two_wall,negative,-0.0142515954686,0.02,2.13698632866,0.680223875052,8.73236493775e-31,-0.424506097188
two_wall,negative,-0.0142515954686,0.02,2.13907945251,0.680890137067,8.85441264621e-31,-0.420712054943
two_wall,negative,-0.0142515954686,0.02,2.14117257636,0.681556399082,1.02672690267e-30,-0.416910639869
two_wall,negative,-0.0142515954686,0.02,2.14326570022,0.682222661097,1.04932052884e-30,-0.413101918584
two_wall,negative,-0.0142515954686,0.02,2.14535882407,0.682888923112,7.61143746366e-31,-0.409285957834
two_wall,negative,-0.0142515954686,0.02,2.14745194792,0.683555185127,1.08886237821e-30,-0.405462824494
two_wall,negative,-0.0142515954686,0.02,2.14954507177,0.684221447142,1.29325639368e-30,-0.401632585563
two_wall,negative,-0.0142515954686,0.02,2.15163819562,0.684887709157,1.11871814897e-30,-0.397795308163
two_wall,negative,-0.0142515954686,0.02,2.15373131947,0.685553971172,1.25717077499e-30,-0.393951059541
two_wall,negative,-0.0142515954686,0.02,2.15582444332,0.686220233187,1.21557169157e-30,-0.390099907068
two_wall,negative,-0.0142515954686,0.02,2.15791756718,0.686886495202,1.20355622454e-30,-0.386241918232
two_wall,negative,-0.0142515954686,0.02,2.16001069103,0.687552757217,1.17633896052e-30,-0.382377160645
two_wall,negative,-0.0142515954686,0.02,2.16210381488,0.688219019232,1.14869926488e-30,-0.378505702033
two_wall,negative,-0.0142515954686,0.02,2.16419693873,0.688885281247,1.51252186952e-30,-0.374627610244
two_wall,negative,-0.0142515954686,0.02,2.16629006258,0.689551543262,1.26676801592e-30,-0.370742953239
two_wall,negative,-0.0142515954686,0.02,2.16838318643,0.690217805277,1.34523089108e-30,-0.366851799096
two_wall,negative,-0.0142515954686,0.02,2.17047631029,0.690884067292,1.59958607843e-30,-0.362954216006
two_wall,negative,-0.0142515954686,0.02,2.17256943414,0.691550329307,1.41617182982e-30,-0.359050272272
two_wall,negative,-0.0142515954686,0.02,2.17466255799,0.692216591322,1.19569390437e-30,-0.35514003631
two_wall,negative,-0.0142515954686,0.02,2.17675568184,0.692882853337,1.15544558271e-30,-0.351223576645
two_wall,negative,-0.0142515954686,0.02,2.17884880569,0.693549115352,1.55385005839e-30,-0.347300961912
two_wall,negative,-0.0142515954686,0.02,2.18094192954,0.694215377367,1.30588618568e-30,-0.343372260853
two_wall,negative,-0.0142515954686,0.02,2.1830350534,0.694881639382,1.42586059447e-30,-0.339437542317
two_wall,negative,-0.0142515954686,0.02,2.18512817725,0.695547901397,1.55709626336e-30,-0.335496875259
two_wall,negative,-0.0142515954686,0.02,2.1872213011,0.696214163412,1.44438186048e-30,-0.331550328738
two_wall,negative,-0.0142515954686,0.02,2.18931442495,0.696880425427,1.61065280994e-30,-0.327597971915
two_wall,negative,-0.0142515954686,0.02,2.1914075488,0.697546687442,1.82251363837e-30,-0.323639874054
two_wall,negative,-0.0142515954686,0.02,2.19350067265,0.698212949457,1.8171797291e-30,-0.31967610452
two_wall,negative,-0.0142515954686,0.02,2.19559379651,0.698879211472,1.92090945246e-30,-0.315706732775
two_wall,negative,-0.0142515954686,0.02,2.19768692036,0.699545473487,2.10555101217e-30,-0.311731828383
two_wall,negative,-0.0142515954686,0.02,2.19978004421,0.700211735502,2.21607929499e-30,-0.307751461001
two_wall,negative,-0.0142515954686,0.02,2.20187316806,0.700877997517,2.31376200566e-30,-0.303765700384
two_wall,negative,-0.0142515954686,0.02,2.20396629191,0.701544259531,2.78498694219e-30,-0.299774616381
two_wall,negative,-0.0142515954686,0.02,2.20605941576,0.702210521546,2.80985158955e-30,-0.295778278935
two_wall,negative,-0.0142515954686,0.02,2.20815253962,0.702876783561,2.51189648751e-30,-0.29177675808
two_wall,negative,-0.0142515954686,0.02,2.21024566347,0.703543045576,2.57519851244e-30,-0.287770123941
two_wall,negative,-0.0142515954686,0.02,2.21233878732,0.704209307591,2.49897452997e-30,-0.283758446732
two_wall,negative,-0.0142515954686,0.02,2.21443191117,0.704875569606,2.89646806815e-30,-0.279741796758
two_wall,negative,-0.0142515954686,0.02,2.21652503502,0.705541831621,2.94886281959e-30,-0.275720244409
two_wall,negative,-0.0142515954686,0.02,2.21861815887,0.706208093636,2.87762898181e-30,-0.27169386016
two_wall,negative,-0.0142515954686,0.02,2.22071128273,0.706874355651,2.77045831498e-30,-0.267662714573
two_wall,negative,-0.0142515954686,0.02,2.22280440658,0.707540617666,2.44881764208e-30,-0.263626878292
two_wall,negative,-0.0142515954686,0.02,2.22489753043,0.708206879681,2.71567293813e-30,-0.259586422044
two_wall,negative,-0.0142515954686,0.02,2.22699065428,0.708873141696,2.79230686519e-30,-0.255541416637
two_wall,negative,-0.0142515954686,0.02,2.22908377813,0.709539403711,2.76988617787e-30,-0.251491932956
two_wall,negative,-0.0142515954686,0.02,2.23117690198,0.710205665726,2.56168613415e-30,-0.24743804197
two_wall,negative,-0.0142515954686,0.02,2.23327002584,0.710871927741,2.3218617979e-30,-0.243379814719
two_wall,negative,-0.0142515954686,0.02,2.23536314969,0.711538189756,2.58335411196e-30,-0.239317322324
two_wall,negative,-0.0142515954686,0.02,2.23745627354,0.712204451771,2.06540414957e-30,-0.235250635978
two_wall,negative,-0.0142515954686,0.02,2.23954939739,0.712870713786,2.3167974566e-30,-0.231179826948
two_wall,negative,-0.0142515954686,0.02,2.24164252124,0.713536975801,2.3988703441e-30,-0.227104966574
two_wall,negative,-0.0142515954686,0.02,2.24373564509,0.714203237816,2.57598765156e-30,-0.223026126266
two_wall,negative,-0.0142515954686,0.02,2.24582876894,0.714869499831,2.13350622442e-30,-0.218943377505
two_wall,negative,-0.0142515954686,0.02,2.2479218928,0.715535761846,2.5371866823e-30,-0.214856791839
two_wall,negative,-0.0142515954686,0.02,2.25001501665,0.716202023861,2.3995228585e-30,-0.210766440884
two_wall,negative,-0.0142515954686,0.02,2.2521081405,0.716868285876,2.028864506e-30,-0.206672396322
two_wall,negative,-0.0142515954686,0.02,2.25420126435,0.717534547891,1.85541613418e-30,-0.2025747299
two_wall,negative,-0.0142515954686,0.02,2.2562943882,0.718200809906,2.10264111623e-30,-0.198473513428
two_wall,negative,-0.0142515954686,0.02,2.25838751205,0.718867071921,2.05019805874e-30,-0.194368818779
two_wall,negative,-0.0142515954686,0.02,2.26048063591,0.719533333936,1.96287166298e-30,-0.190260717884
two_wall,negative,-0.0142515954686,0.02,2.26257375976,0.720199595951,1.97785415356e-30,-0.186149282739
two_wall,negative,-0.0142515954686,0.02,2.26466688361,0.720865857966,1.77705900911e-30,-0.182034585393
two_wall,negative,-0.0142515954686,0.02,2.26676000746,0.721532119981,1.65340447383e-30,-0.177916697956
two_wall,negative,-0.0142515954686,0.02,2.26885313131,0.722198381996,1.45749975417e-30,-0.173795692593
two_wall,negative,-0.0142515954686,0.02,2.27094625516,0.722864644011,1.70404063978e-30,-0.169671641521
two_wall,negative,-0.0142515954686,0.02,2.27303937902,0.723530906026,1.34778640602e-30,-0.165544617015
two_wall,negative,-0.0142515954686,0.02,2.27513250287,0.724197168041,1.34650709953e-30,-0.161414691397
two_wall,negative,-0.0142515954686,0.02,2.27722562672,0.724863430056,1.19290616303e-30,-0.157281937045
two_wall,negative,-0.0142515954686,0.02,2.27931875057,0.725529692071,1.16216446783e-30,-0.153146426383
two_wall,negative,-0.0142515954686,0.02,2.28141187442,0.726195954086,1.06319034307e-30,-0.149008231884
two_wall,negative,-0.0142515954686,0.02,2.28350499827,0.726862216101,1.03438795239e-30,-0.144867426069
two_wall,negative,-0.0142515954686,0.02,2.28559812213,0.727528478116,8.3229370382e-31,-0.140724081504
two_wall,negative,-0.0142515954686,0.02,2.28769124598,0.728194740131,8.12813445953e-31,-0.1365782708
two_wall,negative,-0.0142515954686,0.02,2.28978436983,0.728861002146,9.83509881596e-31,-0.132430066609
two_wall,negative,-0.0142515954686,0.02,2.29187749368,0.729527264161,9.040717054e-31,-0.128279541629
two_wall,negative,-0.0142515954686,0.02,2.29397061753,0.730193526176,8.80115837291e-31,-0.124126768596
two_wall,negative,-0.0142515954686,0.02,2.29606374138,0.730859788191,8.3457100267e-31,-0.119971820285
two_wall,negative,-0.0142515954686,0.02,2.29815686524,0.731526050206,8.91370803459e-31,-0.115814769511
two_wall,negative,-0.0142515954686,0.02,2.30024998909,0.732192312221,7.69006284646e-31,-0.111655689124
two_wall,negative,-0.0142515954686,0.02,2.30234311294,0.732858574236,8.2250021669e-31,-0.107494652011
two_wall,negative,-0.0142515954686,0.02,2.30443623679,0.733524836251,7.44176779499e-31,-0.103331731092
two_wall,negative,-0.0142515954686,0.02,2.30652936064,0.734191098266,7.02577613256e-31,-0.0991669993219
two_wall,negative,-0.0142515954686,0.02,2.30862248449,0.734857360281,6.6930476848e-31,-0.095000529685
two_wall,negative,-0.0142515954686,0.02,2.31071560835,0.735523622295,7.48785017185e-31,-0.0908323951977
two_wall,negative,-0.0142515954686,0.02,2.3128087322,0.73618988431,8.47439101115e-31,-0.0866626689049
two_wall,negative,-0.0142515954686,0.02,2.31490185605,0.736856146325,9.39317816712e-31,-0.0824914238797
two_wall,negative,-0.0142515954686,0.02,2.3169949799,0.73752240834,9.24479669384e-31,-0.0783187332216
two_wall,negative,-0.0142515954686,0.02,2.31908810375,0.738188670355,1.05890213376e-30,-0.0741446700556
two_wall,negative,-0.0142515954686,0.02,2.3211812276,0.73885493237,9.10350874729e-31,-0.0699693075307
two_wall,negative,-0.0142515954686,0.02,2.32327435146,0.739521194385,1.17496735991e-30,-0.0657927188185
two_wall,negative,-0.0142515954686,0.02,2.32536747531,0.7401874564,9.80460392907e-31,-0.0616149771123
two_wall,negative,-0.0142515954686,0.02,2.32746059916,0.740853718415,1.16085694131e-30,-0.0574361556256
two_wall,negative,-0.0142515954686,0.02,2.32955372301,0.74151998043,1.19191429114e-30,-0.0532563275906
two_wall,negative,-0.0142515954686,0.02,2.33164684686,0.742186242445,1.50994063845e-30,-0.0490755662575
two_wall,negative,-0.0142515954686,0.02,2.33373997071,0.74285250446,1.52894632314e-30,-0.0448939448926
two_wall,negative,-0.0142515954686,0.02,2.33583309456,0.743518766475,1.44080724337e-30,-0.0407115367772
two_wall,negative,-0.0142515954686,0.02,2.33792621842,0.74418502849,1.72616020162e-30,-0.0365284152066
two_wall,negative,-0.0142515954686,0.02,2.34001934227,0.744851290505,1.67703460045e-30,-0.0323446534886
two_wall,negative,-0.0142515954686,0.02,2.34211246612,0.74551755252,2.08460059519e-30,-0.028160324942
two_wall,negative,-0.0142515954686,0.02,2.34420558997,0.746183814535,2.09961492405e-30,-0.0239755028957
two_wall,negative,-0.0142515954686,0.02,2.34629871382,0.74685007655,2.44563707827e-30,-0.0197902606873
two_wall,negative,-0.0142515954686,0.02,2.34839183767,0.747516338565,2.58679215533e-30,-0.0156046716616
two_wall,negative,-0.0142515954686,0.02,2.35048496153,0.74818260058,2.98053954567e-30,-0.0114188091695
two_wall,negative,-0.0142515954686,0.02,2.35257808538,0.748848862595,2.79919220104e-30,-0.00723274656693
two_wall,negative,-0.0142515954686,0.02,2.35467120923,0.74951512461,3.30219053779e-30,-0.00304655721302
two_wall,negative,-0.0142515954686,0.02,2.35676433308,0.750181386625,2.99517247558e-30,0.00113968553072
two_wall,negative,-0.0142515954686,0.02,2.35885745693,0.75084764864,3.4348600302e-30,0.00532590830188
two_wall,negative,-0.0142515954686,0.02,2.36095058078,0.751513910655,3.53573373903e-30,0.00951203773839
two_wall,negative,-0.0142515954686,0.02,2.36304370464,0.75218017267,3.77980595507e-30,0.0136980004798
two_wall,negative,-0.0142515954686,0.02,2.36513682849,0.752846434685,3.98188945084e-30,0.0178837231687
two_wall,negative,-0.0142515954686,0.02,2.36722995234,0.7535126967,4.23541536455e-30,0.0220691324516
two_wall,negative,-0.0142515954686,0.02,2.36932307619,0.754178958715,4.04055684161e-30,0.0262541549809
two_wall,negative,-0.0142515954686,0.02,2.37141620004,0.75484522073,4.58173531669e-30,0.0304387174154
two_wall,negative,-0.0142515954686,0.02,2.37350932389,0.755511482745,4.39757006306e-30,0.0346227464223
two_wall,negative,-0.0142515954686,0.02,2.37560244775,0.75617774476,4.61099344778e-30,0.0388061686778
two_wall,negative,-0.0142515954686,0.02,2.3776955716,0.756844006775,4.90462826344e-30,0.042988910869
two_wall,negative,-0.0142515954686,0.02,2.37978869545,0.75751026879,5.13342840466e-30,0.0471708996949
two_wall,negative,-0.0142515954686,0.02,2.3818818193,0.758176530805,5.15836166365e-30,0.0513520618675
two_wall,negative,-0.0142515954686,0.02,2.38397494315,0.75884279282,5.43284541172e-30,0.0555323241135
two_wall,negative,-0.0142515954686,0.02,2.386068067,0.759509054835,5.46245299147e-30,0.0597116131753
two_wall,negative,-0.0142515954686,0.02,2.38816119086,0.76017531685,5.66426122912e-30,0.0638898558123
two_wall,negative,-0.0142515954686,0.02,2.39025431471,0.760841578865,6.05104364327e-30,0.0680669788023
two_wall,negative,-0.0142515954686,0.02,2.39234743856,0.76150784088,5.71944436221e-30,0.0722429089428
two_wall,negative,-0.0142515954686,0.02,2.39444056241,0.762174102895,5.90545395768e-30,0.0764175730519
two_wall,negative,-0.0142515954686,0.02,2.39653368626,0.76284036491,6.2331170711e-30,0.0805908979703
two_wall,negative,-0.0142515954686,0.02,2.39862681011,0.763506626925,6.26808530041e-30,0.0847628105618
two_wall,negative,-0.0142515954686,0.02,2.40071993397,0.76417288894,6.41884398528e-30,0.0889332377153
two_wall,negative,-0.0142515954686,0.02,2.40281305782,0.764839150955,6.74602077625e-30,0.0931021063454
two_wall,negative,-0.0142515954686,0.02,2.40490618167,0.76550541297,6.84336515535e-30,0.0972693433942
two_wall,negative,-0.0142515954686,0.02,2.40699930552,0.766171674985,7.22679980312e-30,0.101434875832
two_wall,negative,-0.0142515954686,0.02,2.40909242937,0.766837937,6.86802085576e-30,0.10559863066
two_wall,negative,-0.0142515954686,0.02,2.41118555322,0.767504199015,7.26806500723e-30,0.10976053491
two_wall,negative,-0.0142515954686,0.02,2.41327867708,0.76817046103,7.34614305926e-30,0.113920515645
two_wall,negative,-0.0142515954686,0.02,2.41537180093,0.768836723044,7.82287004448e-30,0.118078499964
two_wall,negative,-0.0142515954686,0.02,2.41746492478,0.769502985059,7.44471755521e-30,0.122234414999
two_wall,negative,-0.0142515954686,0.02,2.41955804863,0.770169247074,7.83989345978e-30,0.12638818792
two_wall,negative,-0.0142515954686,0.02,2.42165117248,0.770835509089,7.8808284192e-30,0.130539745932
two_wall,negative,-0.0142515954686,0.02,2.42374429633,0.771501771104,7.96759993169e-30,0.134689016282
two_wall,negative,-0.0142515954686,0.02,2.42583742018,0.772168033119,8.03893690075e-30,0.138835926255
two_wall,negative,-0.0142515954686,0.02,2.42793054404,0.772834295134,8.15417104035e-30,0.142980403177
two_wall,negative,-0.0142515954686,0.02,2.43002366789,0.773500557149,8.57869423934e-30,0.147122374419
two_wall,negative,-0.0142515954686,0.02,2.43211679174,0.774166819164,8.35892626337e-30,0.151261767393
two_wall,negative,-0.0142515954686,0.02,2.43420991559,0.774833081179,8.49834879514e-30,0.155398509559
two_wall,negative,-0.0142515954686,0.02,2.43630303944,0.775499343194,8.83294163776e-30,0.159532528422
two_wall,negative,-0.0142515954686,0.02,2.43839616329,0.776165605209,8.83586119203e-30,0.163663751533
two_wall,negative,-0.0142515954686,0.02,2.44048928715,0.776831867224,9.46820069155e-30,0.167792106496
two_wall,negative,-0.0142515954686,0.02,2.442582411,0.777498129239,9.28893875301e-30,0.171917520961
two_wall,negative,-0.0142515954686,0.02,2.44467553485,0.778164391254,9.42726910337e-30,0.176039922633
two_wall,negative,-0.0142515954686,0.02,2.4467686587,0.778830653269,9.40966112179e-30,0.180159239268
two_wall,negative,-0.0142515954686,0.02,2.44886178255,0.779496915284,9.44940820843e-30,0.184275398677
two_wall,negative,-0.0142515954686,0.02,2.4509549064,0.780163177299,9.83763428513e-30,0.188388328724
two_wall,negative,-0.0142515954686,0.02,2.45304803026,0.780829439314,1.02361367413e-29,0.192497957334
two_wall,negative,-0.0142515954686,0.02,2.45514115411,0.781495701329,9.32148141562e-30,0.196604212485
two_wall,negative,-0.0142515954686,0.02,2.45723427796,0.782161963344,1.04147533725e-29,0.200707022217
two_wall,negative,-0.0142515954686,0.02,2.45932740181,0.782828225359,9.23038992098e-30,0.20480631463
two_wall,negative,-0.0142515954686,0.02,2.46142052566,0.783494487374,1.00808496657e-29,0.208902017885
two_wall,negative,-0.0142515954686,0.02,2.46351364951,0.784160749389,9.57093995935e-30,0.212994060207
two_wall,negative,-0.0142515954686,0.02,2.46560677337,0.784827011404,9.72355153011e-30,0.217082369883
two_wall,negative,-0.0142515954686,0.02,2.46769989722,0.785493273419,1.03474825217e-29,0.221166875268
two_wall,negative,-0.0142515954686,0.02,2.46979302107,0.786159535434,8.95691260254e-30,0.225247504783
two_wall,negative,-0.0142515954686,0.02,2.47188614492,0.786825797449,9.42973902803e-30,0.229324186915
two_wall,negative,-0.0142515954686,0.02,2.47397926877,0.787492059464,9.67505459556e-30,0.233396850222
two_wall,negative,-0.0142515954686,0.02,2.47607239262,0.788158321479,9.31119046246e-30,0.237465423332
two_wall,negative,-0.0142515954686,0.02,2.47816551648,0.788824583494,9.81200030381e-30,0.241529834946
two_wall,negative,-0.0142515954686,0.02,2.48025864033,0.789490845509,9.29638991544e-30,0.245590013835
two_wall,negative,-0.0142515954686,0.02,2.48235176418,0.790157107524,8.7835821818e-30,0.249645888846
two_wall,negative,-0.0142515954686,0.02,2.48444488803,0.790823369539,9.80026049082e-30,0.253697388902
two_wall,negative,-0.0142515954686,0.02,2.48653801188,0.791489631554,8.44747199498e-30,0.257744443002
two_wall,negative,-0.0142515954686,0.02,2.48863113573,0.792155893569,8.81734747364e-30,0.261786980221
two_wall,negative,-0.0142515954686,0.02,2.49072425959,0.792822155584,8.80518089311e-30,0.265824929717
two_wall,negative,-0.0142515954686,0.02,2.49281738344,0.793488417599,8.34493578778e-30,0.269858220726
two_wall,negative,-0.0142515954686,0.02,2.49491050729,0.794154679614,8.11759947028e-30,0.273886782566
two_wall,negative,-0.0142515954686,0.02,2.49700363114,0.794820941629,7.74989901322e-30,0.277910544637
two_wall,negative,-0.0142515954686,0.02,2.49909675499,0.795487203644,7.34661703444e-30,0.281929436424
two_wall,negative,-0.0142515954686,0.02,2.50118987884,0.796153465659,7.4707042383e-30,0.285943387499
two_wall,negative,-0.0142515954686,0.02,2.50328300269,0.796819727674,7.01537318059e-30,0.289952327517
two_wall,negative,-0.0142515954686,0.02,2.50537612655,0.797485989689,6.99909584543e-30,0.293956186224
two_wall,negative,-0.0142515954686,0.02,2.5074692504,0.798152251704,5.93355284309e-30,0.297954893454
two_wall,negative,-0.0142515954686,0.02,2.50956237425,0.798818513719,6.37705814195e-30,0.30194837913
two_wall,negative,-0.0142515954686,0.02,2.5116554981,0.799484775734,5.68432266524e-30,0.305936573268
two_wall,negative,-0.0142515954686,0.02,2.51374862195,0.800151037749,5.968738848e-30,0.309919405976
two_wall,negative,-0.0142515954686,0.02,2.5158417458,0.800817299764,5.48572230651e-30,0.313896807457
two_wall,negative,-0.0142515954686,0.02,2.51793486966,0.801483561779,5.18956056638e-30,0.317868708008
two_wall,negative,-0.0142515954686,0.02,2.52002799351,0.802149823794,4.92288143491e-30,0.321835038023
two_wall,negative,-0.0142515954686,0.02,2.52212111736,0.802816085808,4.66342130402e-30,0.325795727994
two_wall,negative,-0.0142515954686,0.02,2.52421424121,0.803482347823,4.11141898765e-30,0.32975070851
two_wall,negative,-0.0142515954686,0.02,2.52630736506,0.804148609838,4.1519084957e-30,0.333699910263
two_wall,negative,-0.0142515954686,0.02,2.52840048891,0.804814871853,4.0975792584e-30,0.337643264043
two_wall,negative,-0.0142515954686,0.02,2.53049361277,0.805481133868,3.54686724353e-30,0.341580700746
two_wall,negative,-0.0142515954686,0.02,2.53258673662,0.806147395883,3.28377792478e-30,0.345512151367
two_wall,negative,-0.0142515954686,0.02,2.53467986047,0.806813657898,3.37530306294e-30,0.349437547012
two_wall,negative,-0.0142515954686,0.02,2.53677298432,0.807479919913,3.24113575815e-30,0.353356818888
two_wall,negative,-0.0142515954686,0.02,2.53886610817,0.808146181928,3.10457572237e-30,0.357269898311
two_wall,negative,-0.0142515954686,0.02,2.54095923202,0.808812443943,3.06067394847e-30,0.361176716706
two_wall,negative,-0.0142515954686,0.02,2.54305235588,0.809478705958,2.81995310254e-30,0.365077205608
two_wall,negative,-0.0142515954686,0.02,2.54514547973,0.810144967973,3.10502489065e-30,0.368971296662
two_wall,negative,-0.0142515954686,0.02,2.54723860358,0.810811229988,2.71862218909e-30,0.372858921625
two_wall,negative,-0.0142515954686,0.02,2.54933172743,0.811477492003,2.33220447462e-30,0.376740012368
two_wall,negative,-0.0142515954686,0.02,2.55142485128,0.812143754018,2.31538263328e-30,0.380614500876
two_wall,negative,-0.0142515954686,0.02,2.55351797513,0.812810016033,2.1953731219e-30,0.384482319251
two_wall,negative,-0.0142515954686,0.02,2.55561109899,0.813476278048,2.05480498244e-30,0.38834339971
two_wall,negative,-0.0142515954686,0.02,2.55770422284,0.814142540063,2.22846562152e-30,0.392197674589
two_wall,negative,-0.0142515954686,0.02,2.55979734669,0.814808802078,1.9285264702e-30,0.396045076343
two_wall,negative,-0.0142515954686,0.02,2.56189047054,0.815475064093,1.47942612272e-30,0.399885537548
two_wall,negative,-0.0142515954686,0.02,2.56398359439,0.816141326108,1.52485959993e-30,0.403718990901
two_wall,negative,-0.0142515954686,0.02,2.56607671824,0.816807588123,1.53878065001e-30,0.407545369223
two_wall,negative,-0.0142515954686,0.02,2.5681698421,0.817473850138,1.61114465362e-30,0.411364605457
two_wall,negative,-0.0142515954686,0.02,2.57026296595,0.818140112153,1.28753933357e-30,0.415176632672
two_wall,negative,-0.0142515954686,0.02,2.5723560898,0.818806374168,1.11994385962e-30,0.418981384065
two_wall,negative,-0.0142515954686,0.02,2.57444921365,0.819472636183,1.16553673491e-30,0.422778792958
two_wall,negative,-0.0142515954686,0.02,2.5765423375,0.820138898198,1.06680348603e-30,0.426568792804
two_wall,negative,-0.0142515954686,0.02,2.57863546135,0.820805160213,9.31472779755e-31,0.430351317183
two_wall,negative,-0.0142515954686,0.02,2.58072858521,0.821471422228,9.46500717805e-31,0.434126299808
two_wall,negative,-0.0142515954686,0.02,2.58282170906,0.822137684243,9.09485199746e-31,0.437893674524
two_wall,negative,-0.0142515954686,0.02,2.58491483291,0.822803946258,9.42528323598e-31,0.441653375309
two_wall,negative,-0.0142515954686,0.02,2.58700795676,0.823470208273,6.61178322456e-31,0.445405336276
two_wall,negative,-0.0142515954686,0.02,2.58910108061,0.824136470288,8.22623931865e-31,0.449149491673
two_wall,negative,-0.0142515954686,0.02,2.59119420446,0.824802732303,8.28496023876e-31,0.452885775885
two_wall,negative,-0.0142515954686,0.02,2.59328732831,0.825468994318,7.05483055084e-31,0.456614123435
two_wall,negative,-0.0142515954686,0.02,2.59538045217,0.826135256333,5.85926059669e-31,0.460334468985
two_wall,negative,-0.0142515954686,0.02,2.59747357602,0.826801518348,7.00055917795e-31,0.464046747337
two_wall,negative,-0.0142515954686,0.02,2.59956669987,0.827467780363,6.01790246702e-31,0.467750893435
two_wall,negative,-0.0142515954686,0.02,2.60165982372,0.828134042378,7.19447129972e-31,0.471446842364
two_wall,negative,-0.0142515954686,0.02,2.60375294757,0.828800304393,4.4480170677e-31,0.475134529356
two_wall,negative,-0.0142515954686,0.02,2.60584607142,0.829466566408,5.19191489158e-31,0.478813889784
two_wall,negative,-0.0142515954686,0.02,2.60793919528,0.830132828423,4.56832833558e-31,0.482484859169
two_wall,negative,-0.0142515954686,0.02,2.61003231913,0.830799090438,4.16147443401e-31,0.486147373178
two_wall,negative,-0.0142515954686,0.02,2.61212544298,0.831465352453,5.32900823259e-31,0.489801367628
two_wall,negative,-0.0142515954686,0.02,2.61421856683,0.832131614468,4.31212783373e-31,0.493446778483
two_wall,negative,-0.0142515954686,0.02,2.61631169068,0.832797876483,3.55243464699e-31,0.497083541859
two_wall,negative,-0.0142515954686,0.02,2.61840481453,0.833464138498,3.24622395642e-31,0.500711594022
two_wall,negative,-0.0142515954686,0.02,2.62049793839,0.834130400513,2.95024390263e-31,0.504330871393
two_wall,negative,-0.0142515954686,0.02,2.62259106224,0.834796662528,3.04348632131e-31,0.507941310545
two_wall,negative,-0.0142515954686,0.02,2.62468418609,0.835462924543,3.10279764768e-31,0.511542848206
two_wall,negative,-0.0142515954686,0.02,2.62677730994,0.836129186557,2.71304649601e-31,0.515135421261
two_wall,negative,-0.0142515954686,0.02,2.62887043379,0.836795448572,2.58545862777e-31,0.51871896675
two_wall,negative,-0.0142515954686,0.02,2.63096355764,0.837461710587,1.79059780492e-31,0.522293421875
two_wall,negative,-0.0142515954686,0.02,2.6330566815,0.838127972602,2.24320879505e-31,0.525858723993
two_wall,negative,-0.0142515954686,0.02,2.63514980535,0.838794234617,2.38110103758e-31,0.529414810623
two_wall,negative,-0.0142515954686,0.02,2.6372429292,0.839460496632,2.28305336154e-31,0.532961619448
two_wall,negative,-0.0142515954686,0.02,2.63933605305,0.840126758647,1.72918615676e-31,0.53649908831
two_wall,negative,-0.0142515954686,0.02,2.6414291769,0.840793020662,1.99801624748e-31,0.540027155216
two_wall,negative,-0.0142515954686,0.02,2.64352230075,0.841459282677,2.05818625668e-31,0.543545758338
two_wall,negative,-0.0142515954686,0.02,2.64561542461,0.842125544692,1.1094847023e-31,0.547054836015
two_wall,negative,-0.0142515954686,0.02,2.64770854846,0.842791806707,1.90608586606e-31,0.55055432675
two_wall,negative,-0.0142515954686,0.02,2.64980167231,0.843458068722,1.09088731603e-31,0.554044169216
two_wall,negative,-0.0142515954686,0.02,2.65189479616,0.844124330737,8.17036401998e-32,0.557524302255
two_wall,negative,-0.0142515954686,0.02,2.65398792001,0.844790592752,1.00963107091e-31,0.56099466488
two_wall,negative,-0.0142515954686,0.02,2.65608104386,0.845456854767,1.05685371602e-31,0.564455196272
two_wall,negative,-0.0142515954686,0.02,2.65817416772,0.846123116782,4.35276535342e-32,0.567905835788
two_wall,negative,-0.0142515954686,0.02,2.66026729157,0.846789378797,7.96833255182e-32,0.571346522956
two_wall,negative,-0.0142515954686,0.02,2.66236041542,0.847455640812,8.23185014382e-32,0.57477719748
two_wall,negative,-0.0142515954686,0.02,2.66445353927,0.848121902827,6.32274796226e-32,0.578197799237
two_wall,negative,-0.0142515954686,0.02,2.66654666312,0.848788164842,8.68102167608e-32,0.581608268284
two_wall,negative,-0.0142515954686,0.02,2.66863978697,0.849454426857,9.88906225361e-32,0.585008544853
two_wall,negative,-0.0142515954686,0.02,2.67073291083,0.850120688872,8.09204158426e-32,0.588398569355
two_wall,negative,-0.0142515954686,0.02,2.67282603468,0.850786950887,9.64530641796e-32,0.591778282382
two_wall,negative,-0.0142515954686,0.02,2.67491915853,0.851453212902,9.57811189598e-32,0.595147624705
two_wall,negative,-0.0142515954686,0.02,2.67701228238,0.852119474917,1.01065548236e-31,0.598506537277
two_wall,negative,-0.0142515954686,0.02,2.67910540623,0.852785736932,1.82594156067e-31,0.601854961236
two_wall,negative,-0.0142515954686,0.02,2.68119853008,0.853451998947,1.82461964191e-31,0.6051928379
two_wall,negative,-0.0142515954686,0.02,2.68329165393,0.854118260962,1.19128590748e-31,0.608520108775
two_wall,negative,-0.0142515954686,0.02,2.68538477779,0.854784522977,1.58536979578e-31,0.611836715551
two_wall,negative,-0.0142515954686,0.02,2.68747790164,0.855450784992,1.67753367682e-31,0.615142600107
two_wall,negative,-0.0142515954686,0.02,2.68957102549,0.856117047007,2.09076242667e-31,0.618437704508
two_wall,negative,-0.0142515954686,0.02,2.69166414934,0.856783309022,2.12402868673e-31,0.621721971008
two_wall,negative,-0.0142515954686,0.02,2.69375727319,0.857449571037,2.06694962148e-31,0.624995342051
two_wall,negative,-0.0142515954686,0.02,2.69585039704,0.858115833052,2.54801070179e-31,0.628257760274
two_wall,negative,-0.0142515954686,0.02,2.6979435209,0.858782095067,3.12819088069e-31,0.631509168503
two_wall,negative,-0.0142515954686,0.02,2.70003664475,0.859448357082,3.16573468316e-31,0.634749509758
two_wall,negative,-0.0142515954686,0.02,2.7021297686,0.860114619097,2.49391911048e-31,0.637978727254
two_wall,negative,-0.0142515954686,0.02,2.70422289245,0.860780881112,3.09775857491e-31,0.641196764399
two_wall,negative,-0.0142515954686,0.02,2.7063160163,0.861447143127,2.12287558804e-31,0.6444035648
two_wall,negative,-0.0142515954686,0.02,2.70840914015,0.862113405142,2.63196113626e-31,0.647599072257
two_wall,negative,-0.0142515954686,0.02,2.71050226401,0.862779667157,3.66218972801e-31,0.650783230771
two_wall,negative,-0.0142515954686,0.02,2.71259538786,0.863445929172,2.5370525845e-31,0.65395598454
two_wall,negative,-0.0142515954686,0.02,2.71468851171,0.864112191187,4.1602645591e-31,0.657117277964
two_wall,negative,-0.0142515954686,0.02,2.71678163556,0.864778453202,2.53011407133e-31,0.660267055641
two_wall,negative,-0.0142515954686,0.02,2.71887475941,0.865444715217,3.25080412282e-31,0.663405262372
two_wall,negative,-0.0142515954686,0.02,2.72096788326,0.866110977232,3.23853590685e-31,0.666531843162
two_wall,negative,-0.0142515954686,0.02,2.72306100712,0.866777239247,3.21063462896e-31,0.669646743219
two_wall,negative,-0.0142515954686,0.02,2.72515413097,0.867443501262,3.72317292768e-31,0.672749907955
two_wall,negative,-0.0142515954686,0.02,2.72724725482,0.868109763277,2.35536048321e-31,0.675841282989
two_wall,negative,-0.0142515954686,0.02,2.72934037867,0.868776025292,2.97804079088e-31,0.678920814144
two_wall,negative,-0.0142515954686,0.02,2.73143350252,0.869442287307,2.92754456964e-31,0.681988447453
two_wall,negative,-0.0142515954686,0.02,2.73352662637,0.870108549321,3.61612161321e-31,0.685044129158
two_wall,negative,-0.0142515954686,0.02,2.73561975023,0.870774811336,2.42646501041e-31,0.688087805707
two_wall,negative,-0.0142515954686,0.02,2.73771287408,0.871441073351,2.73527889216e-31,0.691119423763
two_wall,negative,-0.0142515954686,0.02,2.73980599793,0.872107335366,2.7642887094e-31,0.694138930197
two_wall,negative,-0.0142515954686,0.02,2.74189912178,0.872773597381,3.86975529882e-31,0.697146272093
two_wall,negative,-0.0142515954686,0.02,2.74399224563,0.873439859396,1.8963530977e-31,0.700141396749
two_wall,negative,-0.0142515954686,0.02,2.74608536948,0.874106121411,2.11313852497e-31,0.703124251675
two_wall,negative,-0.0142515954686,0.02,2.74817849334,0.874772383426,2.50653848058e-31,0.7060947846
two_wall,negative,-0.0142515954686,0.02,2.75027161719,0.875438645441,2.49633087727e-31,0.709052943464
two_wall,negative,-0.0142515954686,0.02,2.75236474104,0.876104907456,2.39211496627e-31,0.711998676428
two_wall,negative,-0.0142515954686,0.02,2.75445786489,0.876771169471,2.95929418896e-31,0.714931931868
two_wall,negative,-0.0142515954686,0.02,2.75655098874,0.877437431486,2.19834567386e-31,0.717852658381
two_wall,negative,-0.0142515954686,0.02,2.75864411259,0.878103693501,1.82375870863e-31,0.720760804781
two_wall,negative,-0.0142515954686,0.02,2.76073723645,0.878769955516,1.96071982711e-31,0.723656320104
two_wall,negative,-0.0142515954686,0.02,2.7628303603,0.879436217531,2.04915209564e-31,0.726539153608
two_wall,negative,-0.0142515954686,0.02,2.76492348415,0.880102479546,1.46839486086e-31,0.729409254772
two_wall,negative,-0.0142515954686,0.02,2.767016608,0.880768741561,1.14963492758e-31,0.732266573298
two_wall,negative,-0.0142515954686,0.02,2.76910973185,0.881435003576,2.02769650371e-31,0.735111059113
two_wall,negative,-0.0142515954686,0.02,2.7712028557,0.882101265591,1.16409720269e-31,0.737942662368
two_wall,negative,-0.0142515954686,0.02,2.77329597955,0.882767527606,1.24148018715e-31,0.74076133344
two_wall,negative,-0.0142515954686,0.02,2.77538910341,0.883433789621,8.71474638158e-32,0.743567022934
two_wall,negative,-0.0142515954686,0.02,2.77748222726,0.884100051636,1.20570911625e-31,0.74635968168
two_wall,negative,-0.0142515954686,0.02,2.77957535111,0.884766313651,5.72204960102e-32,0.749139260738
two_wall,negative,-0.0142515954686,0.02,2.78166847496,0.885432575666,6.66595209258e-32,0.751905711397
two_wall,negative,-0.0142515954686,0.02,2.78376159881,0.886098837681,9.54339642901e-32,0.754658985176
two_wall,negative,-0.0142515954686,0.02,2.78585472266,0.886765099696,6.98609412039e-32,0.757399033825
two_wall,negative,-0.0142515954686,0.02,2.78794784652,0.887431361711,2.7297869539e-32,0.760125809325
two_wall,negative,-0.0142515954686,0.02,2.79004097037,0.888097623726,4.71727758114e-32,0.762839263891
two_wall,negative,-0.0142515954686,0.02,2.79213409422,0.888763885741,8.62931361109e-32,0.76553934997
two_wall,negative,-0.0142515954686,0.02,2.79422721807,0.889430147756,4.633021577e-32,0.768226020244
two_wall,negative,-0.0142515954686,0.02,2.79632034192,0.890096409771,9.22398161649e-32,0.770899227631
two_wall,negative,-0.0142515954686,0.02,2.79841346577,0.890762671786,1.06556616117e-31,0.773558925282
two_wall,negative,-0.0142515954686,0.02,2.80050658963,0.891428933801,9.98029340842e-32,0.776205066589
two_wall,negative,-0.0142515954686,0.02,2.80259971348,0.892095195816,9.08568668833e-32,0.778837605179
two_wall,negative,-0.0142515954686,0.02,2.80469283733,0.892761457831,1.51698540146e-31,0.781456494916
two_wall,negative,-0.0142515954686,0.02,2.80678596118,0.893427719846,1.55904646208e-31,0.784061689906
two_wall,negative,-0.0142515954686,0.02,2.80887908503,0.894093981861,1.67628330845e-31,0.786653144494
two_wall,negative,-0.0142515954686,0.02,2.81097220888,0.894760243876,1.83237320696e-31,0.789230813266
two_wall,negative,-0.0142515954686,0.02,2.81306533274,0.895426505891,2.44394134995e-31,0.791794651048
two_wall,negative,-0.0142515954686,0.02,2.81515845659,0.896092767906,1.79821187208e-31,0.794344612911
two_wall,negative,-0.0142515954686,0.02,2.81725158044,0.896759029921,2.38684019392e-31,0.796880654167
two_wall,negative,-0.0142515954686,0.02,2.81934470429,0.897425291936,1.897154633e-31,0.799402730373
two_wall,negative,-0.0142515954686,0.02,2.82143782814,0.898091553951,2.04754717798e-31,0.801910797331
two_wall,negative,-0.0142515954686,0.02,2.82353095199,0.898757815966,1.43026126784e-31,0.804404811087
two_wall,negative,-0.0142515954686,0.02,2.82562407585,0.899424077981,2.643721567e-31,0.806884727935
two_wall,negative,-0.0142515954686,0.02,2.8277171997,0.900090339996,2.20336617044e-31,0.809350504415
two_wall,negative,-0.0142515954686,0.02,2.82981032355,0.900756602011,2.43384923407e-31,0.811802097316
two_wall,negative,-0.0142515954686,0.02,2.8319034474,0.901422864026,1.4916361943e-31,0.814239463673
two_wall,negative,-0.0142515954686,0.02,2.83399657125,0.902089126041,1.81451557166e-31,0.816662560774
two_wall,negative,-0.0142515954686,0.02,2.8360896951,0.902755388056,1.11967204245e-31,0.819071346154
two_wall,negative,-0.0142515954686,0.02,2.83818281896,0.90342165007,1.72070765923e-31,0.8214657776
two_wall,negative,-0.0142515954686,0.02,2.84027594281,0.904087912085,2.2951326188e-31,0.82384581315
two_wall,negative,-0.0142515954686,0.02,2.84236906666,0.9047541741,1.54146645593e-31,0.826211411096
two_wall,negative,-0.0142515954686,0.02,2.84446219051,0.905420436115,2.40834840457e-31,0.82856252998
two_wall,negative,-0.0142515954686,0.02,2.84655531436,0.90608669813,1.90096060374e-31,0.830899128601
two_wall,negative,-0.0142515954686,0.02,2.84864843821,0.906752960145,2.89396768087e-31,0.833221166011
two_wall,negative,-0.0142515954686,0.02,2.85074156207,0.90741922216,2.33881353899e-31,0.835528601515
two_wall,negative,-0.0142515954686,0.02,2.85283468592,0.908085484175,2.27498078988e-31,0.837821394679
two_wall,negative,-0.0142515954686,0.02,2.85492780977,0.90875174619,1.89697470116e-31,0.84009950532
two_wall,negative,-0.0142515954686,0.02,2.85702093362,0.909418008205,3.00869519313e-31,0.842362893517
two_wall,negative,-0.0142515954686,0.02,2.85911405747,0.91008427022,3.16711958035e-31,0.844611519603
two_wall,negative,-0.0142515954686,0.02,2.86120718132,0.910750532235,4.05977529876e-31,0.846845344173
two_wall,negative,-0.0142515954686,0.02,2.86330030517,0.91141679425,2.95008390718e-31,0.84906432808
two_wall,negative,-0.0142515954686,0.02,2.86539342903,0.912083056265,3.28954341367e-31,0.851268432437
two_wall,negative,-0.0142515954686,0.02,2.86748655288,0.91274931828,3.15206760053e-31,0.853457618617
two_wall,negative,-0.0142515954686,0.02,2.86957967673,0.913415580295,2.63923569078e-31,0.855631848255
two_wall,negative,-0.0142515954686,0.02,2.87167280058,0.91408184231,2.93534249473e-31,0.85779108325
two_wall,negative,-0.0142515954686,0.02,2.87376592443,0.914748104325,2.85049872875e-31,0.859935285762
two_wall,negative,-0.0142515954686,0.02,2.87585904828,0.91541436634,2.31509284834e-31,0.862064418214
two_wall,negative,-0.0142515954686,0.02,2.87795217214,0.916080628355,2.77508204179e-31,0.864178443293
two_wall,negative,-0.0142515954686,0.02,2.88004529599,0.91674689037,3.60976981171e-31,0.866277323953
two_wall,negative,-0.0142515954686,0.02,2.88213841984,0.917413152385,2.94799203549e-31,0.86836102341
two_wall,negative,-0.0142515954686,0.02,2.88423154369,0.9180794144,3.62928203184e-31,0.87042950515
two_wall,negative,-0.0142515954686,0.02,2.88632466754,0.918745676415,2.30867436152e-31,0.872482732922
two_wall,negative,-0.0142515954686,0.02,2.88841779139,0.91941193843,2.17599961975e-31,0.874520670745
two_wall,negative,-0.0142515954686,0.02,2.89051091525,0.920078200445,3.17917868527e-31,0.876543282904
two_wall,negative,-0.0142515954686,0.02,2.8926040391,0.92074446246,3.39325065388e-31,0.878550533954
two_wall,negative,-0.0142515954686,0.02,2.89469716295,0.921410724475,2.58540255866e-31,0.880542388718
two_wall,negative,-0.0142515954686,0.02,2.8967902868,0.92207698649,2.96981891199e-31,0.882518812291
two_wall,negative,-0.0142515954686,0.02,2.89888341065,0.922743248505,3.07238501195e-31,0.884479770035
two_wall,negative,-0.0142515954686,0.02,2.9009765345,0.92340951052,2.71832243886e-31,0.886425227585
two_wall,negative,-0.0142515954686,0.02,2.90306965836,0.924075772535,3.95173499965e-31,0.888355150849
two_wall,negative,-0.0142515954686,0.02,2.90516278221,0.92474203455,4.69522379058e-31,0.890269506005
two_wall,negative,-0.0142515954686,0.02,2.90725590606,0.925408296565,3.87774147619e-31,0.892168259505
two_wall,negative,-0.0142515954686,0.02,2.90934902991,0.92607455858,3.61598945101e-31,0.894051378073
two_wall,negative,-0.0142515954686,0.02,2.91144215376,0.926740820595,4.79759438381e-31,0.895918828709
two_wall,negative,-0.0142515954686,0.02,2.91353527761,0.92740708261,4.13117289614e-31,0.897770578686
two_wall,negative,-0.0142515954686,0.02,2.91562840147,0.928073344625,4.42753674482e-31,0.899606595553
two_wall,negative,-0.0142515954686,0.02,2.91772152532,0.92873960664,5.00874522836e-31,0.901426847135
two_wall,negative,-0.0142515954686,0.02,2.91981464917,0.929405868655,4.2411961599e-31,0.903231301532
two_wall,negative,-0.0142515954686,0.02,2.92190777302,0.93007213067,4.64028532487e-31,0.905019927122
two_wall,negative,-0.0142515954686,0.02,2.92400089687,0.930738392685,4.53842211736e-31,0.906792692559
two_wall,negative,-0.0142515954686,0.02,2.92609402072,0.9314046547,4.87138236241e-31,0.908549566777
two_wall,negative,-0.0142515954686,0.02,2.92818714458,0.932070916715,4.18056310275e-31,0.910290518987
two_wall,negative,-0.0142515954686,0.02,2.93028026843,0.93273717873,3.79894957199e-31,0.91201551868
two_wall,negative,-0.0142515954686,0.02,2.93237339228,0.933403440745,5.91515857847e-31,0.913724535625
two_wall,negative,-0.0142515954686,0.02,2.93446651613,0.93406970276,4.30102348828e-31,0.915417539872
two_wall,negative,-0.0142515954686,0.02,2.93655963998,0.934735964775,4.23700130736e-31,0.917094501753
two_wall,negative,-0.0142515954686,0.02,2.93865276383,0.93540222679,4.07279461692e-31,0.918755391879
two_wall,negative,-0.0142515954686,0.02,2.94074588769,0.936068488805,5.81936069514e-31,0.920400181144
two_wall,negative,-0.0142515954686,0.02,2.94283901154,0.936734750819,3.5246819768e-31,0.922028840723
two_wall,negative,-0.0142515954686,0.02,2.94493213539,0.937401012834,4.07034299325e-31,0.923641342075
two_wall,negative,-0.0142515954686,0.02,2.94702525924,0.938067274849,3.71613805713e-31,0.92523765694
two_wall,negative,-0.0142515954686,0.02,2.94911838309,0.938733536864,3.47140083079e-31,0.926817757345
two_wall,negative,-0.0142515954686,0.02,2.95121150694,0.939399798879,2.44033070003e-31,0.928381615598
two_wall,negative,-0.0142515954686,0.02,2.95330463079,0.940066060894,2.79381858486e-31,0.929929204294
two_wall,negative,-0.0142515954686,0.02,2.95539775465,0.940732322909,2.46931314901e-31,0.931460496312
two_wall,negative,-0.0142515954686,0.02,2.9574908785,0.941398584924,2.38598535451e-31,0.932975464815
two_wall,negative,-0.0142515954686,0.02,2.95958400235,0.942064846939,2.701410551e-31,0.934474083256
two_wall,negative,-0.0142515954686,0.02,2.9616771262,0.942731108954,2.6198967371e-31,0.93595632537
two_wall,negative,-0.0142515954686,0.02,2.96377025005,0.943397370969,1.73880776667e-31,0.937422165183
two_wall,negative,-0.0142515954686,0.02,2.9658633739,0.944063632984,2.64808564282e-31,0.938871577006
two_wall,negative,-0.0142515954686,0.02,2.96795649776,0.944729894999,2.63420412159e-31,0.940304535439
two_wall,negative,-0.0142515954686,0.02,2.97004962161,0.945396157014,2.45911287183e-31,0.941721015369
two_wall,negative,-0.0142515954686,0.02,2.97214274546,0.946062419029,1.85298280667e-31,0.943120991973
two_wall,negative,-0.0142515954686,0.02,2.97423586931,0.946728681044,2.65437067136e-31,0.944504440718
two_wall,negative,-0.0142515954686,0.02,2.97632899316,0.947394943059,1.80085742422e-31,0.945871337358
two_wall,negative,-0.0142515954686,0.02,2.97842211701,0.948061205074,1.93071693961e-31,0.94722165794
two_wall,negative,-0.0142515954686,0.02,2.98051524087,0.948727467089,1.74612429507e-31,0.948555378799
two_wall,negative,-0.0142515954686,0.02,2.98260836472,0.949393729104,1.68792045687e-31,0.949872476562
two_wall,negative,-0.0142515954686,0.02,2.98470148857,0.950059991119,2.44764384618e-31,0.951172928148
two_wall,negative,-0.0142515954686,0.02,2.98679461242,0.950726253134,2.14167745952e-31,0.952456710767
two_wall,negative,-0.0142515954686,0.02,2.98888773627,0.951392515149,1.83778440325e-31,0.953723801921
two_wall,negative,-0.0142515954686,0.02,2.99098086012,0.952058777164,1.44584114008e-31,0.954974179405
two_wall,negative,-0.0142515954686,0.02,2.99307398398,0.952725039179,1.17883013948e-31,0.956207821306
two_wall,negative,-0.0142515954686,0.02,2.99516710783,0.953391301194,8.75312927145e-32,0.957424706005
two_wall,negative,-0.0142515954686,0.02,2.99726023168,0.954057563209,8.12365785301e-32,0.958624812177
two_wall,negative,-0.0142515954686,0.02,2.99935335553,0.954723825224,7.5780814215e-32,0.95980811879
two_wall,negative,-0.0142515954686,0.02,3.00144647938,0.955390087239,8.10039286792e-32,0.960974605107
two_wall,negative,-0.0142515954686,0.02,3.00353960323,0.956056349254,8.42601063667e-32,0.962124250686
two_wall,negative,-0.0142515954686,0.02,3.00563272709,0.956722611269,7.30746476967e-32,0.963257035379
two_wall,negative,-0.0142515954686,0.02,3.00772585094,0.957388873284,6.52152744215e-32,0.964372939336
two_wall,negative,-0.0142515954686,0.02,3.00981897479,0.958055135299,6.7086369082e-32,0.965471943001
two_wall,negative,-0.0142515954686,0.02,3.01191209864,0.958721397314,5.49693647989e-32,0.966554027112
two_wall,negative,-0.0142515954686,0.02,3.01400522249,0.959387659329,6.09069224708e-32,0.967619172709
two_wall,negative,-0.0142515954686,0.02,3.01609834634,0.960053921344,3.20687246572e-32,0.968667361124
two_wall,negative,-0.0142515954686,0.02,3.0181914702,0.960720183359,4.67436578028e-32,0.969698573987
two_wall,negative,-0.0142515954686,0.02,3.02028459405,0.961386445374,6.36812391428e-32,0.970712793229
two_wall,negative,-0.0142515954686,0.02,3.0223777179,0.962052707389,2.88022023509e-32,0.971710001074
two_wall,negative,-0.0142515954686,0.02,3.02447084175,0.962718969404,5.74801855851e-32,0.972690180046
two_wall,negative,-0.0142515954686,0.02,3.0265639656,0.963385231419,5.09867782362e-32,0.97365331297
two_wall,negative,-0.0142515954686,0.02,3.02865708945,0.964051493434,4.55040413209e-32,0.974599382965
two_wall,negative,-0.0142515954686,0.02,3.03075021331,0.964717755449,5.49262203207e-32,0.975528373453
two_wall,negative,-0.0142515954686,0.02,3.03284333716,0.965384017464,8.02640236834e-32,0.976440268154
two_wall,negative,-0.0142515954686,0.02,3.03493646101,0.966050279479,8.25906416836e-32,0.977335051086
two_wall,negative,-0.0142515954686,0.02,3.03702958486,0.966716541494,8.68796685915e-32,0.978212706569
two_wall,negative,-0.0142515954686,0.02,3.03912270871,0.967382803509,7.18696195987e-32,0.979073219222
two_wall,negative,-0.0142515954686,0.02,3.04121583256,0.968049065524,8.43763767441e-32,0.979916573966
two_wall,negative,-0.0142515954686,0.02,3.04330895641,0.968715327539,8.22121090812e-32,0.98074275602
two_wall,negative,-0.0142515954686,0.02,3.04540208027,0.969381589554,1.18880001103e-31,0.981551750906
two_wall,negative,-0.0142515954686,0.02,3.04749520412,0.970047851569,6.56049050894e-32,0.982343544447
two_wall,negative,-0.0142515954686,0.02,3.04958832797,0.970714113583,5.48439584908e-32,0.983118122767
two_wall,negative,-0.0142515954686,0.02,3.05168145182,0.971380375598,7.69216277293e-32,0.983875472292
two_wall,negative,-0.0142515954686,0.02,3.05377457567,0.972046637613,7.89993021635e-32,0.984615579748
two_wall,negative,-0.0142515954686,0.02,3.05586769952,0.972712899628,4.51440465711e-32,0.985338432168
two_wall,negative,-0.0142515954686,0.02,3.05796082338,0.973379161643,6.91257062245e-32,0.986044016881
two_wall,negative,-0.0142515954686,0.02,3.06005394723,0.974045423658,5.89596799274e-32,0.986732321524
two_wall,negative,-0.0142515954686,0.02,3.06214707108,0.974711685673,5.72390610827e-32,0.987403334034
two_wall,negative,-0.0142515954686,0.02,3.06424019493,0.975377947688,5.21480910079e-32,0.988057042652
two_wall,negative,-0.0142515954686,0.02,3.06633331878,0.976044209703,9.40622415842e-32,0.988693435922
two_wall,negative,-0.0142515954686,0.02,3.06842644263,0.976710471718,4.75016903504e-32,0.989312502691
two_wall,negative,-0.0142515954686,0.02,3.07051956649,0.977376733733,1.98493474826e-32,0.989914232111
two_wall,negative,-0.0142515954686,0.02,3.07261269034,0.978042995748,2.76481034352e-32,0.990498613636
two_wall,negative,-0.0142515954686,0.02,3.07470581419,0.978709257763,2.41576905542e-32,0.991065637025
two_wall,negative,-0.0142515954686,0.02,3.07679893804,0.979375519778,3.4504747326e-32,0.991615292341
two_wall,negative,-0.0142515954686,0.02,3.07889206189,0.980041781793,4.63785126142e-32,0.992147569952
two_wall,negative,-0.0142515954686,0.02,3.08098518574,0.980708043808,2.90555664763e-32,0.99266246053
two_wall,negative,-0.0142515954686,0.02,3.0830783096,0.981374305823,2.39684012355e-32,0.993159955051
two_wall,negative,-0.0142515954686,0.02,3.08517143345,0.982040567838,2.01716068181e-32,0.993640044797
two_wall,negative,-0.0142515954686,0.02,3.0872645573,0.982706829853,1.26719382214e-32,0.994102721355
two_wall,negative,-0.0142515954686,0.02,3.08935768115,0.983373091868,5.03958123931e-32,0.994547976617
two_wall,negative,-0.0142515954686,0.02,3.091450805,0.984039353883,1.82988747469e-32,0.994975802779
two_wall,negative,-0.0142515954686,0.02,3.09354392885,0.984705615898,3.0509085576e-32,0.995386192344
two_wall,negative,-0.0142515954686,0.02,3.09563705271,0.985371877913,4.39237252866e-32,0.995779138121
two_wall,negative,-0.0142515954686,0.02,3.09773017656,0.986038139928,2.44254509548e-32,0.996154633222
two_wall,negative,-0.0142515954686,0.02,3.09982330041,0.986704401943,3.862278798e-32,0.996512671067
two_wall,negative,-0.0142515954686,0.02,3.10191642426,0.987370663958,2.23347179505e-32,0.996853245383
two_wall,negative,-0.0142515954686,0.02,3.10400954811,0.988036925973,2.70775704163e-32,0.9971763502
two_wall,negative,-0.0142515954686,0.02,3.10610267196,0.988703187988,3.91463738653e-32,0.997481979856
two_wall,negative,-0.0142515954686,0.02,3.10819579582,0.989369450003,1.18487575939e-32,0.997770128996
two_wall,negative,-0.0142515954686,0.02,3.11028891967,0.990035712018,3.06463074191e-32,0.998040792568
two_wall,negative,-0.0142515954686,0.02,3.11238204352,0.990701974033,1.06287374733e-32,0.998293965831
two_wall,negative,-0.0142515954686,0.02,3.11447516737,0.991368236048,6.27808240058e-33,0.998529644348
two_wall,negative,-0.0142515954686,0.02,3.11656829122,0.992034498063,5.73545495404e-33,0.998747823988
two_wall,negative,-0.0142515954686,0.02,3.11866141507,0.992700760078,9.91922820412e-33,0.998948500927
two_wall,negative,-0.0142515954686,0.02,3.12075453893,0.993367022093,1.38312708367e-32,0.999131671649
two_wall,negative,-0.0142515954686,0.02,3.12284766278,0.994033284108,2.89745652052e-33,0.999297332944
two_wall,negative,-0.0142515954686,0.02,3.12494078663,0.994699546123,2.48957020869e-33,0.999445481909
two_wall,negative,-0.0142515954686,0.02,3.12703391048,0.995365808138,1.12081384585e-33,0.999576115948
two_wall,negative,-0.0142515954686,0.02,3.12912703433,0.996032070153,4.31566468263e-33,0.99968923277
two_wall,negative,-0.0142515954686,0.02,3.13122015818,0.996698332168,6.39258739612e-33,0.999784830395
two_wall,negative,-0.0142515954686,0.02,3.13331328203,0.997364594183,1.00272663021e-33,0.999862907146
two_wall,negative,-0.0142515954686,0.02,3.13540640589,0.998030856198,1.32635657002e-33,0.999923461655
two_wall,negative,-0.0142515954686,0.02,3.13749952974,0.998697118213,2.30785582883e-33,0.999966492861
two_wall,negative,-0.0142515954686,0.02,3.13959265359,0.999363380228,1.24361909899e-33,0.999992000011
two_wall,positive,0.0142515954686,0.02,0.002,0.000636619772368,2.89776978049e-32,0.999992000011
two_wall,positive,0.0142515954686,0.02,0.00409312385163,0.00130288178735,5.86163766017e-32,0.999966492861
two_wall,positive,0.0142515954686,0.02,0.00618624770326,0.00196914380233,9.27790168485e-32,0.999923461655
two_wall,positive,0.0142515954686,0.02,0.00827937155488,0.00263540581731,1.34299943139e-31,0.999862907146
two_wall,positive,0.0142515954686,0.02,0.0103724954065,0.00330166783229,1.63148037847e-31,0.999784830395
two_wall,positive,0.0142515954686,0.02,0.0124656192581,0.00396792984727,2.22023149623e-31,0.99968923277
two_wall,positive,0.0142515954686,0.02,0.0145587431098,0.00463419186225,2.63123407984e-31,0.999576115948
two_wall,positive,0.0142515954686,0.02,0.0166518669614,0.00530045387723,3.08997071306e-31,0.999445481909
two_wall,positive,0.0142515954686,0.02,0.018744990813,0.00596671589221,3.57021111959e-31,0.999297332944
two_wall,positive,0.0142515954686,0.02,0.0208381146646,0.00663297790719,4.03935614545e-31,0.999131671649
two_wall,positive,0.0142515954686,0.02,0.0229312385163,0.00729923992217,4.45305623231e-31,0.998948500927
two_wall,positive,0.0142515954686,0.02,0.0250243623679,0.00796550193715,4.94019194539e-31,0.998747823988
two_wall,positive,0.0142515954686,0.02,0.0271174862195,0.00863176395213,5.62144459083e-31,0.998529644348
two_wall,positive,0.0142515954686,0.02,0.0292106100712,0.00929802596711,5.81524029095e-31,0.998293965831
two_wall,positive,0.0142515954686,0.02,0.0313037339228,0.00996428798209,5.6575117998e-31,0.998040792568
two_wall,positive,0.0142515954686,0.02,0.0333968577744,0.0106305499971,5.38690824366e-31,0.997770128996
two_wall,positive,0.0142515954686,0.02,0.035489981626,0.0112968120121,5.15207403483e-31,0.997481979856
two_wall,positive,0.0142515954686,0.02,0.0375831054777,0.011963074027,5.79716815119e-31,0.9971763502
two_wall,positive,0.0142515954686,0.02,0.0396762293293,0.012629336042,5.13490692074e-31,0.996853245383
two_wall,positive,0.0142515954686,0.02,0.0417693531809,0.013295598057,4.56256428844e-31,0.996512671067
two_wall,positive,0.0142515954686,0.02,0.0438624770326,0.013961860072,4.45923030771e-31,0.996154633222
two_wall,positive,0.0142515954686,0.02,0.0459556008842,0.014628122087,2.69873306667e-31,0.995779138121
two_wall,positive,0.0142515954686,0.02,0.0480487247358,0.0152943841019,2.29811984e-31,0.995386192344
two_wall,positive,0.0142515954686,0.02,0.0501418485874,0.0159606461169,1.73779085731e-31,0.994975802779
two_wall,positive,0.0142515954686,0.02,0.0522349724391,0.0166269081319,1.16790133308e-31,0.994547976617
two_wall,positive,0.0142515954686,0.02,0.0543280962907,0.0172931701469,5.85881033948e-32,0.994102721355
two_wall,positive,0.0142515954686,0.02,0.0564212201423,0.0179594321619,2.4336275882e-32,0.993640044797
two_wall,positive,0.0142515954686,0.02,0.0585143439939,0.0186256941768,1.12771450438e-33,0.993159955051
two_wall,positive,0.0142515954686,0.02,0.0606074678456,0.0192919561918,1.13158194632e-32,0.99266246053
two_wall,positive,0.0142515954686,0.02,0.0627005916972,0.0199582182068,4.85249741303e-32,0.992147569952
two_wall,positive,0.0142515954686,0.02,0.0647937155488,0.0206244802218,1.25837590864e-31,0.991615292341
two_wall,positive,0.0142515954686,0.02,0.0668868394005,0.0212907422368,2.3539221538e-31,0.991065637025
two_wall,positive,0.0142515954686,0.02,0.0689799632521,0.0219570042517,4.03322289967e-31,0.990498613636
two_wall,positive,0.0142515954686,0.02,0.0710730871037,0.0226232662667,5.59786729445e-31,0.989914232111
two_wall,positive,0.0142515954686,0.02,0.0731662109553,0.0232895282817,7.05513647041e-31,0.989312502691
two_wall,positive,0.0142515954686,0.02,0.075259334807,0.0239557902967,8.44278702542e-31,0.988693435922
two_wall,positive,0.0142515954686,0.02,0.0773524586586,0.0246220523117,1.03069444858e-30,0.988057042652
two_wall,positive,0.0142515954686,0.02,0.0794455825102,0.0252883143266,1.14590525294e-30,0.987403334034
two_wall,positive,0.0142515954686,0.02,0.0815387063618,0.0259545763416,1.2178208039e-30,0.986732321524
two_wall,positive,0.0142515954686,0.02,0.0836318302135,0.0266208383566,1.23571802225e-30,0.986044016881
two_wall,positive,0.0142515954686,0.02,0.0857249540651,0.0272871003716,1.13111206757e-30,0.985338432168
two_wall,positive,0.0142515954686,0.02,0.0878180779167,0.0279533623866,9.65908033644e-31,0.984615579748
two_wall,positive,0.0142515954686,0.02,0.0899112017684,0.0286196244015,8.52334632911e-31,0.983875472292
two_wall,positive,0.0142515954686,0.02,0.09200432562,0.0292858864165,6.93734004357e-31,0.983118122767
two_wall,positive,0.0142515954686,0.02,0.0940974494716,0.0299521484315,5.49295791706e-31,0.982343544447
two_wall,positive,0.0142515954686,0.02,0.0961905733232,0.0306184104465,3.16847561355e-31,0.981551750906
two_wall,positive,0.0142515954686,0.02,0.0982836971749,0.0312846724615,2.1387594399e-31,0.98074275602
two_wall,positive,0.0142515954686,0.02,0.100376821026,0.0319509344764,6.45192695365e-32,0.979916573966
two_wall,positive,0.0142515954686,0.02,0.102469944878,0.0326171964914,3.03826849043e-32,0.979073219222
two_wall,positive,0.0142515954686,0.02,0.10456306873,0.0332834585064,5.15981547964e-32,0.978212706569
two_wall,positive,0.0142515954686,0.02,0.106656192581,0.0339497205214,7.97987550601e-32,0.977335051086
two_wall,positive,0.0142515954686,0.02,0.108749316433,0.0346159825364,1.66773231582e-31,0.976440268154
two_wall,positive,0.0142515954686,0.02,0.110842440285,0.0352822445513,2.79735019231e-31,0.975528373453
two_wall,positive,0.0142515954686,0.02,0.112935564136,0.0359485065663,4.45076385774e-31,0.974599382965
two_wall,positive,0.0142515954686,0.02,0.115028687988,0.0366147685813,3.88849683101e-31,0.97365331297
two_wall,positive,0.0142515954686,0.02,0.11712181184,0.0372810305963,6.55317833453e-31,0.972690180046
two_wall,positive,0.0142515954686,0.02,0.119214935691,0.0379472926113,7.45740517823e-31,0.971710001074
two_wall,positive,0.0142515954686,0.02,0.121308059543,0.0386135546262,7.4017431392e-31,0.970712793229
two_wall,positive,0.0142515954686,0.02,0.123401183394,0.0392798166412,1.00908277413e-30,0.969698573987
two_wall,positive,0.0142515954686,0.02,0.125494307246,0.0399460786562,8.99467625388e-31,0.968667361124
two_wall,positive,0.0142515954686,0.02,0.127587431098,0.0406123406712,8.31143165589e-31,0.967619172709
two_wall,positive,0.0142515954686,0.02,0.129680554949,0.0412786026862,9.09846170088e-31,0.966554027112
two_wall,positive,0.0142515954686,0.02,0.131773678801,0.0419448647011,9.30022649833e-31,0.965471943001
two_wall,positive,0.0142515954686,0.02,0.133866802653,0.0426111267161,8.81887306876e-31,0.964372939336
two_wall,positive,0.0142515954686,0.02,0.135959926504,0.0432773887311,7.92968868409e-31,0.963257035379
two_wall,positive,0.0142515954686,0.02,0.138053050356,0.0439436507461,6.05245149303e-31,0.962124250686
two_wall,positive,0.0142515954686,0.02,0.140146174207,0.0446099127611,6.42874178967e-31,0.960974605107
two_wall,positive,0.0142515954686,0.02,0.142239298059,0.045276174776,4.29740319221e-31,0.95980811879
two_wall,positive,0.0142515954686,0.02,0.144332421911,0.045942436791,3.82818631924e-31,0.958624812177
two_wall,positive,0.0142515954686,0.02,0.146425545762,0.046608698806,2.11772381765e-31,0.957424706005
two_wall,positive,0.0142515954686,0.02,0.148518669614,0.047274960821,1.03992080087e-31,0.956207821306
two_wall,positive,0.0142515954686,0.02,0.150611793466,0.047941222836,6.11048308547e-32,0.954974179405
two_wall,positive,0.0142515954686,0.02,0.152704917317,0.0486074848509,4.58471092992e-32,0.953723801921
two_wall,positive,0.0142515954686,0.02,0.154798041169,0.0492737468659,8.49330002573e-32,0.952456710767
two_wall,positive,0.0142515954686,0.02,0.15689116502,0.0499400088809,1.51554501223e-31,0.951172928148
two_wall,positive,0.0142515954686,0.02,0.158984288872,0.0506062708959,2.77698539958e-31,0.949872476562
two_wall,positive,0.0142515954686,0.02,0.161077412724,0.0512725329109,3.99087313775e-31,0.948555378799
two_wall,positive,0.0142515954686,0.02,0.163170536575,0.0519387949258,5.1298655021e-31,0.94722165794
two_wall,positive,0.0142515954686,0.02,0.165263660427,0.0526050569408,8.45168142724e-31,0.945871337358
two_wall,positive,0.0142515954686,0.02,0.167356784279,0.0532713189558,9.065532664e-31,0.944504440718
two_wall,positive,0.0142515954686,0.02,0.16944990813,0.0539375809708,7.97329102029e-31,0.943120991973
two_wall,positive,0.0142515954686,0.02,0.171543031982,0.0546038429858,9.37043691715e-31,0.941721015369
two_wall,positive,0.0142515954686,0.02,0.173636155833,0.0552701050007,8.81480551052e-31,0.940304535439
two_wall,positive,0.0142515954686,0.02,0.175729279685,0.0559363670157,6.50610736641e-31,0.938871577006
two_wall,positive,0.0142515954686,0.02,0.177822403537,0.0566026290307,5.78135996068e-31,0.937422165183
two_wall,positive,0.0142515954686,0.02,0.179915527388,0.0572688910457,5.05502046416e-31,0.93595632537
two_wall,positive,0.0142515954686,0.02,0.18200865124,0.0579351530607,2.99657057433e-31,0.934474083256
two_wall,positive,0.0142515954686,0.02,0.184101775092,0.0586014150756,2.66785368587e-31,0.932975464815
two_wall,positive,0.0142515954686,0.02,0.186194898943,0.0592676770906,2.74473228335e-31,0.931460496312
two_wall,positive,0.0142515954686,0.02,0.188288022795,0.0599339391056,3.43790990381e-31,0.929929204294
two_wall,positive,0.0142515954686,0.02,0.190381146646,0.0606002011206,6.18357290774e-31,0.928381615598
two_wall,positive,0.0142515954686,0.02,0.192474270498,0.0612664631356,9.10122592417e-31,0.926817757345
two_wall,positive,0.0142515954686,0.02,0.19456739435,0.0619327251505,1.244590161e-30,0.92523765694
two_wall,positive,0.0142515954686,0.02,0.196660518201,0.0625989871655,1.8297959355e-30,0.923641342075
two_wall,positive,0.0142515954686,0.02,0.198753642053,0.0632652491805,2.13875967262e-30,0.922028840723
two_wall,positive,0.0142515954686,0.02,0.200846765905,0.0639315111955,2.28700561127e-30,0.920400181144
two_wall,positive,0.0142515954686,0.02,0.202939889756,0.0645977732105,2.75477311138e-30,0.918755391879
two_wall,positive,0.0142515954686,0.02,0.205033013608,0.0652640352254,3.07009718185e-30,0.917094501753
two_wall,positive,0.0142515954686,0.02,0.20712613746,0.0659302972404,3.19321064457e-30,0.915417539872
two_wall,positive,0.0142515954686,0.02,0.209219261311,0.0665965592554,3.50075720511e-30,0.913724535625
two_wall,positive,0.0142515954686,0.02,0.211312385163,0.0672628212704,3.28448174179e-30,0.91201551868
two_wall,positive,0.0142515954686,0.02,0.213405509014,0.0679290832854,3.49597841456e-30,0.910290518987
two_wall,positive,0.0142515954686,0.02,0.215498632866,0.0685953453003,3.29308753069e-30,0.908549566777
two_wall,positive,0.0142515954686,0.02,0.217591756718,0.0692616073153,3.37707371531e-30,0.906792692559
two_wall,positive,0.0142515954686,0.02,0.219684880569,0.0699278693303,3.23546115125e-30,0.905019927122
two_wall,positive,0.0142515954686,0.02,0.221778004421,0.0705941313453,2.8879604771e-30,0.903231301532
two_wall,positive,0.0142515954686,0.02,0.223871128273,0.0712603933603,2.72013316838e-30,0.901426847135
two_wall,positive,0.0142515954686,0.02,0.225964252124,0.0719266553752,2.64764953785e-30,0.899606595553
two_wall,positive,0.0142515954686,0.02,0.228057375976,0.0725929173902,2.37145095257e-30,0.897770578686
two_wall,positive,0.0142515954686,0.02,0.230150499827,0.0732591794052,2.41337780957e-30,0.895918828709
two_wall,positive,0.0142515954686,0.02,0.232243623679,0.0739254414202,2.47433255587e-30,0.894051378073
two_wall,positive,0.0142515954686,0.02,0.234336747531,0.0745917034352,2.40806759523e-30,0.892168259505
two_wall,positive,0.0142515954686,0.02,0.236429871382,0.0752579654501,2.42273382163e-30,0.890269506005
two_wall,positive,0.0142515954686,0.02,0.238522995234,0.0759242274651,2.5262292948e-30,0.888355150849
two_wall,positive,0.0142515954686,0.02,0.240616119086,0.0765904894801,2.5255189499e-30,0.886425227585
two_wall,positive,0.0142515954686,0.02,0.242709242937,0.0772567514951,2.94811365888e-30,0.884479770035
two_wall,positive,0.0142515954686,0.02,0.244802366789,0.0779230135101,2.97202580536e-30,0.882518812291
two_wall,positive,0.0142515954686,0.02,0.24689549064,0.078589275525,3.1957377007e-30,0.880542388718
two_wall,positive,0.0142515954686,0.02,0.248988614492,0.07925553754,3.30396444038e-30,0.878550533954
two_wall,positive,0.0142515954686,0.02,0.251081738344,0.079921799555,3.84705288322e-30,0.876543282904
two_wall,positive,0.0142515954686,0.02,0.253174862195,0.08058806157,3.7998203662e-30,0.874520670745
two_wall,positive,0.0142515954686,0.02,0.255267986047,0.081254323585,3.86287375287e-30,0.872482732922
two_wall,positive,0.0142515954686,0.02,0.257361109899,0.0819205855999,3.95212966932e-30,0.87042950515
two_wall,positive,0.0142515954686,0.02,0.25945423375,0.0825868476149,3.53983609265e-30,0.86836102341
two_wall,positive,0.0142515954686,0.02,0.261547357602,0.0832531096299,3.2391562214e-30,0.866277323953
two_wall,positive,0.0142515954686,0.02,0.263640481453,0.0839193716449,2.97109768941e-30,0.864178443293
two_wall,positive,0.0142515954686,0.02,0.265733605305,0.0845856336599,2.47007844771e-30,0.862064418214
two_wall,positive,0.0142515954686,0.02,0.267826729157,0.0852518956748,2.05197791406e-30,0.859935285762
two_wall,positive,0.0142515954686,0.02,0.269919853008,0.0859181576898,1.52678169172e-30,0.85779108325
two_wall,positive,0.0142515954686,0.02,0.27201297686,0.0865844197048,1.01150506355e-30,0.855631848255
two_wall,positive,0.0142515954686,0.02,0.274106100712,0.0872506817198,7.97504877142e-31,0.853457618617
two_wall,positive,0.0142515954686,0.02,0.276199224563,0.0879169437348,4.47848058862e-31,0.851268432437
two_wall,positive,0.0142515954686,0.02,0.278292348415,0.0885832057497,3.05600375906e-31,0.84906432808
two_wall,positive,0.0142515954686,0.02,0.280385472266,0.0892494677647,1.82595788822e-31,0.846845344173
two_wall,positive,0.0142515954686,0.02,0.282478596118,0.0899157297797,1.33496030092e-31,0.844611519603
two_wall,positive,0.0142515954686,0.02,0.28457171997,0.0905819917947,9.39838376805e-32,0.842362893517
two_wall,positive,0.0142515954686,0.02,0.286664843821,0.0912482538097,8.89895085442e-32,0.84009950532
two_wall,positive,0.0142515954686,0.02,0.288757967673,0.0919145158246,1.03279433331e-31,0.837821394679
two_wall,positive,0.0142515954686,0.02,0.290851091525,0.0925807778396,1.22306422679e-31,0.835528601515
two_wall,positive,0.0142515954686,0.02,0.292944215376,0.0932470398546,1.06868312007e-31,0.833221166011
two_wall,positive,0.0142515954686,0.02,0.295037339228,0.0939133018696,1.28044225543e-31,0.830899128601
two_wall,positive,0.0142515954686,0.02,0.297130463079,0.0945795638846,1.05555893901e-31,0.82856252998
two_wall,positive,0.0142515954686,0.02,0.299223586931,0.0952458258996,3.47637856128e-32,0.826211411096
two_wall,positive,0.0142515954686,0.02,0.301316710783,0.0959120879145,4.51054269305e-32,0.82384581315
two_wall,positive,0.0142515954686,0.02,0.303409834634,0.0965783499295,4.70231081777e-32,0.8214657776
two_wall,positive,0.0142515954686,0.02,0.305502958486,0.0972446119445,3.65967618088e-32,0.819071346154
two_wall,positive,0.0142515954686,0.02,0.307596082338,0.0979108739595,1.89541569618e-32,0.816662560774
two_wall,positive,0.0142515954686,0.02,0.309689206189,0.0985771359745,1.89220526359e-32,0.814239463673
two_wall,positive,0.0142515954686,0.02,0.311782330041,0.0992433979894,5.27688408697e-32,0.811802097316
two_wall,positive,0.0142515954686,0.02,0.313875453893,0.0999096600044,4.92254942426e-32,0.809350504415
two_wall,positive,0.0142515954686,0.02,0.315968577744,0.100575922019,6.3025978668e-32,0.806884727935
two_wall,positive,0.0142515954686,0.02,0.318061701596,0.101242184034,5.03831095321e-32,0.804404811087
two_wall,positive,0.0142515954686,0.02,0.320154825447,0.101908446049,7.24956188753e-32,0.801910797331
two_wall,positive,0.0142515954686,0.02,0.322247949299,0.102574708064,8.975517148e-32,0.799402730373
two_wall,positive,0.0142515954686,0.02,0.324341073151,0.103240970079,9.55508576396e-32,0.796880654167
two_wall,positive,0.0142515954686,0.02,0.326434197002,0.103907232094,1.87855674139e-31,0.794344612911
two_wall,positive,0.0142515954686,0.02,0.328527320854,0.104573494109,2.75952445999e-31,0.791794651048
two_wall,positive,0.0142515954686,0.02,0.330620444706,0.105239756124,4.66607848647e-31,0.789230813266
two_wall,positive,0.0142515954686,0.02,0.332713568557,0.105906018139,5.28911510801e-31,0.786653144494
two_wall,positive,0.0142515954686,0.02,0.334806692409,0.106572280154,6.52528914664e-31,0.784061689906
two_wall,positive,0.0142515954686,0.02,0.33689981626,0.107238542169,7.06410627124e-31,0.781456494916
two_wall,positive,0.0142515954686,0.02,0.338992940112,0.107904804184,8.33160787726e-31,0.778837605179
two_wall,positive,0.0142515954686,0.02,0.341086063964,0.108571066199,7.16171599901e-31,0.776205066589
two_wall,positive,0.0142515954686,0.02,0.343179187815,0.109237328214,8.70161935454e-31,0.773558925282
two_wall,positive,0.0142515954686,0.02,0.345272311667,0.109903590229,7.8528196835e-31,0.770899227631
two_wall,positive,0.0142515954686,0.02,0.347365435519,0.110569852244,6.29014033205e-31,0.768226020244
two_wall,positive,0.0142515954686,0.02,0.34945855937,0.111236114259,5.95425645637e-31,0.76553934997
two_wall,positive,0.0142515954686,0.02,0.351551683222,0.111902376274,4.52578642757e-31,0.762839263891
two_wall,positive,0.0142515954686,0.02,0.353644807073,0.112568638289,3.05860083109e-31,0.760125809325
two_wall,positive,0.0142515954686,0.02,0.355737930925,0.113234900304,1.49799314447e-31,0.757399033825
two_wall,positive,0.0142515954686,0.02,0.357831054777,0.113901162319,6.25905567238e-32,0.754658985176
two_wall,positive,0.0142515954686,0.02,0.359924178628,0.114567424334,2.53140531247e-32,0.751905711397
two_wall,positive,0.0142515954686,0.02,0.36201730248,0.115233686349,2.03870459169e-32,0.749139260738
two_wall,positive,0.0142515954686,0.02,0.364110426332,0.115899948364,2.78277124799e-32,0.74635968168
two_wall,positive,0.0142515954686,0.02,0.366203550183,0.116566210379,6.57274450133e-32,0.743567022934
two_wall,positive,0.0142515954686,0.02,0.368296674035,0.117232472394,1.00241272231e-31,0.74076133344
two_wall,positive,0.0142515954686,0.02,0.370389797886,0.117898734409,1.69597183663e-31,0.737942662368
two_wall,positive,0.0142515954686,0.02,0.372482921738,0.118564996424,1.34104076364e-31,0.735111059113
two_wall,positive,0.0142515954686,0.02,0.37457604559,0.119231258439,2.02898607511e-31,0.732266573298
two_wall,positive,0.0142515954686,0.02,0.376669169441,0.119897520454,1.68602752667e-31,0.729409254772
two_wall,positive,0.0142515954686,0.02,0.378762293293,0.120563782469,1.39407773265e-31,0.726539153608
two_wall,positive,0.0142515954686,0.02,0.380855417145,0.121230044484,7.37146619127e-32,0.723656320104
two_wall,positive,0.0142515954686,0.02,0.382948540996,0.121896306499,5.54623232323e-32,0.720760804781
two_wall,positive,0.0142515954686,0.02,0.385041664848,0.122562568514,3.52951201554e-32,0.717852658381
two_wall,positive,0.0142515954686,0.02,0.387134788699,0.123228830529,6.84347596997e-33,0.714931931868
two_wall,positive,0.0142515954686,0.02,0.389227912551,0.123895092544,1.47141726741e-32,0.711998676428
two_wall,positive,0.0142515954686,0.02,0.391321036403,0.124561354559,9.79800884797e-33,0.709052943464
two_wall,positive,0.0142515954686,0.02,0.393414160254,0.125227616574,8.78945219182e-32,0.7060947846
two_wall,positive,0.0142515954686,0.02,0.395507284106,0.125893878589,9.54634790441e-32,0.703124251675
two_wall,positive,0.0142515954686,0.02,0.397600407958,0.126560140604,1.2340560085e-31,0.700141396749
two_wall,positive,0.0142515954686,0.02,0.399693531809,0.127226402619,2.24094466567e-31,0.697146272093
two_wall,positive,0.0142515954686,0.02,0.401786655661,0.127892664634,2.48766062744e-31,0.694138930197
two_wall,positive,0.0142515954686,0.02,0.403879779513,0.128558926649,2.52572092258e-31,0.691119423763
two_wall,positive,0.0142515954686,0.02,0.405972903364,0.129225188664,2.61018400761e-31,0.688087805707
two_wall,positive,0.0142515954686,0.02,0.408066027216,0.129891450679,2.04847806301e-31,0.685044129158
two_wall,positive,0.0142515954686,0.02,0.410159151067,0.130557712693,2.43056148509e-31,0.681988447453
two_wall,positive,0.0142515954686,0.02,0.412252274919,0.131223974708,3.00716676667e-31,0.678920814144
two_wall,positive,0.0142515954686,0.02,0.414345398771,0.131890236723,3.76302792043e-31,0.675841282989
two_wall,positive,0.0142515954686,0.02,0.416438522622,0.132556498738,3.61045496242e-31,0.672749907955
two_wall,positive,0.0142515954686,0.02,0.418531646474,0.133222760753,4.40829322593e-31,0.669646743219
two_wall,positive,0.0142515954686,0.02,0.420624770326,0.133889022768,5.42300130245e-31,0.666531843162
two_wall,positive,0.0142515954686,0.02,0.422717894177,0.134555284783,4.43136248934e-31,0.663405262372
two_wall,positive,0.0142515954686,0.02,0.424811018029,0.135221546798,5.53637096444e-31,0.660267055641
two_wall,positive,0.0142515954686,0.02,0.42690414188,0.135887808813,6.30128145637e-31,0.657117277964
two_wall,positive,0.0142515954686,0.02,0.428997265732,0.136554070828,5.94654947269e-31,0.65395598454
two_wall,positive,0.0142515954686,0.02,0.431090389584,0.137220332843,6.20469027498e-31,0.650783230771
two_wall,positive,0.0142515954686,0.02,0.433183513435,0.137886594858,5.73335837072e-31,0.647599072257
two_wall,positive,0.0142515954686,0.02,0.435276637287,0.138552856873,5.00117124217e-31,0.6444035648
two_wall,positive,0.0142515954686,0.02,0.437369761139,0.139219118888,4.30273174825e-31,0.641196764399
two_wall,positive,0.0142515954686,0.02,0.43946288499,0.139885380903,3.86339162633e-31,0.637978727254
two_wall,positive,0.0142515954686,0.02,0.441556008842,0.140551642918,3.70377160297e-31,0.634749509758
two_wall,positive,0.0142515954686,0.02,0.443649132693,0.141217904933,3.18092136483e-31,0.631509168503
two_wall,positive,0.0142515954686,0.02,0.445742256545,0.141884166948,2.46402889877e-31,0.628257760274
two_wall,positive,0.0142515954686,0.02,0.447835380397,0.142550428963,2.94858654517e-31,0.624995342051
two_wall,positive,0.0142515954686,0.02,0.449928504248,0.143216690978,2.54144670327e-31,0.621721971008
two_wall,positive,0.0142515954686,0.02,0.4520216281,0.143882952993,2.76153310628e-31,0.618437704508
two_wall,positive,0.0142515954686,0.02,0.454114751952,0.144549215008,2.73357517266e-31,0.615142600107
two_wall,positive,0.0142515954686,0.02,0.456207875803,0.145215477023,2.6389442378e-31,0.611836715551
two_wall,positive,0.0142515954686,0.02,0.458300999655,0.145881739038,2.81616861561e-31,0.608520108775
two_wall,positive,0.0142515954686,0.02,0.460394123506,0.146548001053,2.58662201559e-31,0.6051928379
two_wall,positive,0.0142515954686,0.02,0.462487247358,0.147214263068,2.10844333277e-31,0.601854961236
two_wall,positive,0.0142515954686,0.02,0.46458037121,0.147880525083,1.24409583438e-31,0.598506537277
two_wall,positive,0.0142515954686,0.02,0.466673495061,0.148546787098,1.08296101019e-31,0.595147624705
two_wall,positive,0.0142515954686,0.02,0.468766618913,0.149213049113,6.79648039877e-32,0.591778282382
two_wall,positive,0.0142515954686,0.02,0.470859742765,0.149879311128,3.89492777532e-32,0.588398569355
two_wall,positive,0.0142515954686,0.02,0.472952866616,0.150545573143,2.9586314243e-32,0.585008544853
two_wall,positive,0.0142515954686,0.02,0.475045990468,0.151211835158,6.20623771049e-33,0.581608268284
two_wall,positive,0.0142515954686,0.02,0.477139114319,0.151878097173,4.21118217857e-32,0.578197799237
two_wall,positive,0.0142515954686,0.02,0.479232238171,0.152544359188,4.61518419572e-32,0.57477719748
two_wall,positive,0.0142515954686,0.02,0.481325362023,0.153210621203,6.7881442345e-32,0.571346522956
two_wall,positive,0.0142515954686,0.02,0.483418485874,0.153876883218,7.24401893351e-32,0.567905835788
two_wall,positive,0.0142515954686,0.02,0.485511609726,0.154543145233,1.04230514094e-31,0.564455196272
two_wall,positive,0.0142515954686,0.02,0.487604733578,0.155209407248,7.2017632288e-32,0.56099466488
two_wall,positive,0.0142515954686,0.02,0.489697857429,0.155875669263,4.88865419998e-32,0.557524302255
two_wall,positive,0.0142515954686,0.02,0.491790981281,0.156541931278,1.07475640095e-31,0.554044169216
two_wall,positive,0.0142515954686,0.02,0.493884105132,0.157208193293,1.26581796725e-31,0.55055432675
two_wall,positive,0.0142515954686,0.02,0.495977228984,0.157874455308,2.24390531326e-31,0.547054836015
two_wall,positive,0.0142515954686,0.02,0.498070352836,0.158540717323,3.19209568792e-31,0.543545758338
two_wall,positive,0.0142515954686,0.02,0.500163476687,0.159206979338,3.92665758746e-31,0.540027155216
two_wall,positive,0.0142515954686,0.02,0.502256600539,0.159873241353,4.445280028e-31,0.53649908831
two_wall,positive,0.0142515954686,0.02,0.504349724391,0.160539503368,7.0527301903e-31,0.532961619448
two_wall,positive,0.0142515954686,0.02,0.506442848242,0.161205765383,8.17398724874e-31,0.529414810623
two_wall,positive,0.0142515954686,0.02,0.508535972094,0.161872027398,7.58163642256e-31,0.525858723993
two_wall,positive,0.0142515954686,0.02,0.510629095946,0.162538289413,1.0063923862e-30,0.522293421875
two_wall,positive,0.0142515954686,0.02,0.512722219797,0.163204551428,1.19408926471e-30,0.51871896675
two_wall,positive,0.0142515954686,0.02,0.514815343649,0.163870813443,1.08220441295e-30,0.515135421261
two_wall,positive,0.0142515954686,0.02,0.5169084675,0.164537075457,1.15667515938e-30,0.511542848206
two_wall,positive,0.0142515954686,0.02,0.519001591352,0.165203337472,1.12332839993e-30,0.507941310545
two_wall,positive,0.0142515954686,0.02,0.521094715204,0.165869599487,1.12227883378e-30,0.504330871393
two_wall,positive,0.0142515954686,0.02,0.523187839055,0.166535861502,9.84737014142e-31,0.500711594022
two_wall,positive,0.0142515954686,0.02,0.525280962907,0.167202123517,9.80166632984e-31,0.497083541859
two_wall,positive,0.0142515954686,0.02,0.527374086759,0.167868385532,9.20398745567e-31,0.493446778483
two_wall,positive,0.0142515954686,0.02,0.52946721061,0.168534647547,9.90058795094e-31,0.489801367628
two_wall,positive,0.0142515954686,0.02,0.531560334462,0.169200909562,8.12048403057e-31,0.486147373178
two_wall,positive,0.0142515954686,0.02,0.533653458313,0.169867171577,8.21607540629e-31,0.482484859169
two_wall,positive,0.0142515954686,0.02,0.535746582165,0.170533433592,8.26184729072e-31,0.478813889784
two_wall,positive,0.0142515954686,0.02,0.537839706017,0.171199695607,7.71629174606e-31,0.475134529356
two_wall,positive,0.0142515954686,0.02,0.539932829868,0.171865957622,7.81050834647e-31,0.471446842364
two_wall,positive,0.0142515954686,0.02,0.54202595372,0.172532219637,6.18236019957e-31,0.467750893435
two_wall,positive,0.0142515954686,0.02,0.544119077572,0.173198481652,7.01293833185e-31,0.464046747337
two_wall,positive,0.0142515954686,0.02,0.546212201423,0.173864743667,7.6021752713e-31,0.460334468985
two_wall,positive,0.0142515954686,0.02,0.548305325275,0.174531005682,7.42722412285e-31,0.456614123435
two_wall,positive,0.0142515954686,0.02,0.550398449126,0.175197267697,7.64186964197e-31,0.452885775885
two_wall,positive,0.0142515954686,0.02,0.552491572978,0.175863529712,7.72700177865e-31,0.449149491673
two_wall,positive,0.0142515954686,0.02,0.55458469683,0.176529791727,9.60988337279e-31,0.445405336276
two_wall,positive,0.0142515954686,0.02,0.556677820681,0.177196053742,9.71301698524e-31,0.441653375309
two_wall,positive,0.0142515954686,0.02,0.558770944533,0.177862315757,1.18872736048e-30,0.437893674524
two_wall,positive,0.0142515954686,0.02,0.560864068385,0.178528577772,1.2030644483e-30,0.434126299808
two_wall,positive,0.0142515954686,0.02,0.562957192236,0.179194839787,1.27982540528e-30,0.430351317183
two_wall,positive,0.0142515954686,0.02,0.565050316088,0.179861101802,1.42251115509e-30,0.426568792804
two_wall,positive,0.0142515954686,0.02,0.567143439939,0.180527363817,1.49595857764e-30,0.422778792958
two_wall,positive,0.0142515954686,0.02,0.569236563791,0.181193625832,1.49926860814e-30,0.418981384065
two_wall,positive,0.0142515954686,0.02,0.571329687643,0.181859887847,1.49158642305e-30,0.415176632672
two_wall,positive,0.0142515954686,0.02,0.573422811494,0.182526149862,1.4344890388e-30,0.411364605457
two_wall,positive,0.0142515954686,0.02,0.575515935346,0.183192411877,1.30422697614e-30,0.407545369223
two_wall,positive,0.0142515954686,0.02,0.577609059198,0.183858673892,1.11032313886e-30,0.403718990901
two_wall,positive,0.0142515954686,0.02,0.579702183049,0.184524935907,9.51776751211e-31,0.399885537548
two_wall,positive,0.0142515954686,0.02,0.581795306901,0.185191197922,9.34975948505e-31,0.396045076343
two_wall,positive,0.0142515954686,0.02,0.583888430752,0.185857459937,8.2261634599e-31,0.392197674589
two_wall,positive,0.0142515954686,0.02,0.585981554604,0.186523721952,6.56398352951e-31,0.38834339971
two_wall,positive,0.0142515954686,0.02,0.588074678456,0.187189983967,6.76317636083e-31,0.384482319251
two_wall,positive,0.0142515954686,0.02,0.590167802307,0.187856245982,5.7098962673e-31,0.380614500876
two_wall,positive,0.0142515954686,0.02,0.592260926159,0.188522507997,5.07809787242e-31,0.376740012368
two_wall,positive,0.0142515954686,0.02,0.594354050011,0.189188770012,5.08557745678e-31,0.372858921625
two_wall,positive,0.0142515954686,0.02,0.596447173862,0.189855032027,5.26513158911e-31,0.368971296662
two_wall,positive,0.0142515954686,0.02,0.598540297714,0.190521294042,7.14222798817e-31,0.365077205608
two_wall,positive,0.0142515954686,0.02,0.600633421565,0.191187556057,7.67215757614e-31,0.361176716706
two_wall,positive,0.0142515954686,0.02,0.602726545417,0.191853818072,9.23370956936e-31,0.357269898311
two_wall,positive,0.0142515954686,0.02,0.604819669269,0.192520080087,1.10586275436e-30,0.353356818888
two_wall,positive,0.0142515954686,0.02,0.60691279312,0.193186342102,1.32297299526e-30,0.349437547012
two_wall,positive,0.0142515954686,0.02,0.609005916972,0.193852604117,1.49012084788e-30,0.345512151367
two_wall,positive,0.0142515954686,0.02,0.611099040824,0.194518866132,1.75255177451e-30,0.341580700745
two_wall,positive,0.0142515954686,0.02,0.613192164675,0.195185128147,1.99566452274e-30,0.337643264043
two_wall,positive,0.0142515954686,0.02,0.615285288527,0.195851390162,2.24443879037e-30,0.333699910263
two_wall,positive,0.0142515954686,0.02,0.617378412379,0.196517652177,2.54469750799e-30,0.32975070851
two_wall,positive,0.0142515954686,0.02,0.61947153623,0.197183914192,2.7970835399e-30,0.325795727994
two_wall,positive,0.0142515954686,0.02,0.621564660082,0.197850176206,2.92280589017e-30,0.321835038023
two_wall,positive,0.0142515954686,0.02,0.623657783933,0.198516438221,2.92703504125e-30,0.317868708008
two_wall,positive,0.0142515954686,0.02,0.625750907785,0.199182700236,2.92883033603e-30,0.313896807457
two_wall,positive,0.0142515954686,0.02,0.627844031637,0.199848962251,2.82453391092e-30,0.309919405976
two_wall,positive,0.0142515954686,0.02,0.629937155488,0.200515224266,2.76135193588e-30,0.305936573268
two_wall,positive,0.0142515954686,0.02,0.63203027934,0.201181486281,2.62610503849e-30,0.30194837913
two_wall,positive,0.0142515954686,0.02,0.634123403192,0.201847748296,2.42263389052e-30,0.297954893454
two_wall,positive,0.0142515954686,0.02,0.636216527043,0.202514010311,2.22169289742e-30,0.293956186224
two_wall,positive,0.0142515954686,0.02,0.638309650895,0.203180272326,2.14962826167e-30,0.289952327517
two_wall,positive,0.0142515954686,0.02,0.640402774746,0.203846534341,1.93255365092e-30,0.285943387499
two_wall,positive,0.0142515954686,0.02,0.642495898598,0.204512796356,1.73281989359e-30,0.281929436424
two_wall,positive,0.0142515954686,0.02,0.64458902245,0.205179058371,1.63842952697e-30,0.277910544637
two_wall,positive,0.0142515954686,0.02,0.646682146301,0.205845320386,1.54096788054e-30,0.273886782566
two_wall,positive,0.0142515954686,0.02,0.648775270153,0.206511582401,1.49872727538e-30,0.269858220726
two_wall,positive,0.0142515954686,0.02,0.650868394005,0.207177844416,1.5704663389e-30,0.265824929717
two_wall,positive,0.0142515954686,0.02,0.652961517856,0.207844106431,1.7407491784e-30,0.261786980221
two_wall,positive,0.0142515954686,0.02,0.655054641708,0.208510368446,1.67570601244e-30,0.257744443002
two_wall,positive,0.0142515954686,0.02,0.657147765559,0.209176630461,1.68480849168e-30,0.253697388902
two_wall,positive,0.0142515954686,0.02,0.659240889411,0.209842892476,1.8730005435e-30,0.249645888846
two_wall,positive,0.0142515954686,0.02,0.661334013263,0.210509154491,2.11650837324e-30,0.245590013835
two_wall,positive,0.0142515954686,0.02,0.663427137114,0.211175416506,2.4530451801e-30,0.241529834946
two_wall,positive,0.0142515954686,0.02,0.665520260966,0.211841678521,2.72023114912e-30,0.237465423332
two_wall,positive,0.0142515954686,0.02,0.667613384818,0.212507940536,2.6971482958e-30,0.233396850222
two_wall,positive,0.0142515954686,0.02,0.669706508669,0.213174202551,3.00573732658e-30,0.229324186915
two_wall,positive,0.0142515954686,0.02,0.671799632521,0.213840464566,3.12708403434e-30,0.225247504783
two_wall,positive,0.0142515954686,0.02,0.673892756372,0.214506726581,3.44739114228e-30,0.221166875268
two_wall,positive,0.0142515954686,0.02,0.675985880224,0.215172988596,3.40670270366e-30,0.217082369883
two_wall,positive,0.0142515954686,0.02,0.678079004076,0.215839250611,3.50320954926e-30,0.212994060207
two_wall,positive,0.0142515954686,0.02,0.680172127927,0.216505512626,3.45674899116e-30,0.208902017885
two_wall,positive,0.0142515954686,0.02,0.682265251779,0.217171774641,3.30687554238e-30,0.20480631463
two_wall,positive,0.0142515954686,0.02,0.684358375631,0.217838036656,3.03815993171e-30,0.200707022217
two_wall,positive,0.0142515954686,0.02,0.686451499482,0.218504298671,2.96282454e-30,0.196604212485
two_wall,positive,0.0142515954686,0.02,0.688544623334,0.219170560686,2.47433842894e-30,0.192497957334
two_wall,positive,0.0142515954686,0.02,0.690637747185,0.219836822701,2.39785553857e-30,0.188388328724
two_wall,positive,0.0142515954686,0.02,0.692730871037,0.220503084716,1.98500183625e-30,0.184275398677
two_wall,positive,0.0142515954686,0.02,0.694823994889,0.221169346731,1.74911574046e-30,0.180159239268
two_wall,positive,0.0142515954686,0.02,0.69691711874,0.221835608746,1.59129993101e-30,0.176039922633
two_wall,positive,0.0142515954686,0.02,0.699010242592,0.222501870761,1.38754785418e-30,0.171917520961
two_wall,positive,0.0142515954686,0.02,0.701103366444,0.223168132776,1.21501139349e-30,0.167792106496
two_wall,positive,0.0142515954686,0.02,0.703196490295,0.223834394791,1.11004756815e-30,0.163663751533
two_wall,positive,0.0142515954686,0.02,0.705289614147,0.224500656806,1.05767313103e-30,0.159532528422
two_wall,positive,0.0142515954686,0.02,0.707382737999,0.225166918821,1.16027335413e-30,0.155398509559
two_wall,positive,0.0142515954686,0.02,0.70947586185,0.225833180836,1.15040829403e-30,0.151261767393
two_wall,positive,0.0142515954686,0.02,0.711568985702,0.226499442851,1.22086392366e-30,0.147122374419
two_wall,positive,0.0142515954686,0.02,0.713662109553,0.227165704866,1.27883052655e-30,0.142980403177
two_wall,positive,0.0142515954686,0.02,0.715755233405,0.227831966881,1.32279192649e-30,0.138835926255
two_wall,positive,0.0142515954686,0.02,0.717848357257,0.228498228896,1.60428975153e-30,0.134689016282
two_wall,positive,0.0142515954686,0.02,0.719941481108,0.229164490911,1.72116558742e-30,0.130539745932
two_wall,positive,0.0142515954686,0.02,0.72203460496,0.229830752926,2.03901065947e-30,0.12638818792
two_wall,positive,0.0142515954686,0.02,0.724127728812,0.230497014941,2.23472317813e-30,0.122234414999
two_wall,positive,0.0142515954686,0.02,0.726220852663,0.231163276956,2.35470975493e-30,0.118078499964
two_wall,positive,0.0142515954686,0.02,0.728313976515,0.23182953897,2.73248448079e-30,0.113920515645
two_wall,positive,0.0142515954686,0.02,0.730407100366,0.232495800985,2.66901628828e-30,0.10976053491
two_wall,positive,0.0142515954686,0.02,0.732500224218,0.233162063,2.8950751665e-30,0.10559863066
two_wall,positive,0.0142515954686,0.02,0.73459334807,0.233828325015,2.82152431269e-30,0.101434875832
two_wall,positive,0.0142515954686,0.02,0.736686471921,0.23449458703,2.79223777242e-30,0.0972693433942
two_wall,positive,0.0142515954686,0.02,0.738779595773,0.235160849045,3.12467646523e-30,0.0931021063454
two_wall,positive,0.0142515954686,0.02,0.740872719625,0.23582711106,3.06763445859e-30,0.0889332377153
two_wall,positive,0.0142515954686,0.02,0.742965843476,0.236493373075,3.20801335863e-30,0.0847628105618
two_wall,positive,0.0142515954686,0.02,0.745058967328,0.23715963509,3.40825821431e-30,0.0805908979703
two_wall,positive,0.0142515954686,0.02,0.747152091179,0.237825897105,3.90322844441e-30,0.0764175730519
two_wall,positive,0.0142515954686,0.02,0.749245215031,0.23849215912,4.07491469217e-30,0.0722429089428
two_wall,positive,0.0142515954686,0.02,0.751338338883,0.239158421135,4.70877380664e-30,0.0680669788023
two_wall,positive,0.0142515954686,0.02,0.753431462734,0.23982468315,5.54080429393e-30,0.0638898558123
two_wall,positive,0.0142515954686,0.02,0.755524586586,0.240490945165,6.28346029276e-30,0.0597116131753
two_wall,positive,0.0142515954686,0.02,0.757617710438,0.24115720718,7.01026146344e-30,0.0555323241135
two_wall,positive,0.0142515954686,0.02,0.759710834289,0.241823469195,8.05855603211e-30,0.0513520618675
two_wall,positive,0.0142515954686,0.02,0.761803958141,0.24248973121,9.18823461201e-30,0.0471708996949
two_wall,positive,0.0142515954686,0.02,0.763897081992,0.243155993225,9.83185483377e-30,0.042988910869
two_wall,positive,0.0142515954686,0.02,0.765990205844,0.24382225524,1.07429424522e-29,0.0388061686778
two_wall,positive,0.0142515954686,0.02,0.768083329696,0.244488517255,1.15593239876e-29,0.0346227464223
two_wall,positive,0.0142515954686,0.02,0.770176453547,0.24515477927,1.25493719594e-29,0.0304387174154
two_wall,positive,0.0142515954686,0.02,0.772269577399,0.245821041285,1.32261716962e-29,0.0262541549809
two_wall,positive,0.0142515954686,0.02,0.774362701251,0.2464873033,1.45237237637e-29,0.0220691324516
two_wall,positive,0.0142515954686,0.02,0.776455825102,0.247153565315,1.50613559978e-29,0.0178837231687
two_wall,positive,0.0142515954686,0.02,0.778548948954,0.24781982733,1.61035316405e-29,0.0136980004798
two_wall,positive,0.0142515954686,0.02,0.780642072805,0.248486089345,1.72548101429e-29,0.00951203773839
two_wall,positive,0.0142515954686,0.02,0.782735196657,0.24915235136,1.77629277173e-29,0.00532590830188
two_wall,positive,0.0142515954686,0.02,0.784828320509,0.249818613375,1.88885674465e-29,0.00113968553072
two_wall,positive,0.0142515954686,0.02,0.78692144436,0.25048487539,1.96353121407e-29,-0.00304655721302
two_wall,positive,0.0142515954686,0.02,0.789014568212,0.251151137405,2.07533529596e-29,-0.00723274656693
two_wall,positive,0.0142515954686,0.02,0.791107692064,0.25181739942,2.14914349876e-29,-0.0114188091695
two_wall,positive,0.0142515954686,0.02,0.793200815915,0.252483661435,2.2955447591e-29,-0.0156046716616
two_wall,positive,0.0142515954686,0.02,0.795293939767,0.25314992345,2.39150331098e-29,-0.0197902606873
two_wall,positive,0.0142515954686,0.02,0.797387063618,0.253816185465,2.50906347235e-29,-0.0239755028957
two_wall,positive,0.0142515954686,0.02,0.79948018747,0.25448244748,2.65987697878e-29,-0.028160324942
two_wall,positive,0.0142515954686,0.02,0.801573311322,0.255148709495,2.69607257195e-29,-0.0323446534886
two_wall,positive,0.0142515954686,0.02,0.803666435173,0.25581497151,2.83165120069e-29,-0.0365284152066
two_wall,positive,0.0142515954686,0.02,0.805759559025,0.256481233525,2.99817743178e-29,-0.0407115367772
two_wall,positive,0.0142515954686,0.02,0.807852682877,0.25714749554,3.15721072035e-29,-0.0448939448926
two_wall,positive,0.0142515954686,0.02,0.809945806728,0.257813757555,3.23813056286e-29,-0.0490755662575
two_wall,positive,0.0142515954686,0.02,0.81203893058,0.25848001957,3.39981025991e-29,-0.0532563275906
two_wall,positive,0.0142515954686,0.02,0.814132054432,0.259146281585,3.41886160859e-29,-0.0574361556256
two_wall,positive,0.0142515954686,0.02,0.816225178283,0.2598125436,3.40385790079e-29,-0.0616149771123
two_wall,positive,0.0142515954686,0.02,0.818318302135,0.260478805615,3.4176988821e-29,-0.0657927188185
two_wall,positive,0.0142515954686,0.02,0.820411425986,0.26114506763,3.44490707011e-29,-0.0699693075307
two_wall,positive,0.0142515954686,0.02,0.822504549838,0.261811329645,3.39670086189e-29,-0.0741446700556
two_wall,positive,0.0142515954686,0.02,0.82459767369,0.26247759166,3.2017511487e-29,-0.0783187332216
two_wall,positive,0.0142515954686,0.02,0.826690797541,0.263143853675,3.21222217904e-29,-0.0824914238797
two_wall,positive,0.0142515954686,0.02,0.828783921393,0.26381011569,3.02358126071e-29,-0.0866626689049
two_wall,positive,0.0142515954686,0.02,0.830877045245,0.264476377705,2.85285794051e-29,-0.0908323951977
two_wall,positive,0.0142515954686,0.02,0.832970169096,0.265142639719,2.71041914467e-29,-0.095000529685
two_wall,positive,0.0142515954686,0.02,0.835063292948,0.265808901734,2.62100057926e-29,-0.0991669993219
two_wall,positive,0.0142515954686,0.02,0.837156416799,0.266475163749,2.47493191639e-29,-0.103331731092
two_wall,positive,0.0142515954686,0.02,0.839249540651,0.267141425764,2.30146272485e-29,-0.107494652011
two_wall,positive,0.0142515954686,0.02,0.841342664503,0.267807687779,2.13278977972e-29,-0.111655689124
two_wall,positive,0.0142515954686,0.02,0.843435788354,0.268473949794,2.0719831743e-29,-0.115814769511
two_wall,positive,0.0142515954686,0.02,0.845528912206,0.269140211809,2.00927162051e-29,-0.119971820285
two_wall,positive,0.0142515954686,0.02,0.847622036058,0.269806473824,1.84658313069e-29,-0.124126768596
two_wall,positive,0.0142515954686,0.02,0.849715159909,0.270472735839,1.8068221243e-29,-0.128279541629
two_wall,positive,0.0142515954686,0.02,0.851808283761,0.271138997854,1.68631804612e-29,-0.132430066609
two_wall,positive,0.0142515954686,0.02,0.853901407612,0.271805259869,1.61474695735e-29,-0.1365782708
two_wall,positive,0.0142515954686,0.02,0.855994531464,0.272471521884,1.57926270489e-29,-0.140724081504
two_wall,positive,0.0142515954686,0.02,0.858087655316,0.273137783899,1.55590224309e-29,-0.144867426069
two_wall,positive,0.0142515954686,0.02,0.860180779167,0.273804045914,1.52841144797e-29,-0.149008231884
two_wall,positive,0.0142515954686,0.02,0.862273903019,0.274470307929,1.51398865286e-29,-0.153146426383
two_wall,positive,0.0142515954686,0.02,0.864367026871,0.275136569944,1.41483196611e-29,-0.157281937045
two_wall,positive,0.0142515954686,0.02,0.866460150722,0.275802831959,1.43119809343e-29,-0.161414691397
two_wall,positive,0.0142515954686,0.02,0.868553274574,0.276469093974,1.37871595683e-29,-0.165544617015
two_wall,positive,0.0142515954686,0.02,0.870646398425,0.277135355989,1.29435446512e-29,-0.169671641521
two_wall,positive,0.0142515954686,0.02,0.872739522277,0.277801618004,1.20957551996e-29,-0.173795692593
two_wall,positive,0.0142515954686,0.02,0.874832646129,0.278467880019,1.14708095384e-29,-0.177916697956
two_wall,positive,0.0142515954686,0.02,0.87692576998,0.279134142034,1.02040043506e-29,-0.182034585393
two_wall,positive,0.0142515954686,0.02,0.879018893832,0.279800404049,9.43172441415e-30,-0.186149282739
two_wall,positive,0.0142515954686,0.02,0.881112017684,0.280466666064,7.92496171843e-30,-0.190260717884
two_wall,positive,0.0142515954686,0.02,0.883205141535,0.281132928079,6.67460544895e-30,-0.194368818779
two_wall,positive,0.0142515954686,0.02,0.885298265387,0.281799190094,5.90716171528e-30,-0.198473513428
two_wall,positive,0.0142515954686,0.02,0.887391389238,0.282465452109,4.88016312398e-30,-0.2025747299
two_wall,positive,0.0142515954686,0.02,0.88948451309,0.283131714124,3.50749577482e-30,-0.206672396322
two_wall,positive,0.0142515954686,0.02,0.891577636942,0.283797976139,2.80805279916e-30,-0.210766440884
two_wall,positive,0.0142515954686,0.02,0.893670760793,0.284464238154,2.21672200128e-30,-0.214856791839
two_wall,positive,0.0142515954686,0.02,0.895763884645,0.285130500169,1.73588048876e-30,-0.218943377505
two_wall,positive,0.0142515954686,0.02,0.897857008497,0.285796762184,1.21530128852e-30,-0.223026126266
two_wall,positive,0.0142515954686,0.02,0.899950132348,0.286463024199,9.65415817281e-31,-0.227104966574
two_wall,positive,0.0142515954686,0.02,0.9020432562,0.287129286214,6.67150552852e-31,-0.231179826948
two_wall,positive,0.0142515954686,0.02,0.904136380052,0.287795548229,7.1540651814e-31,-0.235250635978
two_wall,positive,0.0142515954686,0.02,0.906229503903,0.288461810244,5.31732515938e-31,-0.239317322324
two_wall,positive,0.0142515954686,0.02,0.908322627755,0.289128072259,6.55757993823e-31,-0.243379814719
two_wall,positive,0.0142515954686,0.02,0.910415751606,0.289794334274,5.56068979865e-31,-0.24743804197
two_wall,positive,0.0142515954686,0.02,0.912508875458,0.290460596289,7.92279766643e-31,-0.251491932956
two_wall,positive,0.0142515954686,0.02,0.91460199931,0.291126858304,8.0223373516e-31,-0.255541416637
two_wall,positive,0.0142515954686,0.02,0.916695123161,0.291793120319,9.6001496504e-31,-0.259586422044
two_wall,positive,0.0142515954686,0.02,0.918788247013,0.292459382334,1.1388930213e-30,-0.263626878292
two_wall,positive,0.0142515954686,0.02,0.920881370865,0.293125644349,1.17771845834e-30,-0.267662714573
two_wall,positive,0.0142515954686,0.02,0.922974494716,0.293791906364,1.31206529988e-30,-0.27169386016
two_wall,positive,0.0142515954686,0.02,0.925067618568,0.294458168379,1.33078495744e-30,-0.275720244409
two_wall,positive,0.0142515954686,0.02,0.927160742419,0.295124430394,1.41857943922e-30,-0.279741796758
two_wall,positive,0.0142515954686,0.02,0.929253866271,0.295790692409,1.19133925683e-30,-0.283758446732
two_wall,positive,0.0142515954686,0.02,0.931346990123,0.296456954424,1.12375206692e-30,-0.287770123941
two_wall,positive,0.0142515954686,0.02,0.933440113974,0.297123216439,1.10483350897e-30,-0.29177675808
two_wall,positive,0.0142515954686,0.02,0.935533237826,0.297789478454,9.96697087665e-31,-0.295778278935
two_wall,positive,0.0142515954686,0.02,0.937626361678,0.298455740469,7.73801153214e-31,-0.299774616381
two_wall,positive,0.0142515954686,0.02,0.939719485529,0.299122002483,5.31288045012e-31,-0.303765700384
two_wall,positive,0.0142515954686,0.02,0.941812609381,0.299788264498,5.26819542314e-31,-0.307751461001
two_wall,positive,0.0142515954686,0.02,0.943905733232,0.300454526513,4.53472126267e-31,-0.311731828383
two_wall,positive,0.0142515954686,0.02,0.945998857084,0.301120788528,5.9339056177e-31,-0.315706732775
two_wall,positive,0.0142515954686,0.02,0.948091980936,0.301787050543,7.2388169706e-31,-0.31967610452
two_wall,positive,0.0142515954686,0.02,0.950185104787,0.302453312558,7.09833139896e-31,-0.323639874054
two_wall,positive,0.0142515954686,0.02,0.952278228639,0.303119574573,1.1161754927e-30,-0.327597971915
two_wall,positive,0.0142515954686,0.02,0.954371352491,0.303785836588,1.3855702535e-30,-0.331550328738
two_wall,positive,0.0142515954686,0.02,0.956464476342,0.304452098603,1.45778296395e-30,-0.335496875259
two_wall,positive,0.0142515954686,0.02,0.958557600194,0.305118360618,1.52370240575e-30,-0.339437542317
two_wall,positive,0.0142515954686,0.02,0.960650724045,0.305784622633,1.72905192697e-30,-0.343372260853
two_wall,positive,0.0142515954686,0.02,0.962743847897,0.306450884648,1.65815673127e-30,-0.347300961912
two_wall,positive,0.0142515954686,0.02,0.964836971749,0.307117146663,1.61483260879e-30,-0.351223576645
two_wall,positive,0.0142515954686,0.02,0.9669300956,0.307783408678,1.4350822566e-30,-0.35514003631
two_wall,positive,0.0142515954686,0.02,0.969023219452,0.308449670693,1.14986001315e-30,-0.359050272272
two_wall,positive,0.0142515954686,0.02,0.971116343304,0.309115932708,9.38285456018e-31,-0.362954216006
two_wall,positive,0.0142515954686,0.02,0.973209467155,0.309782194723,6.70958935625e-31,-0.366851799096
two_wall,positive,0.0142515954686,0.02,0.975302591007,0.310448456738,6.05074282493e-31,-0.370742953239
two_wall,positive,0.0142515954686,0.02,0.977395714858,0.311114718753,3.8264607178e-31,-0.374627610244
two_wall,positive,0.0142515954686,0.02,0.97948883871,0.311780980768,2.01342262874e-31,-0.378505702033
two_wall,positive,0.0142515954686,0.02,0.981581962562,0.312447242783,1.8513981437e-31,-0.382377160645
two_wall,positive,0.0142515954686,0.02,0.983675086413,0.313113504798,1.35190799671e-31,-0.386241918232
two_wall,positive,0.0142515954686,0.02,0.985768210265,0.313779766813,1.25402313183e-31,-0.390099907068
two_wall,positive,0.0142515954686,0.02,0.987861334117,0.314446028828,1.76998680279e-31,-0.393951059541
two_wall,positive,0.0142515954686,0.02,0.989954457968,0.315112290843,1.68643407285e-31,-0.397795308163
two_wall,positive,0.0142515954686,0.02,0.99204758182,0.315778552858,2.25664129239e-31,-0.401632585563
two_wall,positive,0.0142515954686,0.02,0.994140705671,0.316444814873,2.82150926418e-31,-0.405462824494
two_wall,positive,0.0142515954686,0.02,0.996233829523,0.317111076888,4.90427198097e-31,-0.409285957834
two_wall,positive,0.0142515954686,0.02,0.998326953375,0.317777338903,5.82566532663e-31,-0.413101918584
two_wall,positive,0.0142515954686,0.02,1.00042007723,0.318443600918,8.61799102835e-31,-0.416910639869
two_wall,positive,0.0142515954686,0.02,1.00251320108,0.319109862933,1.23155749007e-30,-0.420712054943
two_wall,positive,0.0142515954686,0.02,1.00460632493,0.319776124948,1.36989202454e-30,-0.424506097188
two_wall,positive,0.0142515954686,0.02,1.00669944878,0.320442386963,2.01113174358e-30,-0.428292700115
two_wall,positive,0.0142515954686,0.02,1.00879257263,0.321108648978,2.1342223126e-30,-0.432071797365
two_wall,positive,0.0142515954686,0.02,1.01088569648,0.321774910993,2.60231029503e-30,-0.435843322711
two_wall,positive,0.0142515954686,0.02,1.01297882034,0.322441173008,2.73994933551e-30,-0.439607210057
two_wall,positive,0.0142515954686,0.02,1.01507194419,0.323107435023,2.99155941341e-30,-0.443363393443
two_wall,positive,0.0142515954686,0.02,1.01716506804,0.323773697038,3.04169606488e-30,-0.447111807043
two_wall,positive,0.0142515954686,0.02,1.01925819189,0.324439959053,2.95453677001e-30,-0.450852385168
two_wall,positive,0.0142515954686,0.02,1.02135131574,0.325106221068,2.62582846188e-30,-0.454585062266
two_wall,positive,0.0142515954686,0.02,1.02344443959,0.325772483083,2.40794790075e-30,-0.458309772922
two_wall,positive,0.0142515954686,0.02,1.02553756345,0.326438745098,2.34338810123e-30,-0.462026451862
two_wall,positive,0.0142515954686,0.02,1.0276306873,0.327105007113,1.78728005407e-30,-0.465735033953
two_wall,positive,0.0142515954686,0.02,1.02972381115,0.327771269128,1.33709355742e-30,-0.469435454203
two_wall,positive,0.0142515954686,0.02,1.031816935,0.328437531143,1.08183077917e-30,-0.473127647764
two_wall,positive,0.0142515954686,0.02,1.03391005885,0.329103793158,9.52591381369e-31,-0.476811549931
two_wall,positive,0.0142515954686,0.02,1.0360031827,0.329770055173,7.29957507325e-31,-0.480487096145
two_wall,positive,0.0142515954686,0.02,1.03809630656,0.330436317188,5.12581289487e-31,-0.484154221994
two_wall,positive,0.0142515954686,0.02,1.04018943041,0.331102579203,5.36637424064e-31,-0.487812863213
two_wall,positive,0.0142515954686,0.02,1.04228255426,0.331768841218,5.02358383217e-31,-0.491462955684
two_wall,positive,0.0142515954686,0.02,1.04437567811,0.332435103232,6.64341776243e-31,-0.495104435443
two_wall,positive,0.0142515954686,0.02,1.04646880196,0.333101365247,4.5032489354e-31,-0.498737238672
two_wall,positive,0.0142515954686,0.02,1.04856192581,0.333767627262,5.67941226545e-31,-0.502361301708
two_wall,positive,0.0142515954686,0.02,1.05065504967,0.334433889277,6.81504263373e-31,-0.505976561041
two_wall,positive,0.0142515954686,0.02,1.05274817352,0.335100151292,8.55078597211e-31,-0.509582953315
two_wall,positive,0.0142515954686,0.02,1.05484129737,0.335766413307,9.09440602276e-31,-0.513180415329
two_wall,positive,0.0142515954686,0.02,1.05693442122,0.336432675322,1.07061543878e-30,-0.516768884039
two_wall,positive,0.0142515954686,0.02,1.05902754507,0.337098937337,1.35334651658e-30,-0.520348296558
two_wall,positive,0.0142515954686,0.02,1.06112066892,0.337765199352,1.54902017863e-30,-0.523918590158
two_wall,positive,0.0142515954686,0.02,1.06321379278,0.338431461367,1.70277547069e-30,-0.527479702272
two_wall,positive,0.0142515954686,0.02,1.06530691663,0.339097723382,1.96580480392e-30,-0.531031570491
two_wall,positive,0.0142515954686,0.02,1.06740004048,0.339763985397,1.85325368198e-30,-0.534574132571
two_wall,positive,0.0142515954686,0.02,1.06949316433,0.340430247412,1.90568446339e-30,-0.538107326429
two_wall,positive,0.0142515954686,0.02,1.07158628818,0.341096509427,1.9449957158e-30,-0.541631090148
two_wall,positive,0.0142515954686,0.02,1.07367941203,0.341762771442,1.86488210492e-30,-0.545145361975
two_wall,positive,0.0142515954686,0.02,1.07577253588,0.342429033457,1.62921800024e-30,-0.548650080323
two_wall,positive,0.0142515954686,0.02,1.07786565974,0.343095295472,1.54688931394e-30,-0.552145183774
two_wall,positive,0.0142515954686,0.02,1.07995878359,0.343761557487,1.20811576076e-30,-0.555630611077
two_wall,positive,0.0142515954686,0.02,1.08205190744,0.344427819502,9.54077051816e-31,-0.559106301151
two_wall,positive,0.0142515954686,0.02,1.08414503129,0.345094081517,8.86068178944e-31,-0.562572193086
two_wall,positive,0.0142515954686,0.02,1.08623815514,0.345760343532,6.54729177123e-31,-0.566028226143
two_wall,positive,0.0142515954686,0.02,1.08833127899,0.346426605547,2.43056843036e-31,-0.569474339757
two_wall,positive,0.0142515954686,0.02,1.09042440285,0.347092867562,3.38797189353e-31,-0.572910473536
two_wall,positive,0.0142515954686,0.02,1.0925175267,0.347759129577,3.04140185445e-31,-0.576336567263
two_wall,positive,0.0142515954686,0.02,1.09461065055,0.348425391592,2.79471559795e-31,-0.579752560896
two_wall,positive,0.0142515954686,0.02,1.0967037744,0.349091653607,3.10987137801e-31,-0.583158394572
two_wall,positive,0.0142515954686,0.02,1.09879689825,0.349757915622,3.40658646483e-31,-0.586554008605
two_wall,positive,0.0142515954686,0.02,1.1008900221,0.350424177637,3.51646176451e-31,-0.589939343487
two_wall,positive,0.0142515954686,0.02,1.10298314596,0.351090439652,4.01231685727e-31,-0.593314339893
two_wall,positive,0.0142515954686,0.02,1.10507626981,0.351756701667,2.07467327707e-31,-0.596678938675
two_wall,positive,0.0142515954686,0.02,1.10716939366,0.352422963682,2.85054563051e-31,-0.600033080871
two_wall,positive,0.0142515954686,0.02,1.10926251751,0.353089225697,1.74939448988e-31,-0.603376707702
two_wall,positive,0.0142515954686,0.02,1.11135564136,0.353755487712,8.39062979371e-32,-0.606709760569
two_wall,positive,0.0142515954686,0.02,1.11344876521,0.354421749727,4.15151574057e-32,-0.610032181065
two_wall,positive,0.0142515954686,0.02,1.11554188907,0.355088011742,5.15972960755e-32,-0.613343910963
two_wall,positive,0.0142515954686,0.02,1.11763501292,0.355754273757,6.61559776743e-32,-0.616644892227
two_wall,positive,0.0142515954686,0.02,1.11972813677,0.356420535772,9.5971494349e-32,-0.61993506701
two_wall,positive,0.0142515954686,0.02,1.12182126062,0.357086797787,2.18203053353e-31,-0.62321437765
two_wall,positive,0.0142515954686,0.02,1.12391438447,0.357753059802,2.35993879984e-31,-0.62648276668
two_wall,positive,0.0142515954686,0.02,1.12600750832,0.358419321817,4.55291250654e-31,-0.629740176823
two_wall,positive,0.0142515954686,0.02,1.12810063218,0.359085583832,4.68811479528e-31,-0.632986550993
two_wall,positive,0.0142515954686,0.02,1.13019375603,0.359751845847,4.92119362573e-31,-0.636221832299
two_wall,positive,0.0142515954686,0.02,1.13228687988,0.360418107862,4.59354638339e-31,-0.639445964044
two_wall,positive,0.0142515954686,0.02,1.13438000373,0.361084369877,4.16961536655e-31,-0.642658889726
two_wall,positive,0.0142515954686,0.02,1.13647312758,0.361750631892,3.67495956553e-31,-0.645860553039
two_wall,positive,0.0142515954686,0.02,1.13856625143,0.362416893907,2.34259205493e-31,-0.649050897876
two_wall,positive,0.0142515954686,0.02,1.14065937529,0.363083155922,1.89991046173e-31,-0.652229868327
two_wall,positive,0.0142515954686,0.02,1.14275249914,0.363749417937,8.39875488228e-32,-0.655397408681
two_wall,positive,0.0142515954686,0.02,1.14484562299,0.364415679952,1.95410519845e-31,-0.658553463429
two_wall,positive,0.0142515954686,0.02,1.14693874684,0.365081941967,2.07990652554e-31,-0.661697977262
two_wall,positive,0.0142515954686,0.02,1.14903187069,0.365748203981,1.77694176598e-31,-0.664830895073
two_wall,positive,0.0142515954686,0.02,1.15112499454,0.366414465996,3.04625699502e-31,-0.66795216196
two_wall,positive,0.0142515954686,0.02,1.1532181184,0.367080728011,3.46487004732e-31,-0.671061723222
two_wall,positive,0.0142515954686,0.02,1.15531124225,0.367746990026,2.93486377678e-31,-0.674159524366
two_wall,positive,0.0142515954686,0.02,1.1574043661,0.368413252041,2.90550775109e-31,-0.677245511105
two_wall,positive,0.0142515954686,0.02,1.15949748995,0.369079514056,2.55771421419e-31,-0.680319629357
two_wall,positive,0.0142515954686,0.02,1.1615906138,0.369745776071,2.09905972337e-31,-0.683381825249
two_wall,positive,0.0142515954686,0.02,1.16368373765,0.370412038086,1.43431541232e-31,-0.686432045118
two_wall,positive,0.0142515954686,0.02,1.1657768615,0.371078300101,9.12573292016e-32,-0.68947023551
two_wall,positive,0.0142515954686,0.02,1.16786998536,0.371744562116,1.09794938296e-31,-0.692496343181
two_wall,positive,0.0142515954686,0.02,1.16996310921,0.372410824131,9.6281601399e-32,-0.6955103151
two_wall,positive,0.0142515954686,0.02,1.17205623306,0.373077086146,1.336533843e-31,-0.698512098448
two_wall,positive,0.0142515954686,0.02,1.17414935691,0.373743348161,2.40427958347e-31,-0.70150164062
two_wall,positive,0.0142515954686,0.02,1.17624248076,0.374409610176,4.11947454116e-31,-0.704478889225
two_wall,positive,0.0142515954686,0.02,1.17833560461,0.375075872191,5.44155763903e-31,-0.707443792089
two_wall,positive,0.0142515954686,0.02,1.18042872847,0.375742134206,7.66269064116e-31,-0.710396297251
two_wall,positive,0.0142515954686,0.02,1.18252185232,0.376408396221,8.50873858613e-31,-0.713336352972
two_wall,positive,0.0142515954686,0.02,1.18461497617,0.377074658236,9.13252319718e-31,-0.716263907726
two_wall,positive,0.0142515954686,0.02,1.18670810002,0.377740920251,8.72711170902e-31,-0.719178910211
two_wall,positive,0.0142515954686,0.02,1.18880122387,0.378407182266,7.22669580014e-31,-0.722081309341
two_wall,positive,0.0142515954686,0.02,1.19089434772,0.379073444281,6.35424010736e-31,-0.724971054252
two_wall,positive,0.0142515954686,0.02,1.19298747158,0.379739706296,4.41452981e-31,-0.727848094304
two_wall,positive,0.0142515954686,0.02,1.19508059543,0.380405968311,3.17908767985e-31,-0.730712379077
two_wall,positive,0.0142515954686,0.02,1.19717371928,0.381072230326,1.18467867534e-31,-0.733563858376
two_wall,positive,0.0142515954686,0.02,1.19926684313,0.381738492341,1.30037247816e-31,-0.736402482229
two_wall,positive,0.0142515954686,0.02,1.20135996698,0.382404754356,4.95717127465e-32,-0.73922820089
two_wall,positive,0.0142515954686,0.02,1.20345309083,0.383071016371,2.3337839686e-32,-0.74204096484
two_wall,positive,0.0142515954686,0.02,1.20554621469,0.383737278386,4.18974771288e-32,-0.744840724787
two_wall,positive,0.0142515954686,0.02,1.20763933854,0.384403540401,1.10696422421e-31,-0.747627431664
two_wall,positive,0.0142515954686,0.02,1.20973246239,0.385069802416,1.67143994407e-31,-0.750401036637
two_wall,positive,0.0142515954686,0.02,1.21182558624,0.385736064431,2.71065070165e-31,-0.753161491099
two_wall,positive,0.0142515954686,0.02,1.21391871009,0.386402326446,3.39161656283e-31,-0.755908746673
two_wall,positive,0.0142515954686,0.02,1.21601183394,0.387068588461,2.20933889282e-31,-0.758642755215
two_wall,positive,0.0142515954686,0.02,1.2181049578,0.387734850476,2.53584250172e-31,-0.761363468814
two_wall,positive,0.0142515954686,0.02,1.22019808165,0.388401112491,2.44992494941e-31,-0.764070839788
two_wall,positive,0.0142515954686,0.02,1.2222912055,0.389067374506,1.79843137225e-31,-0.766764820692
two_wall,positive,0.0142515954686,0.02,1.22438432935,0.389733636521,1.29195759693e-31,-0.769445364316
two_wall,positive,0.0142515954686,0.02,1.2264774532,0.390399898536,4.14220506085e-32,-0.772112423684
two_wall,positive,0.0142515954686,0.02,1.22857057705,0.391066160551,2.36378058456e-34,-0.774765952056
two_wall,positive,0.0142515954686,0.02,1.23066370091,0.391732422566,1.45133155451e-32,-0.77740590293
two_wall,positive,0.0142515954686,0.02,1.23275682476,0.392398684581,2.73653554625e-33,-0.780032230043
two_wall,positive,0.0142515954686,0.02,1.23484994861,0.393064946596,1.73817422146e-32,-0.782644887368
two_wall,positive,0.0142515954686,0.02,1.23694307246,0.393731208611,5.00945520907e-32,-0.78524382912
two_wall,positive,0.0142515954686,0.02,1.23903619631,0.394397470626,1.26595018475e-31,-0.787829009753
two_wall,positive,0.0142515954686,0.02,1.24112932016,0.395063732641,1.18891014138e-31,-0.790400383963
two_wall,positive,0.0142515954686,0.02,1.24322244402,0.395729994656,7.01061654477e-32,-0.792957906688
two_wall,positive,0.0142515954686,0.02,1.24531556787,0.396396256671,2.31230345726e-32,-0.795501533107
two_wall,positive,0.0142515954686,0.02,1.24740869172,0.397062518686,6.40520249721e-32,-0.798031218645
two_wall,positive,0.0142515954686,0.02,1.24950181557,0.397728780701,9.86668347835e-32,-0.80054691897
two_wall,positive,0.0142515954686,0.02,1.25159493942,0.398395042716,1.6805366845e-31,-0.803048589995
two_wall,positive,0.0142515954686,0.02,1.25368806327,0.399061304731,1.58244925279e-31,-0.805536187879
two_wall,positive,0.0142515954686,0.02,1.25578118712,0.399727566745,4.72027274005e-31,-0.808009669027
two_wall,positive,0.0142515954686,0.02,1.25787431098,0.40039382876,5.94021137094e-31,-0.810468990094
two_wall,positive,0.0142515954686,0.02,1.25996743483,0.401060090775,7.34261939398e-31,-0.81291410798
two_wall,positive,0.0142515954686,0.02,1.26206055868,0.40172635279,9.54568309433e-31,-0.815344979836
two_wall,positive,0.0142515954686,0.02,1.26415368253,0.402392614805,1.35556103185e-30,-0.817761563061
two_wall,positive,0.0142515954686,0.02,1.26624680638,0.40305887682,1.43365097933e-30,-0.820163815305
two_wall,positive,0.0142515954686,0.02,1.26833993023,0.403725138835,1.25074491209e-30,-0.822551694471
two_wall,positive,0.0142515954686,0.02,1.27043305409,0.40439140085,1.54030902342e-30,-0.82492515871
two_wall,positive,0.0142515954686,0.02,1.27252617794,0.405057662865,1.42550988421e-30,-0.82728416643
two_wall,positive,0.0142515954686,0.02,1.27461930179,0.40572392488,1.45206463686e-30,-0.829628676289
two_wall,positive,0.0142515954686,0.02,1.27671242564,0.406390186895,1.11233120488e-30,-0.8319586472
two_wall,positive,0.0142515954686,0.02,1.27880554949,0.40705644891,8.62309231922e-31,-0.834274038332
two_wall,positive,0.0142515954686,0.02,1.28089867334,0.407722710925,7.08682719228e-31,-0.836574809109
two_wall,positive,0.0142515954686,0.02,1.2829917972,0.40838897294,4.00305362999e-31,-0.838860919209
two_wall,positive,0.0142515954686,0.02,1.28508492105,0.409055234955,4.04529782565e-31,-0.841132328571
two_wall,positive,0.0142515954686,0.02,1.2871780449,0.40972149697,2.42561551789e-31,-0.843388997387
two_wall,positive,0.0142515954686,0.02,1.28927116875,0.410387758985,1.93411255785e-31,-0.845630886112
two_wall,positive,0.0142515954686,0.02,1.2913642926,0.411054021,2.12846201065e-31,-0.847857955456
two_wall,positive,0.0142515954686,0.02,1.29345741645,0.411720283015,1.86472289787e-31,-0.850070166391
two_wall,positive,0.0142515954686,0.02,1.29555054031,0.41238654503,3.75483411967e-31,-0.852267480148
two_wall,positive,0.0142515954686,0.02,1.29764366416,0.413052807045,4.09321193528e-31,-0.854449858222
two_wall,positive,0.0142515954686,0.02,1.29973678801,0.41371906906,3.48471295166e-31,-0.856617262365
two_wall,positive,0.0142515954686,0.02,1.30182991186,0.414385331075,4.29889049928e-31,-0.858769654596
two_wall,positive,0.0142515954686,0.02,1.30392303571,0.41505159309,4.19444178629e-31,-0.860906997194
two_wall,positive,0.0142515954686,0.02,1.30601615956,0.415717855105,3.05589351269e-31,-0.863029252703
two_wall,positive,0.0142515954686,0.02,1.30810928342,0.41638411712,2.67028241782e-31,-0.865136383932
two_wall,positive,0.0142515954686,0.02,1.31020240727,0.417050379135,3.39311539478e-31,-0.867228353953
two_wall,positive,0.0142515954686,0.02,1.31229553112,0.41771664115,3.42142801252e-31,-0.869305126106
two_wall,positive,0.0142515954686,0.02,1.31438865497,0.418382903165,2.85166548325e-31,-0.871366663996
two_wall,positive,0.0142515954686,0.02,1.31648177882,0.41904916518,3.6728052705e-31,-0.873412931495
two_wall,positive,0.0142515954686,0.02,1.31857490267,0.419715427195,4.94168580859e-31,-0.875443892743
two_wall,positive,0.0142515954686,0.02,1.32066802653,0.42038168921,4.34704537531e-31,-0.877459512148
two_wall,positive,0.0142515954686,0.02,1.32276115038,0.421047951225,3.67954146871e-31,-0.879459754388
two_wall,positive,0.0142515954686,0.02,1.32485427423,0.42171421324,4.55534565703e-31,-0.881444584408
two_wall,positive,0.0142515954686,0.02,1.32694739808,0.422380475255,3.71430509636e-31,-0.883413967426
two_wall,positive,0.0142515954686,0.02,1.32904052193,0.42304673727,3.22169742318e-31,-0.885367868928
two_wall,positive,0.0142515954686,0.02,1.33113364578,0.423712999285,2.67406347542e-31,-0.887306254673
two_wall,positive,0.0142515954686,0.02,1.33322676964,0.4243792613,1.0686743218e-31,-0.889229090691
two_wall,positive,0.0142515954686,0.02,1.33531989349,0.425045523315,5.34976550167e-32,-0.891136343287
two_wall,positive,0.0142515954686,0.02,1.33741301734,0.42571178533,8.0271012484e-33,-0.893027979034
two_wall,positive,0.0142515954686,0.02,1.33950614119,0.426378047345,2.27704381189e-32,-0.894903964784
two_wall,positive,0.0142515954686,0.02,1.34159926504,0.42704430936,2.36947527445e-32,-0.896764267661
two_wall,positive,0.0142515954686,0.02,1.34369238889,0.427710571375,7.75421923227e-32,-0.898608855063
two_wall,positive,0.0142515954686,0.02,1.34578551274,0.42837683339,1.27012316741e-31,-0.900437694664
two_wall,positive,0.0142515954686,0.02,1.3478786366,0.429043095405,1.31243378236e-31,-0.902250754415
two_wall,positive,0.0142515954686,0.02,1.34997176045,0.42970935742,1.66180323503e-31,-0.904048002543
two_wall,positive,0.0142515954686,0.02,1.3520648843,0.430375619435,1.84454827689e-31,-0.90582940755
two_wall,positive,0.0142515954686,0.02,1.35415800815,0.43104188145,1.93978782093e-31,-0.90759493822
two_wall,positive,0.0142515954686,0.02,1.356251132,0.431708143465,1.88978182107e-31,-0.909344563612
two_wall,positive,0.0142515954686,0.02,1.35834425585,0.43237440548,9.53363519394e-32,-0.911078253063
two_wall,positive,0.0142515954686,0.02,1.36043737971,0.433040667494,9.44616647369e-32,-0.912795976192
two_wall,positive,0.0142515954686,0.02,1.36253050356,0.433706929509,1.77980469143e-31,-0.914497702897
two_wall,positive,0.0142515954686,0.02,1.36462362741,0.434373191524,4.9674202537e-31,-0.916183403354
two_wall,positive,0.0142515954686,0.02,1.36671675126,0.435039453539,9.19766312061e-31,-0.917853048024
two_wall,positive,0.0142515954686,0.02,1.36880987511,0.435705715554,1.59935396607e-30,-0.919506607645
two_wall,positive,0.0142515954686,0.02,1.37090299896,0.436371977569,2.77518804258e-30,-0.92114405324
two_wall,positive,0.0142515954686,0.02,1.37299612282,0.437038239584,3.78055306977e-30,-0.922765356113
two_wall,positive,0.0142515954686,0.02,1.37508924667,0.437704501599,5.16665254833e-30,-0.924370487851
two_wall,positive,0.0142515954686,0.02,1.37718237052,0.438370763614,7.40143531966e-30,-0.925959420326
two_wall,positive,0.0142515954686,0.02,1.37927549437,0.439037025629,8.3600802503e-30,-0.927532125691
two_wall,positive,0.0142515954686,0.02,1.38136861822,0.439703287644,1.15053473421e-29,-0.929088576386
two_wall,positive,0.0142515954686,0.02,1.38346174207,0.440369549659,1.33320172164e-29,-0.930628745134
two_wall,positive,0.0142515954686,0.02,1.38555486593,0.441035811674,1.70770761608e-29,-0.932152604944
two_wall,positive,0.0142515954686,0.02,1.38764798978,0.441702073689,2.03096605034e-29,-0.933660129112
two_wall,positive,0.0142515954686,0.02,1.38974111363,0.442368335704,2.26757982638e-29,-0.935151291218
two_wall,positive,0.0142515954686,0.02,1.39183423748,0.443034597719,2.83275751589e-29,-0.93662606513
two_wall,positive,0.0142515954686,0.02,1.39392736133,0.443700859734,3.1419866199e-29,-0.938084425003
two_wall,positive,0.0142515954686,0.02,1.39602048518,0.444367121749,4.02480088376e-29,-0.939526345281
two_wall,positive,0.0142515954686,0.02,1.39811360904,0.445033383764,4.56091764071e-29,-0.940951800694
two_wall,positive,0.0142515954686,0.02,1.40020673289,0.445699645779,5.60616466569e-29,-0.942360766261
two_wall,positive,0.0142515954686,0.02,1.40229985674,0.446365907794,6.52192596914e-29,-0.943753217291
two_wall,positive,0.0142515954686,0.02,1.40439298059,0.447032169809,7.92173598451e-29,-0.945129129382
two_wall,positive,0.0142515954686,0.02,1.40648610444,0.447698431824,9.78059463048e-29,-0.946488478421
two_wall,positive,0.0142515954686,0.02,1.40857922829,0.448364693839,1.18961689825e-28,-0.947831240586
two_wall,positive,0.0142515954686,0.02,1.41067235215,0.449030955854,1.42481777788e-28,-0.949157392346
two_wall,positive,0.0142515954686,0.02,1.412765476,0.449697217869,1.78495492729e-28,-0.95046691046
two_wall,positive,0.0142515954686,0.02,1.41485859985,0.450363479884,2.19402148969e-28,-0.95175977198
two_wall,positive,0.0142515954686,0.02,1.4169517237,0.451029741899,2.76228933258e-28,-0.953035954248
two_wall,positive,0.0142515954686,0.02,1.41904484755,0.451696003914,3.38051285573e-28,-0.954295434901
two_wall,positive,0.0142515954686,0.02,1.4211379714,0.452362265929,4.18529540613e-28,-0.955538191865
two_wall,positive,0.0142515954686,0.02,1.42323109526,0.453028527944,5.21090412451e-28,-0.956764203362
two_wall,positive,0.0142515954686,0.02,1.42532421911,0.453694789959,6.45582400625e-28,-0.957973447907
two_wall,positive,0.0142515954686,0.02,1.42741734296,0.454361051974,7.93558813098e-28,-0.959165904309
two_wall,positive,0.0142515954686,0.02,1.42951046681,0.455027313989,9.75123677112e-28,-0.960341551669
two_wall,positive,0.0142515954686,0.02,1.43160359066,0.455693576004,1.191542376e-27,-0.961500369385
two_wall,positive,0.0142515954686,0.02,1.43369671451,0.456359838019,1.46750158144e-27,-0.962642337149
two_wall,positive,0.0142515954686,0.02,1.43578983836,0.457026100034,1.79041372915e-27,-0.963767434948
two_wall,positive,0.0142515954686,0.02,1.43788296222,0.457692362049,2.19347082398e-27,-0.964875643066
two_wall,positive,0.0142515954686,0.02,1.43997608607,0.458358624064,2.68503808137e-27,-0.965966942082
two_wall,positive,0.0142515954686,0.02,1.44206920992,0.459024886079,3.2881854765e-27,-0.967041312871
two_wall,positive,0.0142515954686,0.02,1.44416233377,0.459691148094,4.00396383769e-27,-0.968098736605
two_wall,positive,0.0142515954686,0.02,1.44625545762,0.460357410109,4.87867597554e-27,-0.969139194753
two_wall,positive,0.0142515954686,0.02,1.44834858147,0.461023672124,5.95782233118e-27,-0.970162669081
two_wall,positive,0.0142515954686,0.02,1.45044170533,0.461689934139,7.28990053053e-27,-0.971169141653
two_wall,positive,0.0142515954686,0.02,1.45253482918,0.462356196154,8.89399047284e-27,-0.972158594832
two_wall,positive,0.0142515954686,0.02,1.45462795303,0.463022458169,1.08922153965e-26,-0.973131011278
two_wall,positive,0.0142515954686,0.02,1.45672107688,0.463688720184,1.32978035635e-26,-0.974086373948
two_wall,positive,0.0142515954686,0.02,1.45881420073,0.464354982199,1.62918070023e-26,-0.975024666102
two_wall,positive,0.0142515954686,0.02,1.46090732458,0.465021244214,2.00084013318e-26,-0.975945871295
two_wall,positive,0.0142515954686,0.02,1.46300044844,0.465687506229,2.449082042e-26,-0.976849973383
two_wall,positive,0.0142515954686,0.02,1.46509357229,0.466353768244,3.00722512765e-26,-0.977736956524
two_wall,positive,0.0142515954686,0.02,1.46718669614,0.467020030258,3.6899138376e-26,-0.978606805172
two_wall,positive,0.0142515954686,0.02,1.46927981999,0.467686292273,4.53688533993e-26,-0.979459504084
two_wall,positive,0.0142515954686,0.02,1.47137294384,0.468352554288,5.57255161058e-26,-0.980295038317
two_wall,positive,0.0142515954686,0.02,1.47346606769,0.469018816303,6.85068734619e-26,-0.981113393228
two_wall,positive,0.0142515954686,0.02,1.47555919155,0.469685078318,8.42031383134e-26,-0.981914554476
two_wall,positive,0.0142515954686,0.02,1.4776523154,0.470351340333,1.03503780264e-25,-0.982698508021
two_wall,positive,0.0142515954686,0.02,1.47974543925,0.471017602348,1.27313434686e-25,-0.983465240124
two_wall,positive,0.0142515954686,0.02,1.4818385631,0.471683864363,1.56577276039e-25,-0.984214737348
two_wall,positive,0.0142515954686,0.02,1.48393168695,0.472350126378,1.92464988912e-25,-0.984946986559
two_wall,positive,0.0142515954686,0.02,1.4860248108,0.473016388393,2.36706289346e-25,-0.985661974925
two_wall,positive,0.0142515954686,0.02,1.48811793466,0.473682650408,2.91024769504e-25,-0.986359689915
two_wall,positive,0.0142515954686,0.02,1.49021105851,0.474348912423,3.57934179334e-25,-0.987040119303
two_wall,positive,0.0142515954686,0.02,1.49230418236,0.475015174438,4.40060585853e-25,-0.987703251163
two_wall,positive,0.0142515954686,0.02,1.49439730621,0.475681436453,5.41121469331e-25,-0.988349073876
two_wall,positive,0.0142515954686,0.02,1.49649043006,0.476347698468,6.6526505557e-25,-0.988977576123
two_wall,positive,0.0142515954686,0.02,1.49858355391,0.477013960483,8.18543462091e-25,-0.989588746889
two_wall,positive,0.0142515954686,0.02,1.50067667777,0.477680222498,1.00684324625e-24,-0.990182575465
two_wall,positive,0.0142515954686,0.02,1.50276980162,0.478346484513,1.23853570003e-24,-0.990759051443
two_wall,positive,0.0142515954686,0.02,1.50486292547,0.479012746528,1.52328116903e-24,-0.991318164722
two_wall,positive,0.0142515954686,0.02,1.50695604932,0.479679008543,1.87442350746e-24,-0.991859905502
two_wall,positive,0.0142515954686,0.02,1.50904917317,0.480345270558,2.30683122047e-24,-0.99238426429
two_wall,positive,0.0142515954686,0.02,1.51114229702,0.481011532573,2.83911353848e-24,-0.992891231897
two_wall,positive,0.0142515954686,0.02,1.51323542088,0.481677794588,3.49504686879e-24,-0.993380799439
two_wall,positive,0.0142515954686,0.02,1.51532854473,0.482344056603,4.302305055e-24,-0.993852958335
two_wall,positive,0.0142515954686,0.02,1.51742166858,0.483010318618,5.29806056194e-24,-0.994307700312
two_wall,positive,0.0142515954686,0.02,1.51951479243,0.483676580633,6.52431507384e-24,-0.994745017401
two_wall,positive,0.0142515954686,0.02,1.52160791628,0.484342842648,8.03477743462e-24,-0.995164901936
two_wall,positive,0.0142515954686,0.02,1.52370104013,0.485009104663,9.89648526044e-24,-0.995567346561
two_wall,positive,0.0142515954686,0.02,1.52579416398,0.485675366678,1.21908289723e-23,-0.995952344222
two_wall,positive,0.0142515954686,0.02,1.52788728784,0.486341628693,1.50174794009e-23,-0.996319888173
two_wall,positive,0.0142515954686,0.02,1.52998041169,0.487007890708,1.85012205994e-23,-0.996669971972
two_wall,positive,0.0142515954686,0.02,1.53207353554,0.487674152723,2.27960291926e-23,-0.997002589485
two_wall,positive,0.0142515954686,0.02,1.53416665939,0.488340414738,2.80886449572e-23,-0.997317734881
two_wall,positive,0.0142515954686,0.02,1.53625978324,0.489006676753,3.46114461591e-23,-0.99761540264
two_wall,positive,0.0142515954686,0.02,1.53835290709,0.489672938768,4.26513686806e-23,-0.997895587543
two_wall,positive,0.0142515954686,0.02,1.54044603095,0.490339200783,5.25624288101e-23,-0.998158284681
two_wall,positive,0.0142515954686,0.02,1.5425391548,0.491005462798,6.47774245397e-23,-0.99840348945
two_wall,positive,0.0142515954686,0.02,1.54463227865,0.491671724813,7.98352954673e-23,-0.998631197553
two_wall,positive,0.0142515954686,0.02,1.5467254025,0.492337986828,9.8395499814e-23,-0.998841405
two_wall,positive,0.0142515954686,0.02,1.54881852635,0.493004248843,1.21279663335e-22,-0.999034108107
two_wall,positive,0.0142515954686,0.02,1.5509116502,0.493670510858,1.49486489426e-22,-0.999209303496
two_wall,positive,0.0142515954686,0.02,1.55300477406,0.494336772873,1.84258675678e-22,-0.999366988098
two_wall,positive,0.0142515954686,0.02,1.55509789791,0.495003034888,2.27130406481e-22,-0.999507159148
two_wall,positive,0.0142515954686,0.02,1.55719102176,0.495669296903,2.79979758736e-22,-0.999629814192
two_wall,positive,0.0142515954686,0.02,1.55928414561,0.496335558918,3.45132450225e-22,-0.999734951078
two_wall,positive,0.0142515954686,0.02,1.56137726946,0.497001820933,4.25462744224e-22,-0.999822567965
two_wall,positive,0.0142515954686,0.02,1.56347039331,0.497668082948,5.24487199439e-22,-0.999892663318
two_wall,positive,0.0142515954686,0.02,1.56556351717,0.498334344963,6.46583089142e-22,-0.999945235907
two_wall,positive,0.0142515954686,0.02,1.56765664102,0.499000606978,7.97100590787e-22,-0.999980284811
two_wall,positive,0.0142515954686,0.02,1.56974976487,0.499666868993,9.82670628559e-22,-0.999997809417
two_wall,positive,0.0142515954686,0.02,1.57184288872,0.500333131007,1.21144845741e-21,-0.999997809417
two_wall,positive,0.0142515954686,0.02,1.57393601257,0.500999393022,1.49347768604e-21,-0.999980284811
two_wall,positive,0.0142515954686,0.02,1.57602913642,0.501665655037,1.84116408327e-21,-0.999945235907
two_wall,positive,0.0142515954686,0.02,1.57812226028,0.502331917052,2.26978917474e-21,-0.999892663318
two_wall,positive,0.0142515954686,0.02,1.58021538413,0.502998179067,2.79814937401e-21,-0.999822567965
two_wall,positive,0.0142515954686,0.02,1.58230850798,0.503664441082,3.44944044468e-21,-0.999734951078
two_wall,positive,0.0142515954686,0.02,1.58440163183,0.504330703097,4.25227247505e-21,-0.999629814192
two_wall,positive,0.0142515954686,0.02,1.58649475568,0.504996965112,5.24182021884e-21,-0.999507159148
two_wall,positive,0.0142515954686,0.02,1.58858787953,0.505663227127,6.46146904465e-21,-0.999366988098
two_wall,positive,0.0142515954686,0.02,1.59068100339,0.506329489142,7.96462610445e-21,-0.999209303496
two_wall,positive,0.0142515954686,0.02,1.59277412724,0.506995751157,9.81714684978e-21,-0.999034108107
two_wall,positive,0.0142515954686,0.02,1.59486725109,0.507662013172,1.21000850706e-20,-0.998841405
two_wall,positive,0.0142515954686,0.02,1.59696037494,0.508328275187,1.49132686562e-20,-0.998631197553
two_wall,positive,0.0142515954686,0.02,1.59905349879,0.508994537202,1.83796500723e-20,-0.99840348945
two_wall,positive,0.0142515954686,0.02,1.60114662264,0.509660799217,2.26505893185e-20,-0.998158284681
two_wall,positive,0.0142515954686,0.02,1.6032397465,0.510327061232,2.79125169923e-20,-0.997895587543
two_wall,positive,0.0142515954686,0.02,1.60533287035,0.510993323247,3.43948477301e-20,-0.99761540264
two_wall,positive,0.0142515954686,0.02,1.6074259942,0.511659585262,4.23800551985e-20,-0.997317734881
two_wall,positive,0.0142515954686,0.02,1.60951911805,0.512325847277,5.2215752221e-20,-0.997002589485
two_wall,positive,0.0142515954686,0.02,1.6116122419,0.512992109292,6.43298173355e-20,-0.996669971972
two_wall,positive,0.0142515954686,0.02,1.61370536575,0.513658371307,7.9248665228e-20,-0.996319888173
two_wall,positive,0.0142515954686,0.02,1.6157984896,0.514324633322,9.76201031918e-20,-0.995952344222
two_wall,positive,0.0142515954686,0.02,1.61789161346,0.514990895337,1.20240683739e-19,-0.995567346561
two_wall,positive,0.0142515954686,0.02,1.61998473731,0.515657157352,1.48090990468e-19,-0.995164901936
two_wall,positive,0.0142515954686,0.02,1.62207786116,0.516323419367,1.82376484984e-19,-0.994745017401
two_wall,positive,0.0142515954686,0.02,1.62417098501,0.516989681382,2.24579124715e-19,-0.994307700312
two_wall,positive,0.0142515954686,0.02,1.62626410886,0.517655943397,2.76521968947e-19,-0.993852958335
two_wall,positive,0.0142515954686,0.02,1.62835723271,0.518322205412,3.40445891962e-19,-0.993380799439
two_wall,positive,0.0142515954686,0.02,1.63045035657,0.518988467427,4.19104846812e-19,-0.992891231897
two_wall,positive,0.0142515954686,0.02,1.63254348042,0.519654729442,5.15884040249e-19,-0.99238426429
two_wall,positive,0.0142515954686,0.02,1.63463660427,0.520320991457,6.3494291558e-19,-0.991859905502
two_wall,positive,0.0142515954686,0.02,1.63672972812,0.520987253472,7.8139174577e-19,-0.991318164722
two_wall,positive,0.0142515954686,0.02,1.63882285197,0.521653515487,9.61508134234e-19,-0.990759051443
two_wall,positive,0.0142515954686,0.02,1.64091597582,0.522319777502,1.1830017393e-18,-0.990182575465
two_wall,positive,0.0142515954686,0.02,1.64300909968,0.522986039517,1.45534103117e-18,-0.989588746889
two_wall,positive,0.0142515954686,0.02,1.64510222353,0.523652301532,1.79014920053e-18,-0.988977576123
two_wall,positive,0.0142515954686,0.02,1.64719534738,0.524318563547,2.20169728025e-18,-0.988349073876
two_wall,positive,0.0142515954686,0.02,1.64928847123,0.524984825562,2.70749572806e-18,-0.987703251163
two_wall,positive,0.0142515954686,0.02,1.65138159508,0.525651087577,3.32903654192e-18,-0.987040119303
two_wall,positive,0.0142515954686,0.02,1.65347471893,0.526317349592,4.09268415833e-18,-0.986359689915
two_wall,positive,0.0142515954686,0.02,1.65556784279,0.526983611607,5.03077879241e-18,-0.985661974925
two_wall,positive,0.0142515954686,0.02,1.65766096664,0.527649873622,6.18298253654e-18,-0.984946986559
two_wall,positive,0.0142515954686,0.02,1.65975409049,0.528316135637,7.59792486664e-18,-0.984214737348
two_wall,positive,0.0142515954686,0.02,1.66184721434,0.528982397652,9.33522240653e-18,-0.983465240124
two_wall,positive,0.0142515954686,0.02,1.66394033819,0.529648659667,1.14679394044e-17,-0.982698508021
two_wall,positive,0.0142515954686,0.02,1.66603346204,0.530314921682,1.40856078343e-17,-0.981914554476
two_wall,positive,0.0142515954686,0.02,1.6681265859,0.530981183697,1.72979153486e-17,-0.981113393228
two_wall,positive,0.0142515954686,0.02,1.67021970975,0.531647445712,2.12392086363e-17,-0.980295038317
two_wall,positive,0.0142515954686,0.02,1.6723128336,0.532313707727,2.6074002152e-17,-0.979459504084
two_wall,positive,0.0142515954686,0.02,1.67440595745,0.532979969742,3.20037109972e-17,-0.978606805172
two_wall,positive,0.0142515954686,0.02,1.6764990813,0.533646231756,3.92748624272e-17,-0.977736956524
two_wall,positive,0.0142515954686,0.02,1.67859220515,0.534312493771,4.81891420021e-17,-0.976849973383
two_wall,positive,0.0142515954686,0.02,1.68068532901,0.534978755786,5.91156244934e-17,-0.975945871295
two_wall,positive,0.0142515954686,0.02,1.68277845286,0.535645017801,7.25057432788e-17,-0.975024666102
two_wall,positive,0.0142515954686,0.02,1.68487157671,0.536311279816,8.89115191349e-17,-0.974086373948
two_wall,positive,0.0142515954686,0.02,1.68696470056,0.536977541831,1.09007800577e-16,-0.973131011278
two_wall,positive,0.0142515954686,0.02,1.68905782441,0.537643803846,1.33619396138e-16,-0.972158594832
two_wall,positive,0.0142515954686,0.02,1.69115094826,0.538310065861,1.6375413162e-16,-0.971169141653
two_wall,positive,0.0142515954686,0.02,1.69324407212,0.538976327876,2.00643131781e-16,-0.970162669081
two_wall,positive,0.0142515954686,0.02,1.69533719597,0.539642589891,2.45789924574e-16,-0.969139194753
two_wall,positive,0.0142515954686,0.02,1.69743031982,0.540308851906,3.01030177405e-16,-0.968098736605
two_wall,positive,0.0142515954686,0.02,1.69952344367,0.540975113921,3.68604513499e-16,-0.967041312871
two_wall,positive,0.0142515954686,0.02,1.70161656752,0.541641375936,4.51247023638e-16,-0.965966942082
two_wall,positive,0.0142515954686,0.02,1.70370969137,0.542307637951,5.52293112953e-16,-0.964875643066
two_wall,positive,0.0142515954686,0.02,1.70580281522,0.542973899966,6.75810484569e-16,-0.963767434948
two_wall,positive,0.0142515954686,0.02,1.70789593908,0.543640161981,8.26758582403e-16,-0.962642337149
two_wall,positive,0.0142515954686,0.02,1.70998906293,0.544306423996,1.01118229641e-15,-0.961500369385
two_wall,positive,0.0142515954686,0.02,1.71208218678,0.544972686011,1.23644731929e-15,-0.960341551669
two_wall,positive,0.0142515954686,0.02,1.71417531063,0.545638948026,1.51152616603e-15,-0.959165904309
two_wall,positive,0.0142515954686,0.02,1.71626843448,0.546305210041,1.84734534593e-15,-0.957973447907
two_wall,positive,0.0142515954686,0.02,1.71836155833,0.546971472056,2.25720676466e-15,-0.956764203362
two_wall,positive,0.0142515954686,0.02,1.72045468219,0.547637734071,2.75729927245e-15,-0.955538191865
two_wall,positive,0.0142515954686,0.02,1.72254780604,0.548303996086,3.36731893442e-15,-0.954295434901
two_wall,positive,0.0142515954686,0.02,1.72464092989,0.548970258101,4.1112214258e-15,-0.953035954248
two_wall,positive,0.0142515954686,0.02,1.72673405374,0.549636520116,5.01813368236e-15,-0.95175977198
two_wall,positive,0.0142515954686,0.02,1.72882717759,0.550302782131,6.12345902917e-15,-0.95046691046
two_wall,positive,0.0142515954686,0.02,1.73092030144,0.550969044146,7.47021540519e-15,-0.949157392346
two_wall,positive,0.0142515954686,0.02,1.7330134253,0.551635306161,9.11065556881e-15,-0.947831240586
two_wall,positive,0.0142515954686,0.02,1.73510654915,0.552301568176,1.11082290745e-14,-0.946488478421
two_wall,positive,0.0142515954686,0.02,1.737199673,0.552967830191,1.35399545019e-14,-0.945129129382
two_wall,positive,0.0142515954686,0.02,1.73929279685,0.553634092206,1.64992900633e-14,-0.943753217291
two_wall,positive,0.0142515954686,0.02,1.7413859207,0.554300354221,2.00996030919e-14,-0.942360766261
two_wall,positive,0.0142515954686,0.02,1.74347904455,0.554966616236,2.44783631857e-14,-0.940951800694
two_wall,positive,0.0142515954686,0.02,1.74557216841,0.555632878251,2.98022074075e-14,-0.939526345281
two_wall,positive,0.0142515954686,0.02,1.74766529226,0.556299140266,3.62730572754e-14,-0.938084425003
two_wall,positive,0.0142515954686,0.02,1.74975841611,0.556965402281,4.41355013357e-14,-0.93662606513
two_wall,positive,0.0142515954686,0.02,1.75185153996,0.557631664296,5.3685703316e-14,-0.935151291218
two_wall,positive,0.0142515954686,0.02,1.75394466381,0.558297926311,6.52821457637e-14,-0.933660129112
two_wall,positive,0.0142515954686,0.02,1.75603778766,0.558964188326,7.93585813716e-14,-0.932152604944
two_wall,positive,0.0142515954686,0.02,1.75813091152,0.559630450341,9.64396407873e-14,-0.930628745134
two_wall,positive,0.0142515954686,0.02,1.76022403537,0.560296712356,1.1715963354e-13,-0.929088576386
two_wall,positive,0.0142515954686,0.02,1.76231715922,0.560962974371,1.42285182129e-13,-0.927532125691
two_wall,positive,0.0142515954686,0.02,1.76441028307,0.561629236386,1.72742465804e-13,-0.925959420326
two_wall,positive,0.0142515954686,0.02,1.76650340692,0.562295498401,2.09649991502e-13,-0.924370487851
two_wall,positive,0.0142515954686,0.02,1.76859653077,0.562961760416,2.54358001681e-13,-0.922765356113
two_wall,positive,0.0142515954686,0.02,1.77068965463,0.563628022431,3.08495837255e-13,-0.92114405324
two_wall,positive,0.0142515954686,0.02,1.77278277848,0.564294284446,3.74028842638e-13,-0.919506607645
two_wall,positive,0.0142515954686,0.02,1.77487590233,0.564960546461,4.53326692665e-13,-0.917853048024
two_wall,positive,0.0142515954686,0.02,1.77696902618,0.565626808476,5.49245416633e-13,-0.916183403354
two_wall,positive,0.0142515954686,0.02,1.77906215003,0.566293070491,6.65225794055e-13,-0.914497702897
two_wall,positive,0.0142515954686,0.02,1.78115527388,0.566959332506,8.05411360797e-13,-0.912795976192
two_wall,positive,0.0142515954686,0.02,1.78324839774,0.56762559452,9.74789848937e-13,-0.911078253063
two_wall,positive,0.0142515954686,0.02,1.78534152159,0.568291856535,1.17936264479e-12,-0.909344563612
two_wall,positive,0.0142515954686,0.02,1.78743464544,0.56895811855,1.42634771538e-12,-0.90759493822
two_wall,positive,0.0142515954686,0.02,1.78952776929,0.569624380565,1.72442249592e-12,-0.90582940755
two_wall,positive,0.0142515954686,0.02,1.79162089314,0.57029064258,2.0840144702e-12,-0.904048002543
two_wall,positive,0.0142515954686,0.02,1.79371401699,0.570956904595,2.51764863888e-12,-0.902250754415
two_wall,positive,0.0142515954686,0.02,1.79580714084,0.57162316661,3.040362807e-12,-0.900437694664
two_wall,positive,0.0142515954686,0.02,1.7979002647,0.572289428625,3.67020368691e-12,-0.898608855063
two_wall,positive,0.0142515954686,0.02,1.79999338855,0.57295569064,4.42881923916e-12,-0.896764267661
two_wall,positive,0.0142515954686,0.02,1.8020865124,0.573621952655,5.34216557969e-12,-0.894903964784
two_wall,positive,0.0142515954686,0.02,1.80417963625,0.57428821467,6.44135016977e-12,-0.893027979034
two_wall,positive,0.0142515954686,0.02,1.8062727601,0.574954476685,7.76363705473e-12,-0.891136343287
two_wall,positive,0.0142515954686,0.02,1.80836588395,0.5756207387,9.35364468483e-12,-0.889229090691
two_wall,positive,0.0142515954686,0.02,1.81045900781,0.576287000715,1.12647724618e-11,-0.887306254673
two_wall,positive,0.0142515954686,0.02,1.81255213166,0.57695326273,1.35608988087e-11,-0.885367868928
two_wall,positive,0.0142515954686,0.02,1.81464525551,0.577619524745,1.63184013618e-11,-0.883413967426
two_wall,positive,0.0142515954686,0.02,1.81673837936,0.57828578676,1.96285591567e-11,-0.881444584408
two_wall,positive,0.0142515954686,0.02,1.81883150321,0.578952048775,2.36004074527e-11,-0.879459754388
two_wall,positive,0.0142515954686,0.02,1.82092462706,0.57961831079,2.83641287033e-11,-0.877459512148
two_wall,positive,0.0142515954686,0.02,1.82301775092,0.580284572805,3.40750781766e-11,-0.875443892743
two_wall,positive,0.0142515954686,0.02,1.82511087477,0.58095083482,4.09185603363e-11,-0.873412931495
two_wall,positive,0.0142515954686,0.02,1.82720399862,0.581617096835,4.91154929742e-11,-0.871366663996
two_wall,positive,0.0142515954686,0.02,1.82929712247,0.58228335885,5.89291202496e-11,-0.869305126106
two_wall,positive,0.0142515954686,0.02,1.83139024632,0.582949620865,7.0672964534e-11,-0.867228353953
two_wall,positive,0.0142515954686,0.02,1.83348337017,0.58361588288,8.47202402949e-11,-0.865136383932
two_wall,positive,0.0142515954686,0.02,1.83557649403,0.584282144895,1.01514992517e-10,-0.863029252703
two_wall,positive,0.0142515954686,0.02,1.83766961788,0.58494840691,1.21585268076e-10,-0.860906997194
two_wall,positive,0.0142515954686,0.02,1.83976274173,0.585614668925,1.45558682126e-10,-0.858769654596
two_wall,positive,0.0142515954686,0.02,1.84185586558,0.58628093094,1.74180804344e-10,-0.856617262365
two_wall,positive,0.0142515954686,0.02,1.84394898943,0.586947192955,2.0833686314e-10,-0.854449858222
two_wall,positive,0.0142515954686,0.02,1.84604211328,0.58761345497,2.49077351598e-10,-0.852267480148
two_wall,positive,0.0142515954686,0.02,1.84813523714,0.588279716985,2.97648218488e-10,-0.850070166391
two_wall,positive,0.0142515954686,0.02,1.85022836099,0.588945979,3.55526444425e-10,-0.847857955456
two_wall,positive,0.0142515954686,0.02,1.85232148484,0.589612241015,4.24461938213e-10,-0.845630886112
two_wall,positive,0.0142515954686,0.02,1.85441460869,0.59027850303,5.06526846609e-10,-0.843388997387
two_wall,positive,0.0142515954686,0.02,1.85650773254,0.590944765045,6.04173553666e-10,-0.841132328571
two_wall,positive,0.0142515954686,0.02,1.85860085639,0.59161102706,7.2030285937e-10,-0.838860919209
two_wall,positive,0.0142515954686,0.02,1.86069398025,0.592277289075,8.58344074537e-10,-0.836574809109
two_wall,positive,0.0142515954686,0.02,1.8627871041,0.59294355109,1.02234905602e-09,-0.834274038332
two_wall,positive,0.0142515954686,0.02,1.86488022795,0.593609813105,1.21710253965e-09,-0.8319586472
two_wall,positive,0.0142515954686,0.02,1.8669733518,0.59427607512,1.44825151371e-09,-0.829628676289
two_wall,positive,0.0142515954686,0.02,1.86906647565,0.594942337135,1.7224568227e-09,-0.82728416643
two_wall,positive,0.0142515954686,0.02,1.8711595995,0.59560859915,2.04757070758e-09,-0.82492515871
two_wall,positive,0.0142515954686,0.02,1.87325272336,0.596274861165,2.4328445861e-09,-0.822551694471
two_wall,positive,0.0142515954686,0.02,1.87534584721,0.59694112318,2.88917206609e-09,-0.820163815305
two_wall,positive,0.0142515954686,0.02,1.87743897106,0.597607385195,3.42937298143e-09,-0.817761563061
two_wall,positive,0.0142515954686,0.02,1.87953209491,0.59827364721,4.06852515692e-09,-0.815344979836
two_wall,positive,0.0142515954686,0.02,1.88162521876,0.598939909225,4.82435166658e-09,-0.81291410798
two_wall,positive,0.0142515954686,0.02,1.88371834261,0.59960617124,5.71767256744e-09,-0.810468990094
two_wall,positive,0.0142515954686,0.02,1.88581146646,0.600272433255,6.77293148883e-09,-0.808009669027
two_wall,positive,0.0142515954686,0.02,1.88790459032,0.600938695269,8.01880906977e-09,-0.805536187879
two_wall,positive,0.0142515954686,0.02,1.88999771417,0.601604957284,9.48893708038e-09,-0.803048589995
two_wall,positive,0.0142515954686,0.02,1.89209083802,0.602271219299,1.12227291871e-08,-0.80054691897
two_wall,positive,0.0142515954686,0.02,1.89418396187,0.602937481314,1.32663467466e-08,-0.798031218645
two_wall,positive,0.0142515954686,0.02,1.89627708572,0.603603743329,1.56738208008e-08,-0.795501533107
two_wall,positive,0.0142515954686,0.02,1.89837020957,0.604270005344,1.85083546263e-08,-0.792957906688
two_wall,positive,0.0142515954686,0.02,1.90046333343,0.604936267359,2.18438348302e-08,-0.790400383963
two_wall,positive,0.0142515954686,0.02,1.90255645728,0.605602529374,2.57665831501e-08,-0.787829009753
two_wall,positive,0.0142515954686,0.02,1.90464958113,0.606268791389,3.03773858482e-08,-0.78524382912
two_wall,positive,0.0142515954686,0.02,1.90674270498,0.606935053404,3.57938430141e-08,-0.782644887368
two_wall,positive,0.0142515954686,0.02,1.90883582883,0.607601315419,4.21530862384e-08,-0.780032230043
two_wall,positive,0.0142515954686,0.02,1.91092895268,0.608267577434,4.96149201475e-08,-0.77740590293
two_wall,positive,0.0142515954686,0.02,1.91302207654,0.608933839449,5.83654512474e-08,-0.774765952056
two_wall,positive,0.0142515954686,0.02,1.91511520039,0.609600101464,6.8621276594e-08,-0.772112423684
two_wall,positive,0.0142515954686,0.02,1.91720832424,0.610266363479,8.06343150777e-08,-0.769445364316
two_wall,positive,0.0142515954686,0.02,1.91930144809,0.610932625494,9.46973757592e-08,-0.766764820692
two_wall,positive,0.0142515954686,0.02,1.92139457194,0.611598887509,1.11150570899e-07,-0.764070839788
two_wall,positive,0.0142515954686,0.02,1.92348769579,0.612265149524,1.30388696235e-07,-0.761363468814
two_wall,positive,0.0142515954686,0.02,1.92558081965,0.612931411539,1.52869717956e-07,-0.758642755215
two_wall,positive,0.0142515954686,0.02,1.9276739435,0.613597673554,1.79124524848e-07,-0.755908746673
two_wall,positive,0.0142515954686,0.02,1.92976706735,0.614263935569,2.09768125627e-07,-0.753161491099
two_wall,positive,0.0142515954686,0.02,1.9318601912,0.614930197584,2.45512495613e-07,-0.750401036637
two_wall,positive,0.0142515954686,0.02,1.93395331505,0.615596459599,2.87181304252e-07,-0.747627431664
two_wall,positive,0.0142515954686,0.02,1.9360464389,0.616262721614,3.35726785563e-07,-0.744840724787
two_wall,positive,0.0142515954686,0.02,1.93813956276,0.616928983629,3.92249048062e-07,-0.74204096484
two_wall,positive,0.0142515954686,0.02,1.94023268661,0.617595245644,4.58018159342e-07,-0.73922820089
two_wall,positive,0.0142515954686,0.02,1.94232581046,0.618261507659,5.34499383728e-07,-0.736402482229
two_wall,positive,0.0142515954686,0.02,1.94441893431,0.618927769674,6.23381999986e-07,-0.733563858376
two_wall,positive,0.0142515954686,0.02,1.94651205816,0.619594031689,7.26612180162e-07,-0.730712379077
two_wall,positive,0.0142515954686,0.02,1.94860518201,0.620260293704,8.46430471228e-07,-0.727848094304
two_wall,positive,0.0142515954686,0.02,1.95069830587,0.620926555719,9.85414488724e-07,-0.724971054252
two_wall,positive,0.0142515954686,0.02,1.95279142972,0.621592817734,1.14652750686e-06,-0.722081309341
two_wall,positive,0.0142515954686,0.02,1.95488455357,0.622259079749,1.33317371324e-06,-0.719178910211
two_wall,positive,0.0142515954686,0.02,1.95697767742,0.622925341764,1.54926098967e-06,-0.716263907726
two_wall,positive,0.0142515954686,0.02,1.95907080127,0.623591603779,1.79927218358e-06,-0.713336352972
two_wall,positive,0.0142515954686,0.02,1.96116392512,0.624257865794,2.0883459496e-06,-0.710396297251
two_wall,positive,0.0142515954686,0.02,1.96325704898,0.624924127809,2.42236836756e-06,-0.707443792089
two_wall,positive,0.0142515954686,0.02,1.96535017283,0.625590389824,2.80807668369e-06,-0.704478889225
two_wall,positive,0.0142515954686,0.02,1.96744329668,0.626256651839,3.25317667697e-06,-0.70150164062
two_wall,positive,0.0142515954686,0.02,1.96953642053,0.626922913854,3.76647532365e-06,-0.698512098448
two_wall,positive,0.0142515954686,0.02,1.97162954438,0.627589175869,4.35803062159e-06,-0.6955103151
two_wall,positive,0.0142515954686,0.02,1.97372266823,0.628255437884,5.03932064328e-06,-0.692496343181
two_wall,positive,0.0142515954686,0.02,1.97581579208,0.628921699899,5.82343411468e-06,-0.68947023551
two_wall,positive,0.0142515954686,0.02,1.97790891594,0.629587961914,6.72528506628e-06,-0.686432045118
two_wall,positive,0.0142515954686,0.02,1.98000203979,0.630254223929,7.76185437751e-06,-0.683381825249
two_wall,positive,0.0142515954686,0.02,1.98209516364,0.630920485944,8.95246133408e-06,-0.680319629357
two_wall,positive,0.0142515954686,0.02,1.98418828749,0.631586747959,1.03190686459e-05,-0.677245511105
two_wall,positive,0.0142515954686,0.02,1.98628141134,0.632253009974,1.1886624729e-05,-0.674159524366
two_wall,positive,0.0142515954686,0.02,1.98837453519,0.632919271989,1.36834474437e-05,-0.671061723222
two_wall,positive,0.0142515954686,0.02,1.99046765905,0.633585534004,1.57416539025e-05,-0.66795216196
two_wall,positive,0.0142515954686,0.02,1.9925607829,0.634251796019,1.80976414207e-05,-0.664830895073
two_wall,positive,0.0142515954686,0.02,1.99465390675,0.634918058033,2.07926251755e-05,-0.661697977262
two_wall,positive,0.0142515954686,0.02,1.9967470306,0.635584320048,2.38732386792e-05,-0.658553463429
two_wall,positive,0.0142515954686,0.02,1.99884015445,0.636250582063,2.73922037479e-05,-0.655397408681
two_wall,positive,0.0142515954686,0.02,2.0009332783,0.636916844078,3.14090772725e-05,-0.652229868327
two_wall,positive,0.0142515954686,0.02,2.00302640216,0.637583106093,3.59910827671e-05,-0.649050897876
two_wall,positive,0.0142515954686,0.02,2.00511952601,0.638249368108,4.12140353906e-05,-0.645860553039
two_wall,positive,0.0142515954686,0.02,2.00721264986,0.638915630123,4.71633699078e-05,-0.642658889726
two_wall,positive,0.0142515954686,0.02,2.00930577371,0.639581892138,5.39352818757e-05,-0.639445964044
two_wall,positive,0.0142515954686,0.02,2.01139889756,0.640248154153,6.16379932228e-05,-0.636221832299
two_wall,positive,0.0142515954686,0.02,2.01349202141,0.640914416168,7.03931543176e-05,-0.632986550993
two_wall,positive,0.0142515954686,0.02,2.01558514527,0.641580678183,8.03373956159e-05,-0.629740176823
two_wall,positive,0.0142515954686,0.02,2.01767826912,0.642246940198,9.16240430215e-05,-0.62648276668
two_wall,positive,0.0142515954686,0.02,2.01977139297,0.642913202213,0.000104425012201,-0.62321437765
two_wall,positive,0.0142515954686,0.02,2.02186451682,0.643579464228,0.00011893289826,-0.61993506701
two_wall,positive,0.0142515954686,0.02,2.02395764067,0.644245726243,0.000135363278407,-0.616644892227
two_wall,positive,0.0142515954686,0.02,2.02605076452,0.644911988258,0.000153957246503,-0.613343910963
two_wall,positive,0.0142515954686,0.02,2.02814388838,0.645578250273,0.000174984199746,-0.610032181065
two_wall,positive,0.0142515954686,0.02,2.03023701223,0.646244512288,0.000198744899098,-0.606709760569
two_wall,positive,0.0142515954686,0.02,2.03233013608,0.646910774303,0.000225574826513,-0.603376707702
two_wall,positive,0.0142515954686,0.02,2.03442325993,0.647577036318,0.000255847863497,-0.600033080871
two_wall,positive,0.0142515954686,0.02,2.03651638378,0.648243298333,0.000289980317039,-0.596678938675
two_wall,positive,0.0142515954686,0.02,2.03860950763,0.648909560348,0.000328435320509,-0.593314339893
two_wall,positive,0.0142515954686,0.02,2.04070263149,0.649575822363,0.000371727638673,-0.589939343487
two_wall,positive,0.0142515954686,0.02,2.04279575534,0.650242084378,0.000420428907582,-0.586554008605
two_wall,positive,0.0142515954686,0.02,2.04488887919,0.650908346393,0.000475173341662,-0.583158394572
two_wall,positive,0.0142515954686,0.02,2.04698200304,0.651574608408,0.000536663941916,-0.579752560896
two_wall,positive,0.0142515954686,0.02,2.04907512689,0.652240870423,0.000605679240719,-0.576336567263
two_wall,positive,0.0142515954686,0.02,2.05116825074,0.652907132438,0.000683080620178,-0.572910473536
two_wall,positive,0.0142515954686,0.02,2.0532613746,0.653573394453,0.000769820242525,-0.569474339757
two_wall,positive,0.0142515954686,0.02,2.05535449845,0.654239656468,0.00086694963238,-0.566028226143
two_wall,positive,0.0142515954686,0.02,2.0574476223,0.654905918483,0.000975628952002,-0.562572193086
two_wall,positive,0.0142515954686,0.02,2.05954074615,0.655572180498,0.00109713701184,-0.559106301151
two_wall,positive,0.0142515954686,0.02,2.06163387,0.656238442513,0.0012328820597,-0.555630611077
two_wall,positive,0.0142515954686,0.02,2.06372699385,0.656904704528,0.00138441339268,-0.552145183774
two_wall,positive,0.0142515954686,0.02,2.0658201177,0.657570966543,0.00155343383669,-0.548650080323
two_wall,positive,0.0142515954686,0.02,2.06791324156,0.658237228558,0.00174181313878,-0.545145361975
two_wall,positive,0.0142515954686,0.02,2.07000636541,0.658903490573,0.00195160231758,-0.541631090148
two_wall,positive,0.0142515954686,0.02,2.07209948926,0.659569752588,0.00218504901701,-0.538107326429
two_wall,positive,0.0142515954686,0.02,2.07419261311,0.660236014603,0.00244461390796,-0.534574132571
two_wall,positive,0.0142515954686,0.02,2.07628573696,0.660902276618,0.00273298818147,-0.531031570491
two_wall,positive,0.0142515954686,0.02,2.07837886081,0.661568538633,0.00305311217598,-0.527479702272
two_wall,positive,0.0142515954686,0.02,2.08047198467,0.662234800648,0.00340819517899,-0.523918590158
two_wall,positive,0.0142515954686,0.02,2.08256510852,0.662901062663,0.00380173644139,-0.520348296558
two_wall,positive,0.0142515954686,0.02,2.08465823237,0.663567324678,0.00423754743963,-0.516768884039
two_wall,positive,0.0142515954686,0.02,2.08675135622,0.664233586693,0.00471977541749,-0.513180415329
two_wall,positive,0.0142515954686,0.02,2.08884448007,0.664899848708,0.00525292823493,-0.509582953315
two_wall,positive,0.0142515954686,0.02,2.09093760392,0.665566110723,0.0058419005465,-0.505976561041
two_wall,positive,0.0142515954686,0.02,2.09303072778,0.666232372738,0.00649200132637,-0.502361301708
two_wall,positive,0.0142515954686,0.02,2.09512385163,0.666898634753,0.00720898275012,-0.498737238672
two_wall,positive,0.0142515954686,0.02,2.09721697548,0.667564896768,0.00799907043667,-0.495104435443
two_wall,positive,0.0142515954686,0.02,2.09931009933,0.668231158782,0.00886899504486,-0.491462955684
two_wall,positive,0.0142515954686,0.02,2.10140322318,0.668897420797,0.00982602521061,-0.487812863213
two_wall,positive,0.0142515954686,0.02,2.10349634703,0.669563682812,0.0108780018,-0.484154221994
two_wall,positive,0.0142515954686,0.02,2.10558947089,0.670229944827,0.0120333734426,-0.480487096145
two_wall,positive,0.0142515954686,0.02,2.10768259474,0.670896206842,0.013301233298,-0.476811549931
two_wall,positive,0.0142515954686,0.02,2.10977571859,0.671562468857,0.0146913569932,-0.473127647764
two_wall,positive,0.0142515954686,0.02,2.11186884244,0.672228730872,0.0162142416574,-0.469435454203
two_wall,positive,0.0142515954686,0.02,2.11396196629,0.672894992887,0.0178811459623,-0.465735033953
two_wall,positive,0.0142515954686,0.02,2.11605509014,0.673561254902,0.0197041310615,-0.462026451862
two_wall,positive,0.0142515954686,0.02,2.118148214,0.674227516917,0.0216961023059,-0.458309772922
two_wall,positive,0.0142515954686,0.02,2.12024133785,0.674893778932,0.0238708515904,-0.454585062266
two_wall,positive,0.0142515954686,0.02,2.1223344617,0.675560040947,0.0262431001718,-0.450852385168
two_wall,positive,0.0142515954686,0.02,2.12442758555,0.676226302962,0.0288285417751,-0.447111807043
two_wall,positive,0.0142515954686,0.02,2.1265207094,0.676892564977,0.0316438857848,-0.443363393443
two_wall,positive,0.0142515954686,0.02,2.12861383325,0.677558826992,0.0347069002965,-0.439607210057
two_wall,positive,0.0142515954686,0.02,2.13070695711,0.678225089007,0.0380364547808,-0.435843322711
two_wall,positive,0.0142515954686,0.02,2.13280008096,0.678891351022,0.0416525620889,-0.432071797365
two_wall,positive,0.0142515954686,0.02,2.13489320481,0.679557613037,0.0455764195069,-0.428292700115
two_wall,positive,0.0142515954686,0.02,2.13698632866,0.680223875052,0.049830448539,-0.424506097188
two_wall,positive,0.0142515954686,0.02,2.13907945251,0.680890137067,0.0544383330797,-0.420712054943
two_wall,positive,0.0142515954686,0.02,2.14117257636,0.681556399082,0.0594250556095,-0.416910639869
two_wall,positive,0.0142515954686,0.02,2.14326570022,0.682222661097,0.064816931024,-0.413101918584
two_wall,positive,0.0142515954686,0.02,2.14535882407,0.682888923112,0.0706416376874,-0.409285957834
two_wall,positive,0.0142515954686,0.02,2.14745194792,0.683555185127,0.0769282452736,-0.405462824494
two_wall,positive,0.0142515954686,0.02,2.14954507177,0.684221447142,0.0837072389429,-0.401632585563
two_wall,positive,0.0142515954686,0.02,2.15163819562,0.684887709157,0.091010539378,-0.397795308163
two_wall,positive,0.0142515954686,0.02,2.15373131947,0.685553971172,0.098871518187,-0.393951059541
two_wall,positive,0.0142515954686,0.02,2.15582444332,0.686220233187,0.107325008164,-0.390099907068
two_wall,positive,0.0142515954686,0.02,2.15791756718,0.686886495202,0.116407307885,-0.386241918232
two_wall,positive,0.0142515954686,0.02,2.16001069103,0.687552757217,0.126156180103,-0.382377160645
two_wall,positive,0.0142515954686,0.02,2.16210381488,0.688219019232,0.136610843396,-0.378505702033
two_wall,positive,0.0142515954686,0.02,2.16419693873,0.688885281247,0.147811956526,-0.374627610244
two_wall,positive,0.0142515954686,0.02,2.16629006258,0.689551543262,0.159801594949,-0.370742953239
two_wall,positive,0.0142515954686,0.02,2.16838318643,0.690217805277,0.172623218932,-0.366851799096
two_wall,positive,0.0142515954686,0.02,2.17047631029,0.690884067292,0.186321632728,-0.362954216006
two_wall,positive,0.0142515954686,0.02,2.17256943414,0.691550329307,0.200942934278,-0.359050272272
two_wall,positive,0.0142515954686,0.02,2.17466255799,0.692216591322,0.216534454927,-0.35514003631
two_wall,positive,0.0142515954686,0.02,2.17675568184,0.692882853337,0.233144688638,-0.351223576645
two_wall,positive,0.0142515954686,0.02,2.17884880569,0.693549115352,0.250823210258,-0.347300961912
two_wall,positive,0.0142515954686,0.02,2.18094192954,0.694215377367,0.269620582363,-0.343372260853
two_wall,positive,0.0142515954686,0.02,2.1830350534,0.694881639382,0.289588250307,-0.339437542317
two_wall,positive,0.0142515954686,0.02,2.18512817725,0.695547901397,0.310778425084,-0.335496875259
two_wall,positive,0.0142515954686,0.02,2.1872213011,0.696214163412,0.333243953719,-0.331550328738
two_wall,positive,0.0142515954686,0.02,2.18931442495,0.696880425427,0.357038176902,-0.327597971915
two_wall,positive,0.0142515954686,0.02,2.1914075488,0.697546687442,0.382214773684,-0.323639874054
two_wall,positive,0.0142515954686,0.02,2.19350067265,0.698212949457,0.408827593101,-0.31967610452
two_wall,positive,0.0142515954686,0.02,2.19559379651,0.698879211472,0.43693047267,-0.315706732775
two_wall,positive,0.0142515954686,0.02,2.19768692036,0.699545473487,0.466577043775,-0.311731828383
two_wall,positive,0.0142515954686,0.02,2.19978004421,0.700211735502,0.497820524057,-0.307751461001
two_wall,positive,0.0142515954686,0.02,2.20187316806,0.700877997517,0.530713497001,-0.303765700384
two_wall,positive,0.0142515954686,0.02,2.20396629191,0.701544259531,0.565307679017,-0.299774616381
two_wall,positive,0.0142515954686,0.02,2.20605941576,0.702210521546,0.601653674411,-0.295778278935
two_wall,positive,0.0142515954686,0.02,2.20815253962,0.702876783561,0.639800718737,-0.29177675808
two_wall,positive,0.0142515954686,0.02,2.21024566347,0.703543045576,0.679796411145,-0.287770123941
two_wall,positive,0.0142515954686,0.02,2.21233878732,0.704209307591,0.721686436442,-0.283758446732
two_wall,positive,0.0142515954686,0.02,2.21443191117,0.704875569606,0.765514277691,-0.279741796758
two_wall,positive,0.0142515954686,0.02,2.21652503502,0.705541831621,0.811320920302,-0.275720244409
two_wall,positive,0.0142515954686,0.02,2.21861815887,0.706208093636,0.85914454868,-0.27169386016
two_wall,positive,0.0142515954686,0.02,2.22071128273,0.706874355651,0.909020236591,-0.267662714573
two_wall,positive,0.0142515954686,0.02,2.22280440658,0.707540617666,0.960979632565,-0.263626878292
two_wall,positive,0.0142515954686,0.02,2.22489753043,0.708206879681,1.01505064171,-0.259586422044
two_wall,positive,0.0142515954686,0.02,2.22699065428,0.708873141696,1.07125710549,-0.255541416637
two_wall,positive,0.0142515954686,0.02,2.22908377813,0.709539403711,1.12961848102,-0.251491932956
two_wall,positive,0.0142515954686,0.02,2.23117690198,0.710205665726,1.19014952166,-0.24743804197
two_wall,positive,0.0142515954686,0.02,2.23327002584,0.710871927741,1.25285996073,-0.243379814719
two_wall,positive,0.0142515954686,0.02,2.23536314969,0.711538189756,1.31775420008,-0.239317322324
two_wall,positive,0.0142515954686,0.02,2.23745627354,0.712204451771,1.38483100577,-0.235250635978
two_wall,positive,0.0142515954686,0.02,2.23954939739,0.712870713786,1.45408321256,-0.231179826948
two_wall,positive,0.0142515954686,0.02,2.24164252124,0.713536975801,1.5254974396,-0.227104966574
two_wall,positive,0.0142515954686,0.02,2.24373564509,0.714203237816,1.59905381924,-0.223026126266
two_wall,positive,0.0142515954686,0.02,2.24582876894,0.714869499831,1.67472574119,-0.218943377505
two_wall,positive,0.0142515954686,0.02,2.2479218928,0.715535761846,1.75247961427,-0.214856791839
two_wall,positive,0.0142515954686,0.02,2.25001501665,0.716202023861,1.8322746478,-0.210766440884
two_wall,positive,0.0142515954686,0.02,2.2521081405,0.716868285876,1.91406265487,-0.206672396322
two_wall,positive,0.0142515954686,0.02,2.25420126435,0.717534547891,1.99778787957,-0.2025747299
two_wall,positive,0.0142515954686,0.02,2.2562943882,0.718200809906,2.08338685033,-0.198473513428
two_wall,positive,0.0142515954686,0.02,2.25838751205,0.718867071921,2.17078826122,-0.194368818779
two_wall,positive,0.0142515954686,0.02,2.26048063591,0.719533333936,2.25991288334,-0.190260717884
two_wall,positive,0.0142515954686,0.02,2.26257375976,0.720199595951,2.35067350789,-0.186149282739
two_wall,positive,0.0142515954686,0.02,2.26466688361,0.720865857966,2.44297492283,-0.182034585393
two_wall,positive,0.0142515954686,0.02,2.26676000746,0.721532119981,2.53671392455,-0.177916697956
two_wall,positive,0.0142515954686,0.02,2.26885313131,0.722198381996,2.63177936594,-0.173795692593
two_wall,positive,0.0142515954686,0.02,2.27094625516,0.722864644011,2.72805224222,-0.169671641521
two_wall,positive,0.0142515954686,0.02,2.27303937902,0.723530906026,2.82540581544,-0.165544617015
two_wall,positive,0.0142515954686,0.02,2.27513250287,0.724197168041,2.92370577851,-0.161414691397
two_wall,positive,0.0142515954686,0.02,2.27722562672,0.724863430056,3.02281045944,-0.157281937045
two_wall,positive,0.0142515954686,0.02,2.27931875057,0.725529692071,3.12257106611,-0.153146426383
two_wall,positive,0.0142515954686,0.02,2.28141187442,0.726195954086,3.22283197173,-0.149008231884
two_wall,positive,0.0142515954686,0.02,2.28350499827,0.726862216101,3.32343104089,-0.144867426069
two_wall,positive,0.0142515954686,0.02,2.28559812213,0.727528478116,3.42419999581,-0.140724081504
two_wall,positive,0.0142515954686,0.02,2.28769124598,0.728194740131,3.52496482219,-0.1365782708
two_wall,positive,0.0142515954686,0.02,2.28978436983,0.728861002146,3.62554621371,-0.132430066609
two_wall,positive,0.0142515954686,0.02,2.29187749368,0.729527264161,3.72576005397,-0.128279541629
two_wall,positive,0.0142515954686,0.02,2.29397061753,0.730193526176,3.82541793455,-0.124126768596
two_wall,positive,0.0142515954686,0.02,2.29606374138,0.730859788191,3.92432770726,-0.119971820285
two_wall,positive,0.0142515954686,0.02,2.29815686524,0.731526050206,4.02229406875,-0.115814769511
two_wall,positive,0.0142515954686,0.02,2.30024998909,0.732192312221,4.11911917511,-0.111655689124
two_wall,positive,0.0142515954686,0.02,2.30234311294,0.732858574236,4.21460328405,-0.107494652011
two_wall,positive,0.0142515954686,0.02,2.30443623679,0.733524836251,4.30854542184,-0.103331731092
two_wall,positive,0.0142515954686,0.02,2.30652936064,0.734191098266,4.40074407198,-0.0991669993219
two_wall,positive,0.0142515954686,0.02,2.30862248449,0.734857360281,4.49099788258,-0.095000529685
two_wall,positive,0.0142515954686,0.02,2.31071560835,0.735523622295,4.57910638892,-0.0908323951977
two_wall,positive,0.0142515954686,0.02,2.3128087322,0.73618988431,4.66487074765,-0.0866626689049
two_wall,positive,0.0142515954686,0.02,2.31490185605,0.736856146325,4.74809447899,-0.0824914238797
two_wall,positive,0.0142515954686,0.02,2.3169949799,0.73752240834,4.82858421308,-0.0783187332216
two_wall,positive,0.0142515954686,0.02,2.31908810375,0.738188670355,4.90615043645,-0.0741446700556
two_wall,positive,0.0142515954686,0.02,2.3211812276,0.73885493237,4.98060823471,-0.0699693075307
two_wall,positive,0.0142515954686,0.02,2.32327435146,0.739521194385,5.05177802735,-0.0657927188185
two_wall,positive,0.0142515954686,0.02,2.32536747531,0.7401874564,5.11948629058,-0.0616149771123
two_wall,positive,0.0142515954686,0.02,2.32746059916,0.740853718415,5.18356626406,-0.0574361556256
two_wall,positive,0.0142515954686,0.02,2.32955372301,0.74151998043,5.24385863759,-0.0532563275906
two_wall,positive,0.0142515954686,0.02,2.33164684686,0.742186242445,5.30021221375,-0.0490755662575
two_wall,positive,0.0142515954686,0.02,2.33373997071,0.74285250446,5.35248454261,-0.0448939448926
two_wall,positive,0.0142515954686,0.02,2.33583309456,0.743518766475,5.40054252471,-0.0407115367772
two_wall,positive,0.0142515954686,0.02,2.33792621842,0.74418502849,5.44426297885,-0.0365284152066
two_wall,positive,0.0142515954686,0.02,2.34001934227,0.744851290505,5.48353317118,-0.0323446534886
two_wall,positive,0.0142515954686,0.02,2.34211246612,0.74551755252,5.51825130238,-0.028160324942
two_wall,positive,0.0142515954686,0.02,2.34420558997,0.746183814535,5.5483269501,-0.0239755028957
two_wall,positive,0.0142515954686,0.02,2.34629871382,0.74685007655,5.57368146373,-0.0197902606873
two_wall,positive,0.0142515954686,0.02,2.34839183767,0.747516338565,5.59424830932,-0.0156046716616
two_wall,positive,0.0142515954686,0.02,2.35048496153,0.74818260058,5.60997336235,-0.0114188091695
two_wall,positive,0.0142515954686,0.02,2.35257808538,0.748848862595,5.62081514654,-0.00723274656693
two_wall,positive,0.0142515954686,0.02,2.35467120923,0.74951512461,5.62674501738,-0.00304655721302
two_wall,positive,0.0142515954686,0.02,2.35676433308,0.750181386625,5.62774728899,0.00113968553072
two_wall,positive,0.0142515954686,0.02,2.35885745693,0.75084764864,5.62381930372,0.00532590830188
two_wall,positive,0.0142515954686,0.02,2.36095058078,0.751513910655,5.614971444,0.00951203773839
two_wall,positive,0.0142515954686,0.02,2.36304370464,0.75218017267,5.60122708627,0.0136980004798
two_wall,positive,0.0142515954686,0.02,2.36513682849,0.752846434685,5.58262249742,0.0178837231687
two_wall,positive,0.0142515954686,0.02,2.36722995234,0.7535126967,5.5592066743,0.0220691324516
two_wall,positive,0.0142515954686,0.02,2.36932307619,0.754178958715,5.53104112735,0.0262541549809
two_wall,positive,0.0142515954686,0.02,2.37141620004,0.75484522073,5.49819960958,0.0304387174154
two_wall,positive,0.0142515954686,0.02,2.37350932389,0.755511482745,5.4607677928,0.0346227464223
two_wall,positive,0.0142515954686,0.02,2.37560244775,0.75617774476,5.41884289286,0.0388061686778
two_wall,positive,0.0142515954686,0.02,2.3776955716,0.756844006775,5.37253324639,0.042988910869
two_wall,positive,0.0142515954686,0.02,2.37978869545,0.75751026879,5.32195784152,0.0471708996949
two_wall,positive,0.0142515954686,0.02,2.3818818193,0.758176530805,5.26724580552,0.0513520618675
two_wall,positive,0.0142515954686,0.02,2.38397494315,0.75884279282,5.20853585242,0.0555323241135
two_wall,positive,0.0142515954686,0.02,2.386068067,0.759509054835,5.14597569392,0.0597116131753
two_wall,positive,0.0142515954686,0.02,2.38816119086,0.76017531685,5.07972141721,0.0638898558123
two_wall,positive,0.0142515954686,0.02,2.39025431471,0.760841578865,5.00993683322,0.0680669788023
two_wall,positive,0.0142515954686,0.02,2.39234743856,0.76150784088,4.9367927993,0.0722429089428
two_wall,positive,0.0142515954686,0.02,2.39444056241,0.762174102895,4.8604665201,0.0764175730519
two_wall,positive,0.0142515954686,0.02,2.39653368626,0.76284036491,4.78114083084,0.0805908979703
two_wall,positive,0.0142515954686,0.02,2.39862681011,0.763506626925,4.69900346681,0.0847628105618
two_wall,positive,0.0142515954686,0.02,2.40071993397,0.76417288894,4.61424632345,0.0889332377153
two_wall,positive,0.0142515954686,0.02,2.40281305782,0.764839150955,4.52706471085,0.0931021063454
two_wall,positive,0.0142515954686,0.02,2.40490618167,0.76550541297,4.43765660682,0.0972693433942
two_wall,positive,0.0142515954686,0.02,2.40699930552,0.766171674985,4.34622191254,0.101434875832
two_wall,positive,0.0142515954686,0.02,2.40909242937,0.766837937,4.25296171457,0.10559863066
two_wall,positive,0.0142515954686,0.02,2.41118555322,0.767504199015,4.15807755701,0.10976053491
two_wall,positive,0.0142515954686,0.02,2.41327867708,0.76817046103,4.06177072757,0.113920515645
two_wall,positive,0.0142515954686,0.02,2.41537180093,0.768836723044,3.96424156074,0.118078499964
two_wall,positive,0.0142515954686,0.02,2.41746492478,0.769502985059,3.86568876156,0.122234414999
two_wall,positive,0.0142515954686,0.02,2.41955804863,0.770169247074,3.76630875302,0.12638818792
two_wall,positive,0.0142515954686,0.02,2.42165117248,0.770835509089,3.66629504976,0.130539745932
two_wall,positive,0.0142515954686,0.02,2.42374429633,0.771501771104,3.56583766098,0.134689016282
two_wall,positive,0.0142515954686,0.02,2.42583742018,0.772168033119,3.46512252458,0.138835926255
two_wall,positive,0.0142515954686,0.02,2.42793054404,0.772834295134,3.364330975,0.142980403177
two_wall,positive,0.0142515954686,0.02,2.43002366789,0.773500557149,3.26363924621,0.147122374419
two_wall,positive,0.0142515954686,0.02,2.43211679174,0.774166819164,3.16321801182,0.151261767393
two_wall,positive,0.0142515954686,0.02,2.43420991559,0.774833081179,3.06323196325,0.155398509559
two_wall,positive,0.0142515954686,0.02,2.43630303944,0.775499343194,2.96383942722,0.159532528422
two_wall,positive,0.0142515954686,0.02,2.43839616329,0.776165605209,2.86519202323,0.163663751533
two_wall,positive,0.0142515954686,0.02,2.44048928715,0.776831867224,2.76743436145,0.167792106496
two_wall,positive,0.0142515954686,0.02,2.442582411,0.777498129239,2.67070378135,0.171917520961
two_wall,positive,0.0142515954686,0.02,2.44467553485,0.778164391254,2.57513013099,0.176039922633
two_wall,positive,0.0142515954686,0.02,2.4467686587,0.778830653269,2.48083558657,0.180159239268
two_wall,positive,0.0142515954686,0.02,2.44886178255,0.779496915284,2.3879345119,0.184275398677
two_wall,positive,0.0142515954686,0.02,2.4509549064,0.780163177299,2.29653335694,0.188388328724
two_wall,positive,0.0142515954686,0.02,2.45304803026,0.780829439314,2.20673059448,0.192497957334
two_wall,positive,0.0142515954686,0.02,2.45514115411,0.781495701329,2.11861669369,0.196604212485
two_wall,positive,0.0142515954686,0.02,2.45723427796,0.782161963344,2.03227412949,0.200707022217
two_wall,positive,0.0142515954686,0.02,2.45932740181,0.782828225359,1.94777742593,0.20480631463
two_wall,positive,0.0142515954686,0.02,2.46142052566,0.783494487374,1.86519323213,0.208902017885
two_wall,positive,0.0142515954686,0.02,2.46351364951,0.784160749389,1.78458042893,0.212994060207
two_wall,positive,0.0142515954686,0.02,2.46560677337,0.784827011404,1.70599026445,0.217082369883
two_wall,positive,0.0142515954686,0.02,2.46769989722,0.785493273419,1.62946651647,0.221166875268
two_wall,positive,0.0142515954686,0.02,2.46979302107,0.786159535434,1.55504567968,0.225247504783
two_wall,positive,0.0142515954686,0.02,2.47188614492,0.786825797449,1.48275717566,0.229324186915
two_wall,positive,0.0142515954686,0.02,2.47397926877,0.787492059464,1.41262358342,0.233396850222
two_wall,positive,0.0142515954686,0.02,2.47607239262,0.788158321479,1.34466088839,0.237465423332
two_wall,positive,0.0142515954686,0.02,2.47816551648,0.788824583494,1.27887874763,0.241529834946
two_wall,positive,0.0142515954686,0.02,2.48025864033,0.789490845509,1.21528076914,0.245590013835
two_wall,positive,0.0142515954686,0.02,2.48235176418,0.790157107524,1.15386480304,0.249645888846
two_wall,positive,0.0142515954686,0.02,2.48444488803,0.790823369539,1.09462324267,0.253697388902
two_wall,positive,0.0142515954686,0.02,2.48653801188,0.791489631554,1.03754333336,0.257744443002
two_wall,positive,0.0142515954686,0.02,2.48863113573,0.792155893569,0.982607487018,0.261786980221
two_wall,positive,0.0142515954686,0.02,2.49072425959,0.792822155584,0.929793600594,0.265824929717
two_wall,positive,0.0142515954686,0.02,2.49281738344,0.793488417599,0.879075376458,0.269858220726
two_wall,positive,0.0142515954686,0.02,2.49491050729,0.794154679614,0.830422643093,0.273886782566
two_wall,positive,0.0142515954686,0.02,2.49700363114,0.794820941629,0.78380167435,0.277910544637
two_wall,positive,0.0142515954686,0.02,2.49909675499,0.795487203644,0.739175505729,0.281929436424
two_wall,positive,0.0142515954686,0.02,2.50118987884,0.796153465659,0.696504246248,0.285943387499
two_wall,positive,0.0142515954686,0.02,2.50328300269,0.796819727674,0.655745384542,0.289952327517
two_wall,positive,0.0142515954686,0.02,2.50537612655,0.797485989689,0.616854087993,0.293956186224
two_wall,positive,0.0142515954686,0.02,2.5074692504,0.798152251704,0.579783493755,0.297954893454
two_wall,positive,0.0142515954686,0.02,2.50956237425,0.798818513719,0.544484990694,0.30194837913
two_wall,positive,0.0142515954686,0.02,2.5116554981,0.799484775734,0.510908491367,0.305936573268
two_wall,positive,0.0142515954686,0.02,2.51374862195,0.800151037749,0.479002693262,0.309919405976
two_wall,positive,0.0142515954686,0.02,2.5158417458,0.800817299764,0.448715328664,0.313896807457
two_wall,positive,0.0142515954686,0.02,2.51793486966,0.801483561779,0.41999340259,0.317868708008
two_wall,positive,0.0142515954686,0.02,2.52002799351,0.802149823794,0.392783418362,0.321835038023
two_wall,positive,0.0142515954686,0.02,2.52212111736,0.802816085808,0.36703159049,0.325795727994
two_wall,positive,0.0142515954686,0.02,2.52421424121,0.803482347823,0.342684044618,0.32975070851
two_wall,positive,0.0142515954686,0.02,2.52630736506,0.804148609838,0.319687004391,0.333699910263
two_wall,positive,0.0142515954686,0.02,2.52840048891,0.804814871853,0.297986965197,0.337643264043
two_wall,positive,0.0142515954686,0.02,2.53049361277,0.805481133868,0.277530854796,0.341580700746
two_wall,positive,0.0142515954686,0.02,2.53258673662,0.806147395883,0.258266180942,0.345512151367
two_wall,positive,0.0142515954686,0.02,2.53467986047,0.806813657898,0.240141166169,0.349437547012
two_wall,positive,0.0142515954686,0.02,2.53677298432,0.807479919913,0.223104869981,0.353356818888
two_wall,positive,0.0142515954686,0.02,2.53886610817,0.808146181928,0.207107298726,0.357269898311
two_wall,positive,0.0142515954686,0.02,2.54095923202,0.808812443943,0.192099503509,0.361176716706
two_wall,positive,0.0142515954686,0.02,2.54305235588,0.809478705958,0.178033666523,0.365077205608
two_wall,positive,0.0142515954686,0.02,2.54514547973,0.810144967973,0.164863176235,0.368971296662
two_wall,positive,0.0142515954686,0.02,2.54723860358,0.810811229988,0.152542691879,0.372858921625
two_wall,positive,0.0142515954686,0.02,2.54933172743,0.811477492003,0.141028197756,0.376740012368
two_wall,positive,0.0142515954686,0.02,2.55142485128,0.812143754018,0.13027704784,0.380614500876
two_wall,positive,0.0142515954686,0.02,2.55351797513,0.812810016033,0.120248001226,0.384482319251
two_wall,positive,0.0142515954686,0.02,2.55561109899,0.813476278048,0.11090124896,0.38834339971
two_wall,positive,0.0142515954686,0.02,2.55770422284,0.814142540063,0.102198432794,0.392197674589
two_wall,positive,0.0142515954686,0.02,2.55979734669,0.814808802078,0.0941026564289,0.396045076343
two_wall,positive,0.0142515954686,0.02,2.56189047054,0.815475064093,0.086578489782,0.399885537548
two_wall,positive,0.0142515954686,0.02,2.56398359439,0.816141326108,0.0795919668346,0.403718990901
two_wall,positive,0.0142515954686,0.02,2.56607671824,0.816807588123,0.0731105775986,0.407545369223
two_wall,positive,0.0142515954686,0.02,2.5681698421,0.817473850138,0.0671032547271,0.411364605457
two_wall,positive,0.0142515954686,0.02,2.57026296595,0.818140112153,0.0615403552872,0.415176632672
two_wall,positive,0.0142515954686,0.02,2.5723560898,0.818806374168,0.0563936381933,0.418981384065
two_wall,positive,0.0142515954686,0.02,2.57444921365,0.819472636183,0.051636237784,0.422778792958
two_wall,positive,0.0142515954686,0.02,2.5765423375,0.820138898198,0.0472426340061,0.426568792804
two_wall,positive,0.0142515954686,0.02,2.57863546135,0.820805160213,0.0431886196464,0.430351317183
two_wall,positive,0.0142515954686,0.02,2.58072858521,0.821471422228,0.0394512650353,0.434126299808
two_wall,positive,0.0142515954686,0.02,2.58282170906,0.822137684243,0.0360088806166,0.437893674524
two_wall,positive,0.0142515954686,0.02,2.58491483291,0.822803946258,0.0328409777617,0.441653375309
two_wall,positive,0.0142515954686,0.02,2.58700795676,0.823470208273,0.0299282281772,0.445405336276
two_wall,positive,0.0142515954686,0.02,2.58910108061,0.824136470288,0.0272524222352,0.449149491673
two_wall,positive,0.0142515954686,0.02,2.59119420446,0.824802732303,0.0247964265284,0.452885775885
two_wall,positive,0.0142515954686,0.02,2.59328732831,0.825468994318,0.0225441409319,0.456614123435
two_wall,positive,0.0142515954686,0.02,2.59538045217,0.826135256333,0.020480455427,0.460334468985
two_wall,positive,0.0142515954686,0.02,2.59747357602,0.826801518348,0.0185912069223,0.464046747337
two_wall,positive,0.0142515954686,0.02,2.59956669987,0.827467780363,0.0168631362839,0.467750893435
two_wall,positive,0.0142515954686,0.02,2.60165982372,0.828134042378,0.015283845765,0.471446842364
two_wall,positive,0.0142515954686,0.02,2.60375294757,0.828800304393,0.0138417570054,0.475134529356
two_wall,positive,0.0142515954686,0.02,2.60584607142,0.829466566408,0.0125260697513,0.478813889784
two_wall,positive,0.0142515954686,0.02,2.60793919528,0.830132828423,0.0113267214258,0.482484859169
two_wall,positive,0.0142515954686,0.02,2.61003231913,0.830799090438,0.0102343476659,0.486147373178
two_wall,positive,0.0142515954686,0.02,2.61212544298,0.831465352453,0.00924024392143,0.489801367628
two_wall,positive,0.0142515954686,0.02,2.61421856683,0.832131614468,0.00833632819686,0.493446778483
two_wall,positive,0.0142515954686,0.02,2.61631169068,0.832797876483,0.00751510500453,0.497083541859
two_wall,positive,0.0142515954686,0.02,2.61840481453,0.833464138498,0.00676963058011,0.500711594022
two_wall,positive,0.0142515954686,0.02,2.62049793839,0.834130400513,0.00609347940204,0.504330871393
two_wall,positive,0.0142515954686,0.02,2.62259106224,0.834796662528,0.00548071204322,0.507941310545
two_wall,positive,0.0142515954686,0.02,2.62468418609,0.835462924543,0.00492584437338,0.511542848206
two_wall,positive,0.0142515954686,0.02,2.62677730994,0.836129186557,0.00442381812099,0.515135421261
two_wall,positive,0.0142515954686,0.02,2.62887043379,0.836795448572,0.00396997279467,0.51871896675
two_wall,positive,0.0142515954686,0.02,2.63096355764,0.837461710587,0.00356001895677,0.522293421875
two_wall,positive,0.0142515954686,0.02,2.6330566815,0.838127972602,0.0031900128345,0.525858723993
two_wall,positive,0.0142515954686,0.02,2.63514980535,0.838794234617,0.00285633224842,0.529414810623
two_wall,positive,0.0142515954686,0.02,2.6372429292,0.839460496632,0.00255565383264,0.532961619448
two_wall,positive,0.0142515954686,0.02,2.63933605305,0.840126758647,0.00228493151649,0.53649908831
two_wall,positive,0.0142515954686,0.02,2.6414291769,0.840793020662,0.002041376234,0.540027155216
two_wall,positive,0.0142515954686,0.02,2.64352230075,0.841459282677,0.00182243682391,0.543545758338
two_wall,positive,0.0142515954686,0.02,2.64561542461,0.842125544692,0.0016257820806,0.547054836015
two_wall,positive,0.0142515954686,0.02,2.64770854846,0.842791806707,0.00144928391436,0.55055432675
two_wall,positive,0.0142515954686,0.02,2.64980167231,0.843458068722,0.00129100157761,0.554044169216
two_wall,positive,0.0142515954686,0.02,2.65189479616,0.844124330737,0.00114916691284,0.557524302255
two_wall,positive,0.0142515954686,0.02,2.65398792001,0.844790592752,0.00102217057724,0.56099466488
two_wall,positive,0.0142515954686,0.02,2.65608104386,0.845456854767,0.000908549198708,0.564455196272
two_wall,positive,0.0142515954686,0.02,2.65817416772,0.846123116782,0.00080697341786,0.567905835788
two_wall,positive,0.0142515954686,0.02,2.66026729157,0.846789378797,0.000716236771116,0.571346522956
two_wall,positive,0.0142515954686,0.02,2.66236041542,0.847455640812,0.000635245370312,0.57477719748
two_wall,positive,0.0142515954686,0.02,2.66445353927,0.848121902827,0.000563008335176,0.578197799237
two_wall,positive,0.0142515954686,0.02,2.66654666312,0.848788164842,0.000498628935909,0.581608268284
two_wall,positive,0.0142515954686,0.02,2.66863978697,0.849454426857,0.000441296404231,0.585008544853
two_wall,positive,0.0142515954686,0.02,2.67073291083,0.850120688872,0.000390278372514,0.588398569355
two_wall,positive,0.0142515954686,0.02,2.67282603468,0.850786950887,0.00034491390195,0.591778282382
two_wall,positive,0.0142515954686,0.02,2.67491915853,0.851453212902,0.000304607062162,0.595147624705
two_wall,positive,0.0142515954686,0.02,2.67701228238,0.852119474917,0.000268821026153,0.598506537277
two_wall,positive,0.0142515954686,0.02,2.67910540623,0.852785736932,0.00023707264603,0.601854961236
two_wall,positive,0.0142515954686,0.02,2.68119853008,0.853451998947,0.000208927476526,0.6051928379
two_wall,positive,0.0142515954686,0.02,2.68329165393,0.854118260962,0.000183995214916,0.608520108775
two_wall,positive,0.0142515954686,0.02,2.68538477779,0.854784522977,0.000161925527519,0.611836715551
two_wall,positive,0.0142515954686,0.02,2.68747790164,0.855450784992,0.000142404234566,0.615142600107
two_wall,positive,0.0142515954686,0.02,2.68957102549,0.856117047007,0.000125149826749,0.618437704508
two_wall,positive,0.0142515954686,0.02,2.69166414934,0.856783309022,0.00010991028831,0.621721971008
two_wall,positive,0.0142515954686,0.02,2.69375727319,0.857449571037,9.64602030266e-05,0.624995342051
two_wall,positive,0.0142515954686,0.02,2.69585039704,0.858115833052,8.45981208924e-05,0.628257760274
two_wall,positive,0.0142515954686,0.02,2.6979435209,0.858782095067,7.4144164692e-05,0.631509168503
two_wall,positive,0.0142515954686,0.02,2.70003664475,0.859448357082,6.4937857041e-05,0.634749509758
two_wall,positive,0.0142515954686,0.02,2.7021297686,0.860114619097,5.68361497439e-05,0.637978727254
two_wall,positive,0.0142515954686,0.02,2.70422289245,0.860780881112,4.97116385799e-05,0.641196764399
two_wall,positive,0.0142515954686,0.02,2.7063160163,0.861447143127,4.3450947807e-05,0.6444035648
two_wall,positive,0.0142515954686,0.02,2.70840914015,0.862113405142,3.79532698089e-05,0.647599072257
two_wall,positive,0.0142515954686,0.02,2.71050226401,0.862779667157,3.31290463782e-05,0.650783230771
two_wall,positive,0.0142515954686,0.02,2.71259538786,0.863445929172,2.88987791443e-05,0.65395598454
two_wall,positive,0.0142515954686,0.02,2.71468851171,0.864112191187,2.51919576088e-05,0.657117277964
two_wall,positive,0.0142515954686,0.02,2.71678163556,0.864778453202,2.19460941529e-05,0.660267055641
two_wall,positive,0.0142515954686,0.02,2.71887475941,0.865444715217,1.91058562257e-05,0.663405262372
two_wall,positive,0.0142515954686,0.02,2.72096788326,0.866110977232,1.66222867112e-05,0.666531843162
two_wall,positive,0.0142515954686,0.02,2.72306100712,0.866777239247,1.44521042162e-05,0.669646743219
two_wall,positive,0.0142515954686,0.02,2.72515413097,0.867443501262,1.25570757056e-05,0.672749907955
two_wall,positive,0.0142515954686,0.02,2.72724725482,0.868109763277,1.09034545594e-05,0.675841282989
two_wall,positive,0.0142515954686,0.02,2.72934037867,0.868776025292,9.46147771703e-06,0.678920814144
two_wall,positive,0.0142515954686,0.02,2.73143350252,0.869442287307,8.20491613229e-06,0.681988447453
two_wall,positive,0.0142515954686,0.02,2.73352662637,0.870108549321,7.11067327062e-06,0.685044129158
two_wall,positive,0.0142515954686,0.02,2.73561975023,0.870774811336,6.15842685608e-06,0.688087805707
two_wall,positive,0.0142515954686,0.02,2.73771287408,0.871441073351,5.33030950991e-06,0.691119423763
two_wall,positive,0.0142515954686,0.02,2.73980599793,0.872107335366,4.61062432494e-06,0.694138930197
two_wall,positive,0.0142515954686,0.02,2.74189912178,0.872773597381,3.98559178906e-06,0.697146272093
two_wall,positive,0.0142515954686,0.02,2.74399224563,0.873439859396,3.44312480982e-06,0.700141396749
two_wall,positive,0.0142515954686,0.02,2.74608536948,0.874106121411,2.97262890252e-06,0.703124251675
two_wall,positive,0.0142515954686,0.02,2.74817849334,0.874772383426,2.56482488814e-06,0.7060947846
two_wall,positive,0.0142515954686,0.02,2.75027161719,0.875438645441,2.2115917068e-06,0.709052943464
two_wall,positive,0.0142515954686,0.02,2.75236474104,0.876104907456,1.90582718911e-06,0.711998676428
two_wall,positive,0.0142515954686,0.02,2.75445786489,0.876771169471,1.64132484304e-06,0.714931931868
two_wall,positive,0.0142515954686,0.02,2.75655098874,0.877437431486,1.41266491009e-06,0.717852658381
two_wall,positive,0.0142515954686,0.02,2.75864411259,0.878103693501,1.21511812234e-06,0.720760804781
two_wall,positive,0.0142515954686,0.02,2.76073723645,0.878769955516,1.04456075345e-06,0.723656320104
two_wall,positive,0.0142515954686,0.02,2.7628303603,0.879436217531,8.97399702959e-07,0.726539153608
two_wall,positive,0.0142515954686,0.02,2.76492348415,0.880102479546,7.70506485225e-07,0.729409254772
two_wall,positive,0.0142515954686,0.02,2.767016608,0.880768741561,6.61159114062e-07,0.732266573298
two_wall,positive,0.0142515954686,0.02,2.76910973185,0.881435003576,5.66990981784e-07,0.735111059113
two_wall,positive,0.0142515954686,0.02,2.7712028557,0.882101265591,4.85945928517e-07,0.737942662368
two_wall,positive,0.0142515954686,0.02,2.77329597955,0.882767527606,4.16238785023e-07,0.74076133344
two_wall,positive,0.0142515954686,0.02,2.77538910341,0.883433789621,3.56320750899e-07,0.743567022934
two_wall,positive,0.0142515954686,0.02,2.77748222726,0.884100051636,3.04849040473e-07,0.74635968168
two_wall,positive,0.0142515954686,0.02,2.77957535111,0.884766313651,2.60660292055e-07,0.749139260738
two_wall,positive,0.0142515954686,0.02,2.78166847496,0.885432575666,2.22747292777e-07,0.751905711397
two_wall,positive,0.0142515954686,0.02,2.78376159881,0.886098837681,1.90238621999e-07,0.754658985176
two_wall,positive,0.0142515954686,0.02,2.78585472266,0.886765099696,1.62380861519e-07,0.757399033825
two_wall,positive,0.0142515954686,0.02,2.78794784652,0.887431361711,1.38523061264e-07,0.760125809325
two_wall,positive,0.0142515954686,0.02,2.79004097037,0.888097623726,1.18103185183e-07,0.762839263891
two_wall,positive,0.0142515954686,0.02,2.79213409422,0.888763885741,1.00636294189e-07,0.76553934997
two_wall,positive,0.0142515954686,0.02,2.79422721807,0.889430147756,8.57042515269e-08,0.768226020244
two_wall,positive,0.0142515954686,0.02,2.79632034192,0.890096409771,7.29467613681e-08,0.770899227631
two_wall,positive,0.0142515954686,0.02,2.79841346577,0.890762671786,6.20535739515e-08,0.773558925282
two_wall,positive,0.0142515954686,0.02,2.80050658963,0.891428933801,5.27577105777e-08,0.776205066589
two_wall,positive,0.0142515954686,0.02,2.80259971348,0.892095195816,4.48295794894e-08,0.778837605179
two_wall,positive,0.0142515954686,0.02,2.80469283733,0.892761457831,3.80718693263e-08,0.781456494916
two_wall,positive,0.0142515954686,0.02,2.80678596118,0.893427719846,3.23151207168e-08,0.784061689906
two_wall,positive,0.0142515954686,0.02,2.80887908503,0.894093981861,2.74138887989e-08,0.786653144494
two_wall,positive,0.0142515954686,0.02,2.81097220888,0.894760243876,2.32434202699e-08,0.789230813266
two_wall,positive,0.0142515954686,0.02,2.81306533274,0.895426505891,1.96967780858e-08,0.791794651048
two_wall,positive,0.0142515954686,0.02,2.81515845659,0.896092767906,1.66823553155e-08,0.794344612911
two_wall,positive,0.0142515954686,0.02,2.81725158044,0.896759029921,1.41217270349e-08,0.796880654167
two_wall,positive,0.0142515954686,0.02,2.81934470429,0.897425291936,1.19477956309e-08,0.799402730373
two_wall,positive,0.0142515954686,0.02,2.82143782814,0.898091553951,1.01031905821e-08,0.801910797331
two_wall,positive,0.0142515954686,0.02,2.82353095199,0.898757815966,8.53888877882e-09,0.804404811087
two_wall,positive,0.0142515954686,0.02,2.82562407585,0.899424077981,7.21302582498e-09,0.806884727935
two_wall,positive,0.0142515954686,0.02,2.8277171997,0.900090339996,6.0898726044e-09,0.809350504415
two_wall,positive,0.0142515954686,0.02,2.82981032355,0.900756602011,5.13895474493e-09,0.811802097316
two_wall,positive,0.0142515954686,0.02,2.8319034474,0.901422864026,4.33429555329e-09,0.814239463673
two_wall,positive,0.0142515954686,0.02,2.83399657125,0.902089126041,3.65376555235e-09,0.816662560774
two_wall,positive,0.0142515954686,0.02,2.8360896951,0.902755388056,3.07852399286e-09,0.819071346154
two_wall,positive,0.0142515954686,0.02,2.83818281896,0.90342165007,2.59253965772e-09,0.8214657776
two_wall,positive,0.0142515954686,0.02,2.84027594281,0.904087912085,2.1821799781e-09,0.82384581315
two_wall,positive,0.0142515954686,0.02,2.84236906666,0.9047541741,1.8358589596e-09,0.826211411096
two_wall,positive,0.0142515954686,0.02,2.84446219051,0.905420436115,1.54373569943e-09,0.82856252998
two_wall,positive,0.0142515954686,0.02,2.84655531436,0.90608669813,1.29745639722e-09,0.830899128601
two_wall,positive,0.0142515954686,0.02,2.84864843821,0.906752960145,1.08993372747e-09,0.833221166011
two_wall,positive,0.0142515954686,0.02,2.85074156207,0.90741922216,9.15158287456e-10,0.835528601515
two_wall,positive,0.0142515954686,0.02,2.85283468592,0.908085484175,7.68037560113e-10,0.837821394679
two_wall,positive,0.0142515954686,0.02,2.85492780977,0.90875174619,6.44258466309e-10,0.84009950532
two_wall,positive,0.0142515954686,0.02,2.85702093362,0.909418008205,5.4017012459e-10,0.842362893517
two_wall,positive,0.0142515954686,0.02,2.85911405747,0.91008427022,4.52683911911e-10,0.844611519603
two_wall,positive,0.0142515954686,0.02,2.86120718132,0.910750532235,3.79188325162e-10,0.846845344173
two_wall,positive,0.0142515954686,0.02,2.86330030517,0.91141679425,3.17476497183e-10,0.84906432808
two_wall,positive,0.0142515954686,0.02,2.86539342903,0.912083056265,2.65684524573e-10,0.851268432437
two_wall,positive,0.0142515954686,0.02,2.86748655288,0.91274931828,2.22239027031e-10,0.853457618617
two_wall,positive,0.0142515954686,0.02,2.86957967673,0.913415580295,1.85812583429e-10,0.855631848255
two_wall,positive,0.0142515954686,0.02,2.87167280058,0.91408184231,1.55285885007e-10,0.85779108325
two_wall,positive,0.0142515954686,0.02,2.87376592443,0.914748104325,1.29715611977e-10,0.859935285762
two_wall,positive,0.0142515954686,0.02,2.87585904828,0.91541436634,1.08307185058e-10,0.862064418214
two_wall,positive,0.0142515954686,0.02,2.87795217214,0.916080628355,9.03916653303e-11,0.864178443293
two_wall,positive,0.0142515954686,0.02,2.88004529599,0.91674689037,7.54061827659e-11,0.866277323953
two_wall,positive,0.0142515954686,0.02,2.88213841984,0.917413152385,6.28773640961e-11,0.86836102341
two_wall,positive,0.0142515954686,0.02,2.88423154369,0.9180794144,5.2407308398e-11,0.87042950515
two_wall,positive,0.0142515954686,0.02,2.88632466754,0.918745676415,4.36617258087e-11,0.872482732922
two_wall,positive,0.0142515954686,0.02,2.88841779139,0.91941193843,3.6359911306e-11,0.874520670745
two_wall,positive,0.0142515954686,0.02,2.89051091525,0.920078200445,3.02662746723e-11,0.876543282904
two_wall,positive,0.0142515954686,0.02,2.8926040391,0.92074446246,2.51831889535e-11,0.878550533954
two_wall,positive,0.0142515954686,0.02,2.89469716295,0.921410724475,2.09449557379e-11,0.880542388718
two_wall,positive,0.0142515954686,0.02,2.8967902868,0.92207698649,1.74127155718e-11,0.882518812291
two_wall,positive,0.0142515954686,0.02,2.89888341065,0.922743248505,1.4470157978e-11,0.884479770035
two_wall,positive,0.0142515954686,0.02,2.9009765345,0.92340951052,1.20199073165e-11,0.886425227585
two_wall,positive,0.0142515954686,0.02,2.90306965836,0.924075772535,9.98047979926e-12,0.888355150849
two_wall,positive,0.0142515954686,0.02,2.90516278221,0.92474203455,8.28372269323e-12,0.890269506005
two_wall,positive,0.0142515954686,0.02,2.90725590606,0.925408296565,6.87266054043e-12,0.892168259505
two_wall,positive,0.0142515954686,0.02,2.90934902991,0.92607455858,5.69968459763e-12,0.894051378073
two_wall,positive,0.0142515954686,0.02,2.91144215376,0.926740820595,4.72503168069e-12,0.895918828709
two_wall,positive,0.0142515954686,0.02,2.91353527761,0.92740708261,3.9155067692e-12,0.897770578686
two_wall,positive,0.0142515954686,0.02,2.91562840147,0.928073344625,3.24341089541e-12,0.899606595553
two_wall,positive,0.0142515954686,0.02,2.91772152532,0.92873960664,2.68564179256e-12,0.901426847135
two_wall,positive,0.0142515954686,0.02,2.91981464917,0.929405868655,2.22293985166e-12,0.903231301532
two_wall,positive,0.0142515954686,0.02,2.92190777302,0.93007213067,1.83925622424e-12,0.905019927122
two_wall,positive,0.0142515954686,0.02,2.92400089687,0.930738392685,1.5212235632e-12,0.906792692559
two_wall,positive,0.0142515954686,0.02,2.92609402072,0.9314046547,1.25771294061e-12,0.908549566777
two_wall,positive,0.0142515954686,0.02,2.92818714458,0.932070916715,1.03946311161e-12,0.910290518987
two_wall,positive,0.0142515954686,0.02,2.93028026843,0.93273717873,8.58770447975e-13,0.91201551868
two_wall,positive,0.0142515954686,0.02,2.93237339228,0.933403440745,7.09229757339e-13,0.913724535625
two_wall,positive,0.0142515954686,0.02,2.93446651613,0.93406970276,5.85517725726e-13,0.915417539872
two_wall,positive,0.0142515954686,0.02,2.93655963998,0.934735964775,4.83212074548e-13,0.917094501753
two_wall,positive,0.0142515954686,0.02,2.93865276383,0.93540222679,3.98640604554e-13,0.918755391879
two_wall,positive,0.0142515954686,0.02,2.94074588769,0.936068488805,3.28755254985e-13,0.920400181144
two_wall,positive,0.0142515954686,0.02,2.94283901154,0.936734750819,2.71027077397e-13,0.922028840723
two_wall,positive,0.0142515954686,0.02,2.94493213539,0.937401012834,2.23358691748e-13,0.923641342075
two_wall,positive,0.0142515954686,0.02,2.94702525924,0.938067274849,1.84011354694e-13,0.92523765694
two_wall,positive,0.0142515954686,0.02,2.94911838309,0.938733536864,1.51544215714e-13,0.926817757345
two_wall,positive,0.0142515954686,0.02,2.95121150694,0.939399798879,1.24763765143e-13,0.928381615598
two_wall,positive,0.0142515954686,0.02,2.95330463079,0.940066060894,1.02681766538e-13,0.929929204294
two_wall,positive,0.0142515954686,0.02,2.95539775465,0.940732322909,8.44802772765e-14,0.931460496312
two_wall,positive,0.0142515954686,0.02,2.9574908785,0.941398584924,6.94825661791e-14,0.932975464815
two_wall,positive,0.0142515954686,0.02,2.95958400235,0.942064846939,5.7128953814e-14,0.934474083256
two_wall,positive,0.0142515954686,0.02,2.9616771262,0.942731108954,4.69567440362e-14,0.93595632537
two_wall,positive,0.0142515954686,0.02,2.96377025005,0.943397370969,3.85835634601e-14,0.937422165183
two_wall,positive,0.0142515954686,0.02,2.9658633739,0.944063632984,3.16935382998e-14,0.938871577006
two_wall,positive,0.0142515954686,0.02,2.96795649776,0.944729894999,2.60258257121e-14,0.940304535439
two_wall,positive,0.0142515954686,0.02,2.97004962161,0.945396157014,2.13651074293e-14,0.941721015369
two_wall,positive,0.0142515954686,0.02,2.97214274546,0.946062419029,1.75337079105e-14,0.943120991973
two_wall,positive,0.0142515954686,0.02,2.97423586931,0.946728681044,1.4385068777e-14,0.944504440718
two_wall,positive,0.0142515954686,0.02,2.97632899316,0.947394943059,1.17983411612e-14,0.945871337358
two_wall,positive,0.0142515954686,0.02,2.97842211701,0.948061205074,9.67391232072e-15,0.94722165794
two_wall,positive,0.0142515954686,0.02,2.98051524087,0.948727467089,7.92970211554e-15,0.948555378799
two_wall,positive,0.0142515954686,0.02,2.98260836472,0.949393729104,6.49810098457e-15,0.949872476562
two_wall,positive,0.0142515954686,0.02,2.98470148857,0.950059991119,5.32343830512e-15,0.951172928148
two_wall,positive,0.0142515954686,0.02,2.98679461242,0.950726253134,4.35988969072e-15,0.952456710767
two_wall,positive,0.0142515954686,0.02,2.98888773627,0.951392515149,3.56974831817e-15,0.953723801921
two_wall,positive,0.0142515954686,0.02,2.99098086012,0.952058777164,2.92199734332e-15,0.954974179405
two_wall,positive,0.0142515954686,0.02,2.99307398398,0.952725039179,2.3911313688e-15,0.956207821306
two_wall,positive,0.0142515954686,0.02,2.99516710783,0.953391301194,1.95618427677e-15,0.957424706005
two_wall,positive,0.0142515954686,0.02,2.99726023168,0.954057563209,1.59992649876e-15,0.958624812177
two_wall,positive,0.0142515954686,0.02,2.99935335553,0.954723825224,1.30820414294e-15,0.95980811879
two_wall,positive,0.0142515954686,0.02,3.00144647938,0.955390087239,1.06939330711e-15,0.960974605107
two_wall,positive,0.0142515954686,0.02,3.00353960323,0.956056349254,8.73951043496e-16,0.962124250686
two_wall,positive,0.0142515954686,0.02,3.00563272709,0.956722611269,7.14045094178e-16,0.963257035379
two_wall,positive,0.0142515954686,0.02,3.00772585094,0.957388873284,5.83249333923e-16,0.964372939336
two_wall,positive,0.0142515954686,0.02,3.00981897479,0.958055135299,4.76292909381e-16,0.965471943001
two_wall,positive,0.0142515954686,0.02,3.01191209864,0.958721397314,3.88853849963e-16,0.966554027112
two_wall,positive,0.0142515954686,0.02,3.01400522249,0.959387659329,3.17389265172e-16,0.967619172709
two_wall,positive,0.0142515954686,0.02,3.01609834634,0.960053921344,2.58995794919e-16,0.968667361124
two_wall,positive,0.0142515954686,0.02,3.0181914702,0.960720183359,2.11294829849e-16,0.969698573987
two_wall,positive,0.0142515954686,0.02,3.02028459405,0.961386445374,1.72338311011e-16,0.970712793229
two_wall,positive,0.0142515954686,0.02,3.0223777179,0.962052707389,1.40531134605e-16,0.971710001074
two_wall,positive,0.0142515954686,0.02,3.02447084175,0.962718969404,1.14567659138e-16,0.972690180046
two_wall,positive,0.0142515954686,0.02,3.0265639656,0.963385231419,9.33794299886e-17,0.97365331297
two_wall,positive,0.0142515954686,0.02,3.02865708945,0.964051493434,7.60923483005e-17,0.974599382965
two_wall,positive,0.0142515954686,0.02,3.03075021331,0.964717755449,6.19915004603e-17,0.975528373453
two_wall,positive,0.0142515954686,0.02,3.03284333716,0.965384017464,5.04923562864e-17,0.976440268154
two_wall,positive,0.0142515954686,0.02,3.03493646101,0.966050279479,4.11170659453e-17,0.977335051086
two_wall,positive,0.0142515954686,0.02,3.03702958486,0.966716541494,3.34751254317e-17,0.978212706569
two_wall,positive,0.0142515954686,0.02,3.03912270871,0.967382803509,2.72474987507e-17,0.979073219222
two_wall,positive,0.0142515954686,0.02,3.04121583256,0.968049065524,2.21735794547e-17,0.979916573966
two_wall,positive,0.0142515954686,0.02,3.04330895641,0.968715327539,1.80405784523e-17,0.98074275602
two_wall,positive,0.0142515954686,0.02,3.04540208027,0.969381589554,1.46747495251e-17,0.981551750906
two_wall,positive,0.0142515954686,0.02,3.04749520412,0.970047851569,1.19342996389e-17,0.982343544447
two_wall,positive,0.0142515954686,0.02,3.04958832797,0.970714113583,9.70351865215e-18,0.983118122767
two_wall,positive,0.0142515954686,0.02,3.05168145182,0.971380375598,7.88801554194e-18,0.983875472292
two_wall,positive,0.0142515954686,0.02,3.05377457567,0.972046637613,6.41080115716e-18,0.984615579748
two_wall,positive,0.0142515954686,0.02,3.05586769952,0.972712899628,5.20910321443e-18,0.985338432168
two_wall,positive,0.0142515954686,0.02,3.05796082338,0.973379161643,4.231739099e-18,0.986044016881
two_wall,positive,0.0142515954686,0.02,3.06005394723,0.974045423658,3.43700249864e-18,0.986732321524
two_wall,positive,0.0142515954686,0.02,3.06214707108,0.974711685673,2.79090426888e-18,0.987403334034
two_wall,positive,0.0142515954686,0.02,3.06424019493,0.975377947688,2.26575680299e-18,0.988057042652
two_wall,positive,0.0142515954686,0.02,3.06633331878,0.976044209703,1.83900819843e-18,0.988693435922
two_wall,positive,0.0142515954686,0.02,3.06842644263,0.976710471718,1.49229292139e-18,0.989312502691
two_wall,positive,0.0142515954686,0.02,3.07051956649,0.977376733733,1.21066396787e-18,0.989914232111
two_wall,positive,0.0142515954686,0.02,3.07261269034,0.978042995748,9.81951285382e-19,0.990498613636
two_wall,positive,0.0142515954686,0.02,3.07470581419,0.978709257763,7.9625042745e-19,0.991065637025
two_wall,positive,0.0142515954686,0.02,3.07679893804,0.979375519778,6.45506534995e-19,0.991615292341
two_wall,positive,0.0142515954686,0.02,3.07889206189,0.980041781793,5.23166150046e-19,0.992147569952
two_wall,positive,0.0142515954686,0.02,3.08098518574,0.980708043808,4.23898820979e-19,0.99266246053
two_wall,positive,0.0142515954686,0.02,3.0830783096,0.981374305823,3.43370836499e-19,0.993159955051
two_wall,positive,0.0142515954686,0.02,3.08517143345,0.982040567838,2.78060562231e-19,0.993640044797
two_wall,positive,0.0142515954686,0.02,3.0872645573,0.982706829853,2.2510425961e-19,0.994102721355
two_wall,positive,0.0142515954686,0.02,3.08935768115,0.983373091868,1.82175082534e-19,0.994547976617
two_wall,positive,0.0142515954686,0.02,3.091450805,0.984039353883,1.47383336008e-19,0.994975802779
two_wall,positive,0.0142515954686,0.02,3.09354392885,0.984705615898,1.1919366614e-19,0.995386192344
two_wall,positive,0.0142515954686,0.02,3.09563705271,0.985371877913,9.63592826536e-20,0.995779138121
two_wall,positive,0.0142515954686,0.02,3.09773017656,0.986038139928,7.78673632437e-20,0.996154633222
two_wall,positive,0.0142515954686,0.02,3.09982330041,0.986704401943,6.28967247456e-20,0.996512671067
two_wall,positive,0.0142515954686,0.02,3.10191642426,0.987370663958,5.07802744106e-20,0.996853245383
two_wall,positive,0.0142515954686,0.02,3.10400954811,0.988036925973,4.09766060245e-20,0.9971763502
two_wall,positive,0.0142515954686,0.02,3.10610267196,0.988703187988,3.30467661777e-20,0.997481979856
two_wall,positive,0.0142515954686,0.02,3.10819579582,0.989369450003,2.66343287401e-20,0.997770128996
two_wall,positive,0.0142515954686,0.02,3.11028891967,0.990035712018,2.14504520606e-20,0.998040792568
two_wall,positive,0.0142515954686,0.02,3.11238204352,0.990701974033,1.72606996454e-20,0.998293965831
two_wall,positive,0.0142515954686,0.02,3.11447516737,0.991368236048,1.38750649261e-20,0.998529644348
two_wall,positive,0.0142515954686,0.02,3.11656829122,0.992034498063,1.11392210299e-20,0.998747823988
two_wall,positive,0.0142515954686,0.02,3.11866141507,0.992700760078,8.92795383275e-21,0.998948500927
two_wall,positive,0.0142515954686,0.02,3.12075453893,0.993367022093,7.13982862682e-21,0.999131671649
two_wall,positive,0.0142515954686,0.02,3.12284766278,0.994033284108,5.69199818971e-21,0.999297332944
two_wall,positive,0.0142515954686,0.02,3.12494078663,0.994699546123,4.51732188506e-21,0.999445481909
two_wall,positive,0.0142515954686,0.02,3.12703391048,0.995365808138,3.56077001635e-21,0.999576115948
two_wall,positive,0.0142515954686,0.02,3.12912703433,0.996032070153,2.77730010703e-21,0.99968923277
two_wall,positive,0.0142515954686,0.02,3.13122015818,0.996698332168,2.12965672442e-21,0.999784830395
two_wall,positive,0.0142515954686,0.02,3.13331328203,0.997364594183,1.5867717952e-21,0.999862907146
two_wall,positive,0.0142515954686,0.02,3.13540640589,0.998030856198,1.12232891916e-21,0.999923461655
two_wall,positive,0.0142515954686,0.02,3.13749952974,0.998697118213,7.13602943509e-22,0.999966492861
two_wall,positive,0.0142515954686,0.02,3.13959265359,0.999363380228,3.40442717513e-22,0.999992000011
